utcTimeMillis,mean_accel_e,mean_accel_n,mean_accel_u
1593045251447,-0.5748655001864407,-0.5786575246101696,9.791247788135594
1593045252447,-0.5063293230730769,-0.5555144824038462,9.80871497596154
1593045253447,-0.5277094246153846,-0.5651490475000001,9.810020615384616
1593045254447,-0.5274793467307692,-0.549106779423077,9.813017418269231
1593045255447,-0.9921413435576922,0.5359922743240384,9.875990067307693
1593045256447,-0.4635809023714286,0.3690530142190476,9.791931657142857
1593045257447,0.9439167680769229,0.14346006946442308,9.916006591346154
1593045258447,1.4144195245145632,0.2571529346058252,9.883455184466019
1593045259447,1.2230457217428572,0.917157528952381,9.918631557142856
1593045260447,-0.8454774260769231,1.330984589903846,9.887971447115385
1593045261447,-2.172579432692308,0.5629920490626923,9.833339134615384
1593045262447,-2.6817674611538465,0.23139055201346156,9.84980121153846
1593045263447,-1.8656423988461535,0.40600908571153843,9.87215360576923
1593045264447,-1.2021747877692308,0.6052920997692308,9.78261825
1593045265447,-0.6328225826905658,0.2645762059056604,10.005531481132072
1593045266447,-0.27562325821153855,0.5139506938846153,9.847834101923077
1593045267447,-0.6081105653269231,0.3911804834942307,9.755066230769232
1593045268447,-0.38136760928846153,-0.4619528188384615,9.707485923076923
1593045269447,-0.553777385576923,-0.7789443036538463,9.768249817307693
1593045270447,-0.5882662440384615,-0.020764638846153854,9.781260878846153
1593045271447,-0.41184159413461546,-0.31111296117307696,9.88500336153846
1593045272447,-0.5461502682692306,-0.27901692936538464,9.822640559615385
1593045273447,-0.19357705550000004,0.03414373641153846,9.527391484615384
1593045274447,-0.3984049681857693,-0.15808734642307695,9.857819574999999
1593045275447,-0.4904596124999999,-0.3392286307096154,9.809721559615385
1593045276447,-0.48227793143396214,-0.6844714295471698,9.938035732075472
1593045277447,-0.3996934075576922,-0.8666964661538461,9.976241317307693
1593045278447,-0.5091995615961539,-0.7539576954807692,9.853459605769233
1593045279447,-0.4375184153846154,-0.8447814371346156,9.800414807692308
1593045280447,-0.5996436475,-0.9114008342884617,9.756918413461538
1593045281447,-1.207604663596154,-0.9280010430769229,9.800437778846154
1593045282447,-2.147063653846154,-0.7261066478846154,9.683201034615385
1593045283447,-2.041204265665385,-0.7402449944942309,9.78696676923077
1593045284447,-1.6183073725,-0.8420089826923076,9.680290548076924
1593045285447,-0.6818739282115385,-1.0801868713461535,9.883577000000002
1593045286447,-0.3998429664423077,-1.5943331188461538,9.706209028846153
1593045287447,0.7626546908653846,-1.482583699807692,9.649574971153847
1593045288447,1.0706075318867925,-1.7537132554716979,9.81496358490566
1593045289447,0.7973391161346155,-2.2972707673076926,9.716263394230769
1593045290447,0.2700093314423077,-2.9911088423076917,9.657984375
1593045291447,-0.05324030571153842,-3.296941476923077,9.658939125000002
1593045292447,0.02313444457692308,-2.321210540769231,9.645076874999999
1593045293447,-1.0553958434615387,-1.1182879667307692,9.708751326923077
1593045294447,-2.4948282173076923,-0.5240166583653847,9.828104873076922
1593045295447,-2.608694361846154,-0.3425302548653846,9.902040759615385
1593045296447,-3.15260135,0.1263709512807692,9.50999753076923
1593045297447,-3.0091585180192313,0.6814252744038463,9.716412971153845
1593045298447,-2.479274874230769,0.7430634577796155,9.803566980769231
1593045299447,-1.3817055271153846,0.8944324971153846,9.862432567307694
1593045300447,-1.226152295471698,0.6207456035471696,9.706564075471698
1593045301447,-1.107819362173077,0.03788252914230769,10.02089964423077
1593045302447,-1.0983631050384615,-0.17532027279615386,9.789152490384614
1593045303447,-0.4996282681346154,-0.02856431807692309,9.833603673076922
1593045304447,-0.17229473147500002,0.32253638873076934,9.861903384615383
1593045305447,-0.21213293339038466,0.26523518762307696,9.86044251923077
1593045306447,-0.06281159490384615,0.0075926116999999885,9.982948086538462
1593045307447,-0.15554497066538456,-0.1382085230846154,9.788726884615384
1593045308447,-0.224787275673077,-0.25485861851923075,9.804958951923078
1593045309447,-0.3421506279230769,-0.21946094973076924,9.850364975000002
1593045310447,-0.3244460408461538,-0.1501841257884616,9.793224807692308
1593045311447,-0.2530071441132075,-0.4004704726037735,9.900653650943395
1593045312447,-0.2926030985884615,-1.0116693085192308,9.785873798076922
1593045313447,-0.3687017618596154,-2.0229589876923075,9.843106009615383
1593045314447,-0.4902410406730769,-3.0290028596153844,9.485310086538462
1593045315447,-0.29330483551923076,-3.2412968519230767,9.653417298076922
1593045316447,-0.20953304030769232,-3.390031473076923,9.639934663461538
1593045317447,-0.33620308898076917,-3.2403074865384616,9.630708490384617
1593045318447,-0.3756846589423076,-2.446925738461539,9.633975653846154
1593045319447,-0.2797301677307692,-2.808161444230769,9.647481201923075
1593045320447,-0.2912390382271845,-2.433506432038835,9.712385781553397
1593045321447,-0.38678597625961536,-1.6283388115384616,9.752265120192307
1593045322447,-0.4008840712980769,-1.4185584490384615,9.75856351923077
1593045323447,-0.5012051862857143,-0.5963597740380953,9.810475980952381
1593045324447,-0.5180173403846153,-0.5335706896153846,9.813264745192308
1593045325447,-0.5101601406730769,-0.5340481017307692,9.813897447115384
1593045326447,-0.5136803533653846,-0.5397310564423077,9.811303355769232
1593045327447,-0.5146236774038461,-0.5368263099038462,9.81454751923077
1593045328447,-0.5633544277884616,-0.14633605993942306,9.827535451923078
1593045329447,-0.48777120085714293,-0.7843102915238096,9.804095147619048
1593045330447,-0.5183797196153846,-0.5641942185576924,9.809888379807692
1593045331447,-0.5294177633653846,-0.4770229989423077,9.815835971153847
1593045332447,-0.5204561811538462,-0.5010432565048077,9.812338682692307
1593045333447,-0.5889334736538461,0.027068805772115387,9.846499721153846
1593045334447,-0.7408121927619047,0.7307965254504764,9.87169800952381
1593045335447,-0.7726918965384615,1.4283828348076923,9.866338206730772
1593045336447,-0.7508584466116507,1.494567480194175,9.973098927184466
1593045337447,-0.7356779169961539,2.2518761865384618,9.816716009615384
1593045338447,-0.6834269546923076,1.5163478129153847,9.879263015384616
1593045339447,-0.9415642225576923,0.8966642631346153,9.848133232692309
1593045340447,-0.870795554735849,0.49977260777358484,9.952550756603772
1593045341447,-0.923180893546154,0.1278549561269231,9.822606048076922
1593045342447,-0.8885884983076924,-0.17532027093730768,9.789911663461538
1593045343447,-0.8566765113076922,-0.7609290976346154,9.809928528846154
1593045344447,-0.49754605167307697,-1.1218656945,9.787070326923075
1593045345447,-0.3277016641923077,-1.2434855094230768,9.686030980769232
1593045346447,-0.2780160740769231,-1.7272152993076921,9.76721439423077
1593045347447,-0.14161368957692308,-2.358287773076923,9.71268558653846
1593045348447,1.0102658123076922,-2.0433785175,9.73746514423077
1593045349447,1.8180735276288462,-1.2833006986538464,9.81777426923077
1593045350447,3.436818073076923,-0.6220878736538461,9.951208846153845
1593045351447,3.4222195538461544,-0.015760418738461537,9.888627201923075
1593045352447,1.5587772232075472,0.9186632981132077,10.000158924528302
1593045353447,-0.5272952891269231,1.2789867109615385,9.948447663461538
1593045354447,-0.772364038423077,1.239815738076923,9.919296721153845
1593045355447,-0.6229046504230771,1.1928911103846151,9.856876307692309
1593045356447,-0.6689894951153847,1.0224140025769233,9.908575038461539
1593045357447,-0.6596252718269232,0.4580644846846153,9.864790932692308
1593045358447,-0.4442021964807692,0.2676970291923077,9.80364746153846
1593045359447,-0.7167884195192309,-0.08064272645499998,9.892377403846154
1593045360447,-0.6827597256346155,-0.4279816381673077,9.753041548076922
1593045361447,-0.7846732609615383,-0.23047023201923078,9.838297375
1593045362447,-0.5032405094038462,-0.5352445224038462,9.762037673076925
1593045363447,-0.5600897992452829,-0.9707862188377359,9.80224308490566
1593045364447,-0.44855071292307697,-0.9149095346153847,9.59370028846154
1593045365447,0.18967721235269236,-0.9407244230192305,9.887212182692307
1593045366447,0.033039363403846174,-1.0161443425,9.757608523076922
1593045367447,-0.4868588806923077,-0.9766627694230767,9.740318125
1593045368447,-0.5664662532115384,-0.983335063846154,9.754675125
1593045369447,-0.5333693736730769,-0.9926877884615385,9.756745846153846
1593045370447,-0.3910884568076924,-0.9785149076923078,9.84745451923077
1593045371447,-0.28935897800000004,-0.9375493228846156,9.768410836538463
1593045372447,-0.7154194620192307,-1.0003724253846156,9.80195639423077
1593045373447,-0.5365674715769232,-0.8940413707692308,9.742745451923076
1593045374447,-0.2949614041115385,-0.6396659137115382,9.817302759615385
1593045375447,-0.11404283000377362,-0.8633123533962264,9.825685981132075
1593045376447,0.13502192100000002,-0.8969173680192306,9.840517557692309
1593045377447,-0.20792249057692302,-0.9431287435769232,9.84516514423077
1593045378447,0.04411767167307691,-0.9245958753846154,9.837135509615383
1593045379447,0.016278100417307647,-0.8942599440384615,9.81317275
1593045380447,-0.33551284351923083,-0.299597498,9.844313971153845
1593045381447,-0.29490388707692305,-0.10506562065384618,9.856416048076921
1593045382447,-0.21360543930769227,0.2133178363269231,9.970017557692305
1593045383447,-0.06641233115384614,0.07659333249807693,9.901016971153846
1593045384447,-0.3079033535769231,0.15314064615384615,9.84112735576923
1593045385447,-0.14834350188461537,0.1848225371384615,9.863951153846152
1593045386447,-0.04873075984615387,-0.07252093075,9.839493749999999
1593045387447,-0.3298414007692308,-0.34721237259615384,9.840034480769232
1593045388447,-0.3388835124442308,-0.3624781165730769,10.012720423076924
1593045389447,-0.19399922611320758,-0.39368704479245276,10.000711971698115
1593045390447,-0.2611052658615385,-0.4936692258846155,10.118464644230768
1593045391447,-0.3265742763461538,-0.6971051633846153,9.831579076923077
1593045392447,0.2303551872884616,-0.3236982852038462,9.840253048076924
1593045393447,0.03127925171153846,-0.3320961723653847,9.639370942307693
1593045394447,-0.2819734375961539,-0.5365329576923078,9.554621480769232
1593045395447,-0.3580721090576923,-0.5624513677757693,9.826793384615385
1593045396447,-0.4317434294403846,-0.5087163901923076,9.599843351923077
1593045397447,-0.435769816648077,-0.26754748026153846,9.729734509615385
1593045398447,-0.46290764689230757,-0.46495535221153844,9.642246980769231
1593045399447,-0.4656225800576924,-0.4857660010961539,9.627349336538462
1593045400447,-0.3630993360769231,-0.45372749136538465,9.75550339423077
1593045401447,-0.38499612721132076,-0.4949869700566037,9.66281608490566
1593045402447,-0.4212058113461538,-0.5682148564365386,9.807604798076921
1593045403447,-0.1970627439038462,-0.8200249210576923,9.933860721153849
1593045404447,-0.49874246442307685,-1.01395859725,10.177537490384616
1593045405447,-0.42352961040384607,-0.9617996577884615,9.897266624999999
1593045406447,-0.4291090268269231,-1.2361229780769232,9.819315817307691
1593045407447,-0.36719474730769236,-1.569300521346154,9.797803538461539
1593045408447,-0.8079457626153848,-1.8355135365384616,9.671674182692307
1593045409447,-1.5474429992242307,-2.273572648076923,9.636092403846154
1593045410447,-1.6830401295192308,-2.3650175884615385,9.654176576923076
1593045411447,-1.0362877816153846,-2.4313724000000003,9.667038
1593045412447,-1.0808656042307692,-2.095065775,9.723441836538461
1593045413447,-1.6531018416981131,-1.1906211466037737,9.789906547169812
1593045414447,-1.1144916576692308,-1.3746535930769228,9.739673932692307
1593045415447,0.30271506992307695,-1.7461393057692307,9.772977990384614
1593045416447,2.2494373461538464,-1.257531831967308,9.890226240384616
1593045417447,2.746994903461539,-0.6410118749165383,9.925876951923076
1593045418447,2.5465269873076926,-0.05207840403846156,9.809157836538462
1593045419447,0.7343779845192309,0.6174402690384615,9.894735817307692
1593045420447,-0.7281888457307694,0.5797188076730769,9.840379673076923
1593045421447,-1.0882741423911537,0.9097902825,9.87820448076923
1593045422447,-1.434152058653846,0.5378904190769231,9.841368942307692
1593045423447,-1.3281661126923072,0.13489537730769233,9.81632482692308
1593045424447,-1.8563450377358488,-0.0646852206490566,9.717286481132076
1593045425447,-1.6627241482692308,-0.32193818769230764,9.703988740384615
1593045426447,-1.6850878207692308,-0.8077847195961539,9.797515923076924
1593045427447,-1.7790406307692306,-0.6447046477500001,9.730608807692308
1593045428447,-1.9674408834615384,-0.6863489700192307,9.642281471153847
1593045429447,-1.512033843480769,-1.0006485246153847,9.836537273076924
1593045430447,-1.0621486661538462,-0.9864756406346153,9.823031615384615
1593045431447,-0.7119797754615385,-0.9375493232692307,9.69728189423077
1593045432447,-0.4314903439038462,-0.47081086734038463,9.909587432692309
1593045433447,-0.366343439126923,0.058566633750000006,9.79629635576923
1593045434447,0.06535396544230769,0.06599818684615386,9.846338557692308
1593045435447,0.04546363382692305,-0.2372575655576923,9.782284615384615
1593045436447,0.16331014371153843,-0.7426263115250001,9.843428092307693
1593045437447,0.22139361557692305,-0.6864755022615385,9.904341596153845
1593045438447,0.10746995793846155,-0.745789896996154,9.832292384615387
1593045439447,0.07354543320754718,-0.6502156993018867,9.913565688679247
1593045440447,0.16703742271153846,-0.4820732290442308,9.843957269230769
1593045441447,0.10121179895000001,-0.27184996115384613,9.779201451923079
1593045442447,0.3506750614423076,-0.46257403133346153,9.718081105769231
1593045443447,-0.016174554153846138,-0.8307926192307693,9.876904673076922
1593045444447,-0.12324185634615384,-0.9882127423076923,9.715020896153847
1593045445447,0.2590345555769231,-0.7847422928461539,9.871831375
1593045446447,-0.12750983239615382,-0.8701821694576921,9.923990375
1593045447447,-0.3878443422884615,-1.3990074746153847,9.802784711538461
1593045448447,-0.06522742746153844,-0.9917214603846154,9.752995471153847
1593045449447,-0.165564922075,-0.3497087273769231,9.86464145192308
1593045450447,0.007224483192307703,0.1317317875307692,9.898278923076923
1593045451447,0.23981274849056605,0.007528359830188677,9.80422959433962
1593045452447,-0.11402720596153845,-0.07225634034615386,9.795847730769232
1593045453447,-0.34054008051923074,-0.3880974269730769,9.860948778846154
1593045454447,-0.26271581746153844,-0.5692847188269231,9.837227375
1593045455447,0.10851680680653844,-0.3659638169153846,9.925485865384616
1593045456447,0.7627122155192307,-0.815032203076923,9.868564355769232
1593045457447,0.3316705201346154,-1.4660755134615384,9.791913442307692
1593045458447,-0.20641546596153848,-1.112328920576923,9.76908953846154
1593045459447,-0.6183260761538463,-1.4158377532692308,9.713295403846153
1593045460447,-1.0979374664423078,-1.4699063388461535,9.710937144230769
1593045461447,-1.0747800021153846,-0.6303937300769231,9.729527471153846
1593045462447,-1.3855571688301889,0.02278824756603772,9.816961164150943
1593045463447,-1.521547594807692,-0.17586096130769235,9.812379009615382
1593045464447,-1.7240172074999998,-0.5113162885961539,9.734934451923078
1593045465447,-1.8290138036461536,-0.6908009916153846,9.71778189423077
1593045466447,-1.439351842769231,-1.0350798536538461,9.807489826923076
1593045467447,-1.1522591369230768,-0.9974274156730767,9.747634634615386
1593045468447,-1.6280397153846153,-0.6053611175961539,9.665519413461537
1593045469447,-1.5797461219230773,-0.7860997557692306,9.699801221153846
1593045470447,-1.5126780615384614,-0.7071251101153847,9.715941182692308
1593045471447,-1.6660027592307691,-0.50409180525,9.710833582692308
1593045472447,-1.3422354476923077,-0.9346503350961538,9.840356615384614
1593045473447,-1.5922739009615383,-0.9187633534615384,9.625175153846154
1593045474447,-1.5620842835867923,-0.8189886991320755,9.791148028301887
1593045475447,-1.4946053396153849,-1.1054610513461538,9.728227480769231
1593045476447,-1.4808006011538462,-1.0855937248076923,9.669177711538463
1593045477447,-1.4284230855769229,-1.6416834073076925,9.632871251923076
1593045478447,-0.611998896326923,-2.541798876923077,9.797182230769232
1593045479447,-0.525489156876923,-1.5887421911923079,9.30093611153846
1593045480447,-0.20218201400000002,-2.1364224750000003,10.131809240384616
1593045481447,-0.6129882457615385,-0.8270423312749998,9.677575613461537
1593045482447,-0.5285492055769231,-0.7492065729038462,9.87876827884615
1593045483447,-0.6757538199115385,-0.5102464238846154,9.753789298076923
1593045484447,-0.5857008640384616,-0.16016956592307693,9.847834134615384
1593045485447,-0.3793429171153846,-0.03867629639807694,9.93545975
1593045486447,-0.01602738940943398,-0.05811624657849057,9.751305301886791
1593045487447,-0.7996053961923076,0.09947470091653843,9.868011971153845
1593045488447,-0.7664855173269232,0.2399725030961539,9.889006696153846
1593045489447,-0.8983668523519228,-0.09212367298846155,9.788933865384617
1593045490447,-0.7401414617307691,-0.4409350923653847,9.762026125
1593045491447,-0.6897771433846155,-1.1717238448076925,9.76263575
1593045492447,-0.7213209880192307,-1.7284462384615382,9.71299625
1593045493447,-0.5758649862826922,-2.1500661923076922,9.684270836538461
1593045494447,-0.5817319917115384,-2.0113399903846156,9.727468346153847
1593045495447,-0.434814985225,-2.4743971807692304,9.70417275
1593045496447,-0.26269280640384607,-3.202091398076923,9.608459846153846
1593045497447,-0.5351152852912621,-1.6264863446601943,9.695897378640776
1593045498447,-0.5544511901780952,-0.7198465112190475,9.792199404761906
1593045499447,-0.166490988825,-0.24796775105769228,9.844101091346154
1593045500447,0.6243771573076924,0.20145725974903844,9.897893576923078
1593045501447,1.5951959261538464,0.4131990562499999,10.007273153846153
1593045502447,1.6542342098076923,0.4700055857115385,9.987791298076921
1593045503447,1.1199215205192306,1.189106303276923,10.065603980769229
1593045504447,-0.8129960125730769,0.7549470463461538,9.873453423076922
1593045505447,-1.092783698775,1.0280049246153846,9.873257865384614
1593045506447,-0.7768505864884615,0.8345544211538461,9.881782326923076
1593045507447,-0.6260107356730769,0.7041340787307692,9.830026105769232
1593045508447,-0.6587739909615385,0.6050735228076921,9.871348153846155
1593045509447,-0.6899612102538462,0.30033375121538464,9.838746096153846
1593045510447,-0.4691312817307693,-0.06430710946923077,9.889110326923078
1593045511447,-0.42791260994230773,-0.782452999281923,9.698052592307691
1593045512447,-0.4782539124230769,-0.39322819330769226,9.903352250000001
1593045513447,-0.6180614827500001,-0.23937429961538464,9.819350375
1593045514447,-0.7322612474423077,-0.42427736681346145,9.797780461538462
1593045515447,-0.5145358754547169,-0.6604529107358492,9.788224754716982
1593045516447,-0.774043613,-1.1215780996153846,9.798712326923079
1593045517447,-0.4917825783269232,-1.7150786453846152,9.689447759615383
1593045518447,-0.3282883606269232,-1.781721056346154,9.688044153846153
1593045519447,-0.11891638211538455,-1.5060287732692308,9.808202990384617
1593045520447,0.5222910580769231,-1.0238749974999999,9.817509634615384
1593045521447,1.3786684754615388,-1.1080609428846153,10.079949548076922
1593045522447,1.3371276912499999,-1.0912076663461538,10.04886583653846
1593045523447,1.1324838440384615,-0.5855973230769231,9.81109056730769
1593045524447,-0.08959280923846152,0.009686331417307696,9.901845125000001
1593045525447,-0.32384783771153847,-0.30846705080769227,9.803497884615386
1593045526447,-0.09062815801730768,-1.3649557690384617,9.759046567307692
1593045527447,-1.6065095080377356,-2.192683345283019,9.701484896226416
1593045528447,-3.0357441749999996,-1.919595942307692,9.628660798076922
1593045529447,-3.0728214230769235,-1.933791826923077,9.649897096153845
1593045530447,-2.782726196153846,-2.5604122519230765,9.500276730769231
1593045531447,-0.6007825476538462,-1.2600627076153847,9.750648826923076
1593045532447,-0.31232087269230774,-0.7130841603211537,9.718633192307692
1593045533447,1.6404409751923077,-0.40288001169230764,9.983695894230769
1593045534447,1.830819925076923,-0.41681129696153846,10.081364413461538
1593045535447,0.6037620632692309,0.0763057351423077,9.952462625
1593045536447,-0.12631341711538457,0.5679387494942307,9.805108461538461
1593045537447,-0.45090901644230763,0.5898768011192309,9.971133528846154
1593045538447,-0.5215337547169812,0.38252430079245286,9.788190911320754
1593045539447,-0.6111361028961539,0.2100277077884615,9.880746990384615
1593045540447,0.010123470030769209,-0.5522128466673076,9.866573999999998
1593045541447,-0.48049719474999997,-0.8395586457692308,9.799494509615384
1593045542447,-0.6225825463846154,-0.19519910603846155,9.880240798076924
1593045543447,-0.40858597049230766,-0.45648844167307695,9.853424990384617
1593045544447,-0.24952078496153846,-1.1116961926923077,9.772069115384616
1593045545447,-0.22001314218461537,-1.6463540051923076,9.710097269230769
1593045546447,1.7020906690384616,-1.8407593365384618,9.828772240384616
1593045547447,3.063986382115384,-0.8758766197115384,9.94745841346154
1593045548447,3.3762267302884625,-0.18514464000000003,9.784378323076924
1593045549447,2.6530535907692303,0.5162284825,9.933826288461537
1593045550447,1.0933819013461539,1.0306278205769228,9.835858576923076
1593045551447,-0.38840803107692307,0.7577540178846155,9.838400951923077
1593045552447,-0.5630380718076923,0.5296190810192308,9.937990673076921
1593045553447,-0.6288044511886792,0.2292143508226415,9.854783650943398
1593045554447,-0.5502341700961538,-0.06620526344807692,9.831187923076921
1593045555447,-0.2597478021019231,-0.6828287703269229,9.797561894230768
1593045556447,-0.15469368490384616,-0.8639930388461537,9.820949384615385
1593045557447,-0.060499300153846164,-0.47775925135769237,9.967118634615385
1593045558447,-0.05410309990384613,-0.3885460769230769,9.501714623076923
1593045559447,-0.10170646213461537,-0.49339313530769235,10.088151826923077
1593045560447,-0.03944706040384611,-0.8418479290384616,9.806224375
1593045561447,-0.0834036737942308,-0.8421470285961539,9.73610775
1593045562447,-0.43568928771153864,-1.5986816223076927,9.701043740384616
1593045563447,-0.7344124939038461,-2.391902317307693,9.723798482692308
1593045564447,-1.6679124243653847,-2.8132347019230766,9.591917153846156
1593045565447,-2.768334736538461,-2.155001373076923,9.530359480769231
1593045566447,-3.0639403615384615,-2.107892692307692,9.499068730769231
1593045567447,-3.0762669679245285,-1.776772389622642,9.54651587735849
1593045568447,-3.6319711442307696,-2.8296048057692307,9.51461053846154
1593045569447,-3.1750110461538466,-2.685862892307692,9.431770576923077
1593045570447,-2.4110175675247527,-2.413736144554455,9.511547024752476
1593045571447,-1.0655595833653846,-1.3134928153846155,9.75996691826923
1593045572447,-0.6496570944836539,-0.3888049158711538,10.10965269230769
1593045573447,-0.41867493832692304,0.39474670835923076,9.617432951923076
1593045574447,-0.5949788064673077,1.812683938076923,9.928315865384613
1593045575447,-0.6075443136851851,1.6506488174074074,9.912722064814817
1593045576447,-0.46069888532692305,0.6150014382692307,9.849179990384615
1593045577447,-0.5459086869038461,-0.31048024350000003,9.858406317307693
1593045578447,-1.532982525,-1.754019515,9.63811710576923
1593045579447,-2.8243130000000005,-2.5540045653846155,9.491223067307693
1593045580447,-2.4328448984865387,-2.881499151923077,9.494444163461539
1593045581447,-1.301568928846154,-2.3532835488461536,9.496790974999998
1593045582447,-0.7037221768281555,-3.116256545631068,9.524502762135922
1593045583447,0.49760932232692306,-0.9176934970423076,10.067151346153848
1593045584447,1.2935219617557694,0.9726709035673077,9.91147985096154
1593045585447,2.1091638759615385,1.807110264423077,9.883105211538462
1593045586447,0.7541711764259259,2.4700465629629633,9.99104260185185
1593045587447,0.0009203138807692413,2.1794127634615386,9.975815563461538
1593045588447,-1.3594223620192314,1.5324763557692305,9.8241015
1593045589447,-1.2758691434615388,1.1037929759615386,9.961010057692308
1593045590447,-0.9019790974288463,0.019292135257692293,9.797274240384615
1593045591447,-0.033672075900000015,-0.9956443023076923,9.746760375000001
1593045592447,-0.07938879719230765,-2.1210302115384616,9.780535980769232
1593045593447,0.010519391584905662,-2.535218162264151,9.699848405660376
1593045594447,-0.495762944955,-2.518710434615385,9.683316125000001
1593045595447,-0.1383120498076923,-2.9623719423076924,9.663690336538462
1593045596447,0.06504336194230771,-3.570505530769231,9.616271038461537
1593045597447,-0.33217670406346156,-2.642803599807692,9.702228615384616
1593045598447,-1.666426731067961,-0.37404115436310686,9.710556271844661
1593045599447,-3.065843881904762,1.3968671854514287,9.869817957142857
1593045600447,-3.7272275860377357,0.8319573436792452,9.556301490566039
1593045601447,-3.4630700749999996,0.5336224604807692,9.679542846153847
1593045602447,-1.8740287826923077,1.1731503319230772,9.808985336538463
1593045603447,-0.6294504073076923,1.2969904084615385,9.922862903846154
1593045604447,-0.07379786609615382,1.014890410096154,9.902052288461537
1593045605447,0.18536322986538456,-0.04169033353076922,10.042343057692307
1593045606447,0.03692769025192302,-1.170458395403846,9.674803269230768
1593045607447,-0.5502916934038462,-1.249766668378077,9.884566249999999
1593045608447,-1.3538889493269233,-1.454939707801154,9.741134951923076
1593045609447,-0.5873344299230768,-2.4287149865384614,9.677149971153847
1593045610447,-0.7019999813396226,-1.801276264773585,9.825550567924529
1593045611447,-0.7325603562884615,-0.5256272076673076,9.688987596153845
1593045612447,-0.5670644493526923,0.8497511459423077,9.984995798076922
1593045613447,-0.5719076204423076,1.3467795192307692,10.038270548076923
1593045614447,0.07333772086538454,0.6676895531153846,9.94256925
1593045615447,0.7549240344165384,0.41147346046153843,9.790383423076925
1593045616447,0.7904827769230768,0.30173723521730766,9.788818817307693
1593045617447,0.09586244653846157,0.07640926394230771,10.181356759615385
1593045618447,-0.6120564219615384,-0.2311144591923077,9.66856796923077
1593045619447,0.259379675173077,-0.9849111172115386,9.577123115384614
1593045620447,0.024963587019230724,-1.191556654076923,9.783676588461539
1593045621447,1.1302023697339623,-1.4318109035849056,9.820155375471696
1593045622447,2.5176060386538457,-0.8749793201730767,10.195311009615388
1593045623447,3.587163253846154,-0.5765552188461538,10.222966653846154
1593045624447,3.5190598423076915,-0.4971664213846153,10.191606807692308
1593045625447,3.889774788461538,0.10217813034615385,10.286617990384615
1593045626447,3.999499492307692,0.5216583419423076,10.287940903846154
1593045627447,3.771744225,0.8182533102307693,10.53062848076923
1593045628447,1.01374000975,0.8450690289230768,9.739731471153846
1593045629447,-0.8531333015384615,1.1629923311538461,9.766098519230768
1593045630447,-1.045893572423077,1.5840486001923073,9.897876403846153
1593045631447,-0.8862992023076923,1.576801089076923,10.031678721153847
1593045632447,-0.46987904313576934,0.9511239874038461,9.843267076923077
1593045633447,-0.1878027173962264,0.7116502866113206,9.97145646226415
1593045634447,-0.08802826775000001,0.4546593110576923,9.862605211538462
1593045635447,-0.3713821828326923,0.12940799064807695,9.992565448076922
1593045636447,0.12060746500000004,-0.6469709209615384,9.823445692307693
1593045637447,-0.034615401692307673,-0.8865292905769231,9.878710884615383
1593045638447,-0.40724000613461536,-1.0232192782692306,9.710235317307692
1593045639447,-0.1850181056923077,-1.8102048384615383,9.899647980769231
1593045640447,-0.6044408007807693,-1.0740897717307691,9.744195048076921
1593045641447,-0.764656385148077,-0.45760432436538456,9.734106009615385
1593045642447,-0.4916100149038461,0.1369545812576923,9.782353682692307
1593045643447,0.2605990959038461,0.25836732745499996,9.696166000000002
1593045644447,-0.05383850664615385,0.4020632317115384,9.774128240384615
1593045645447,-0.36741331603846156,0.49472758703846154,9.848282798076923
1593045646447,-0.39655283199999997,0.38930534206346146,9.775474182692305
1593045647447,-0.2791250194150944,-0.4441056228490566,9.711417405660377
1593045648447,-0.3137060874960785,-0.6116594216078431,9.84140975490196
1593045649447,-0.2678580919173077,-0.7657722680769231,9.834178903846155
1593045650447,-0.6464458720132076,-0.7944961260377357,9.786305990566037
1593045651447,-0.36992118111538463,-0.8164356894230769,10.005242778846155
1593045652447,-0.22176174286923075,-0.9846235119230768,9.923806374999998
1593045653447,-0.3526882537115385,-1.0299951134615386,9.757240471153846
1593045654447,-0.1901028575769231,-0.9475922786538461,9.819568932692308
1593045655447,-0.17200713513269233,-0.9735567013461538,9.836974423076924
1593045656447,-0.15262297359615387,-0.9226862253846153,9.723050730769232
1593045657447,-0.20491994998076926,-0.9246764048076924,9.764131423076924
1593045658447,-0.2669032624230769,-1.0755162651923078,9.91518978846154
1593045659447,-0.2791319664230769,-0.9311646267307693,9.737867826923077
1593045660447,-0.2426184137692307,-0.9234914900000001,9.827610192307692
1593045661447,-0.28981371423773583,-0.9402551439622643,9.792209084905659
1593045662447,-0.23210379494230765,-0.9284726986538462,9.807558778846154
1593045663447,-0.30943338111923074,-0.7596521625000001,9.848743048076924
1593045664447,-0.44447830689230766,-0.2420432138269231,9.835973471153848
1593045665447,-0.27730283373076925,-0.6138165296923077,9.779489096153846
1593045666447,-0.3063388208461538,-0.8333350013461539,9.802197971153847
1593045667447,-0.26654663627692304,-0.5747836148076924,9.857048923076924
1593045668447,-0.19976617952307693,-0.6337873934615386,9.837940798076923
1593045669447,-0.5153081597500001,-0.5344277365384615,9.842553865384616
1593045670447,-0.5645335853846154,-0.019453188771153842,9.714181182692307
1593045671447,-0.25626210221153845,-0.11911195067307691,9.903237173076924
1593045672447,-0.10875839148653843,-0.5659715824999999,9.829393278846155
1593045673447,-0.25464373287358494,-0.6483533431132075,9.827051679245283
1593045674447,-0.2763365033846154,-0.6221568944230769,9.82598808653846
1593045675447,-0.3200860435653846,-0.485501416,9.818234471153845
1593045676447,-0.2764285333019231,-0.8092457157692307,9.808513615384616
1593045677447,-0.20593229675769228,-0.6746034257692307,9.75675728846154
1593045678447,-0.28119117098076923,-0.3823684582115385,9.873614548076922
1593045679447,-0.34033300636538466,-0.6035895101346154,10.039087346153847
1593045680447,-0.32734504023076927,-0.5511774911538462,9.70577175
1593045681447,-0.4597900732134616,-0.40236233003846156,10.072552480769229
1593045682447,-0.4710294374738462,-0.15215131065384618,9.777809548076924
1593045683447,-0.38469225790384604,0.08951227873076922,9.721992346153845
1593045684447,-0.5082265008113209,0.1370793923773585,9.798112132075472
1593045685447,-0.4544982611076923,-0.0048201556730769115,9.628867875
1593045686447,-0.30066736356346146,-0.45861666978461535,9.667532661538463
1593045687447,-0.1478143163076923,-0.923606525576923,9.783147451923078
1593045688447,-0.343335539326923,-1.0118533694230771,9.704770913461537
1593045689447,-0.31901617576923075,-1.1020558842307693,9.770803740384615
1593045690447,-0.15533790426923078,-1.09233505,9.99924923076923
1593045691447,-0.1312831333076923,-1.067302438846154,9.869691673076924
1593045692447,-0.26138136224423075,-1.0442139986538461,9.889961605769232
1593045693447,-0.1613084558730769,-1.0188132667307692,9.825792538461538
1593045694447,-0.14023321248076923,-0.8826524524999999,9.72667448076923
1593045695447,-0.4123822738846154,-0.8620373736538463,9.800173230769232
1593045696447,-0.4237942003653847,-0.7803017678846154,9.88651051923077
1593045697447,-0.2507056923653846,-0.5110516915769231,9.780305884615384
1593045698447,-0.22751002920754718,-0.44578737311320754,9.804805301886795
1593045699447,-0.31075633340384623,-0.5112932810769231,9.828173951923077
1593045700447,-0.31111296136923083,-0.43988823111538455,9.874477384615384
1593045701447,-0.22555805244230773,-0.4926568710384615,9.793742567307692
1593045702447,-0.06880515685961539,-0.5800409148,9.706933596153846
1593045703447,-0.33953923378846146,-0.7507135909615386,9.954211307692308
1593045704447,-0.3362030831153847,-0.8378905626923079,9.708452173076923
1593045705447,-0.39327420534615387,-1.0147178503846155,9.823031673076924
1593045706447,-0.3711175903346154,-0.9687020392307691,9.751707076923077
1593045707447,-0.2711482142115385,-0.9243542898076923,9.807443798076923
1593045708447,-0.31183770965384616,-0.9354786230576925,9.801335201923077
1593045709447,0.14126856573076924,-0.8565614867307689,9.801657298076922
1593045710447,-0.2697677448076923,-0.45222047257692305,9.94440989423077
1593045711447,-0.4514727129923076,-0.290877504045,9.702700326923075
1593045712447,-0.3733254804528302,-0.35238828169811326,9.81463613207547
1593045713447,-0.23798231615384616,-0.6255505600961538,9.883760932692308
1593045714447,-0.26373966961153844,-0.9593953308269232,9.742561451923079
1593045715447,-0.09732346150000003,-1.023736964423077,9.881828259615386
1593045716447,-0.2540878564346154,-1.0016838830769232,9.733392817307692
1593045717447,-0.6159447610000002,-0.5510739609615385,9.872809221153847
1593045718447,-0.3489494647692307,-0.5884963207499999,9.771528355769231
1593045719447,-0.16406940776730775,-0.9104920261538462,9.766742836538462
1593045720447,-0.2922924933384615,-1.0117613365384615,9.763406653846154
1593045721447,-0.34126482390384616,-1.030098650769231,9.833891432692308
1593045722447,-0.23010211099423075,-0.9818625659615384,9.767801192307694
1593045723447,-0.2657183483346154,-0.9689321142307692,9.84730501923077
1593045724447,-0.2968020406923077,-0.8026884687269231,9.787012625
1593045725447,-0.3470398169615384,-0.3155304770576924,9.877548923076924
1593045726447,-0.284607846598077,0.051330646669230776,9.798516730769233
1593045727447,-0.22781477437735845,-0.2567430982452831,9.967720311320756
1593045728447,-0.22080691542307693,-0.6204658164615384,9.783135817307691
1593045729447,-0.10720535687307692,-0.8894858078846153,9.803302307692308
1593045730447,-0.36205246946153846,-0.9877755919230768,9.833879903846155
1593045731447,-0.23448511555769233,-0.9331663257692306,9.625980490384617
1593045732447,-0.14492682435384616,-0.9844509625,10.021290788461538
1593045733447,-0.1782997970769231,-0.8253512578461539,9.779914759615384
1593045734447,-0.24501122941730769,-0.4577078567307692,9.804096067307693
1593045735447,-0.5386381740961538,-0.37516697814230765,9.803417451923078
1593045736447,-0.5270537020711539,-0.14572059280769228,9.86484848076923
1593045737447,-0.38097648211538454,-0.29302874032692305,9.820684817307692
1593045738447,-0.3844621757307693,-0.5099588214153846,9.809342009615385
1593045739447,-0.34876540398653855,-0.6158757338461538,9.805257990384616
1593045740447,-0.3650434981730769,-0.44761888853846166,9.848478375000001
1593045741447,-0.44590024462830186,-0.32238770243396236,9.799805264150944
1593045742447,-0.4333706746235294,-0.33710647694117646,9.893336470588235
1593045743447,-0.43535828411320754,-0.2125774565471698,9.719047454716982
1593045744447,-0.26581038168461535,-0.7145451566153846,9.815588509615385
1593045745447,-0.012642846692307716,-1.9867790384615385,9.862685740384613
1593045746447,0.19683267490384615,-1.7165856528846153,9.728066471153847
1593045747447,-0.2620485884423077,-0.9971743240384614,9.771275307692308
1593045748447,-0.667045332076923,-0.9651012986538461,9.784723355769232
1593045749447,-1.182295967692308,-0.6171296701923077,9.822571490384616
1593045750447,-1.1542723371153845,1.4258577065384617,9.83218873076923
1593045751447,-0.5720916791923076,1.6785995961538462,10.050476240384615
1593045752447,0.292361512025,1.838308993846154,9.862892826923078
1593045753447,-0.5927757928461539,0.817666613076923,9.864181240384616
1593045754447,-0.4883658968269231,-0.7736409788461539,10.096480673076922
1593045755447,-0.8168328993962267,-0.9042950741509435,9.621833309433962
1593045756447,-1.0719615298076925,-0.4848111806538462,10.080996434615384
1593045757447,-1.0271881440384616,0.2934428874807692,9.667279663461537
1593045758447,-0.31971791550000006,0.6614774149615387,9.661746209615384
1593045759447,0.6118148307307693,-0.19455489265384618,9.442917880769231
1593045760447,0.3692539435384615,-0.49743100717307703,9.832464909615386
1593045761447,-0.12805052456923074,-0.86561510425,10.180862073076922
1593045762447,-0.26979074851153845,-0.9165200898076924,9.727491326923078
1593045763447,-0.3150358107615384,-0.8179196990384615,9.827621701923077
1593045764447,-0.4078497174788462,-0.5540879962115384,9.768848038461538
1593045765447,-0.3746608075326923,-0.327598125,9.781893490384615
1593045766447,-0.3124552313396226,-0.31080734683773587,9.872108971698115
1593045767447,-0.359843714923077,-0.5577117374692308,9.825251846153845
1593045768447,-0.5724137955961538,-0.35538017459615384,9.815105451923078
1593045769447,-0.3948157381730769,-0.15323268036923077,9.946066317307693
1593045770447,-0.30046029411346153,-0.27379412796923075,9.807351701923078
1593045771447,-0.10279934337307689,-0.34643010282692305,9.949517628846154
1593045772447,0.03975766608461536,-0.470707328576923,9.677299567307692
1593045773447,-0.09074319446153843,-0.5402717480192308,9.839367278846153
1593045774447,-0.2095215353153846,-0.5513500558269231,9.724040182692306
1593045775447,-0.6005179548076923,-0.6490301390384616,9.873476509615385
1593045776447,-0.5776365890769231,-0.5562047239615384,9.849306682692307
1593045777447,-0.6988057959622642,-0.6864804990566039,9.924728566037734
1593045778447,-0.6016453495834615,-0.6729698639615385,9.765592365384617
1593045779447,-0.5919360082115384,-0.5741393890192307,9.834949682692308
1593045780447,-0.5469440327307692,-0.575255274096154,9.813023086538461
1593045781447,-0.36862123032692296,-0.5353135437961538,9.867528932692306
1593045782447,-0.35214756633461547,-0.5737482553653845,9.796008903846154
1593045783447,-0.4257153606923077,-0.5174824060576924,9.833442682692308
1593045784447,-0.4830510714230769,-0.7459049444230771,9.819603451923077
1593045785447,-0.3802632336692308,-1.0183185940384614,9.734083
1593045786447,-0.3567491468653846,-1.0332047076923077,9.689321115384617
1593045787447,-0.23427804390384613,-1.0063429750000001,9.860741586538463
1593045788447,-0.2979064158269231,-0.9789060428846154,9.76091018269231
1593045789447,-0.3043173754792453,-0.9658989860377359,9.848169462264151
1593045790447,-0.27831518378846154,-0.9643305348076924,9.848650951923076
1593045791447,-0.2682952372115385,-1.0168345750000003,9.67689698076923
1593045792447,-0.19463541582692306,-0.9693117465384617,9.728618711538461
1593045793447,-0.6076043928653846,-0.8551004765384614,9.78543676923077
1593045794447,0.09685180098076922,-0.16075626854230768,9.798861740384616
1593045795447,0.08347270000000001,0.37384403125,9.92019401923077
1593045796447,-1.0105879457692308,0.34588941338461543,9.907758221153845
1593045797447,-0.8350490828846152,-0.028920942653846156,9.812022298076924
1593045798447,-0.5576427212499999,-0.3390215536019231,9.718886403846154
1593045799447,-0.5277669442307693,-0.5811452952692309,9.85932666346154
1593045800447,-0.35677888441509426,-1.0665555475471695,9.845020481132076
1593045801447,-0.304705257898077,-1.1141120296538463,9.912946509615384
1593045802447,-0.2506366676673077,-0.8041494632692309,9.662505509615384
1593045803447,-0.5744845091403845,-0.5467024523711539,9.858107134615384
1593045804447,-0.3561969597807692,-0.45033381963461533,9.874569365384616
1593045805447,-0.21877071408461538,-0.38928233300000004,9.813851317307693
1593045806447,-0.28069649950769227,-0.3925839711230769,9.839953923076923
1593045807447,-0.5202778690769231,-0.3214205023461539,9.885544086538461
1593045808447,-0.38494534352500004,-0.2863449454807693,9.825171355769232
1593045809447,-0.23463466625653845,-0.4742160367615385,9.767064894230769
1593045810447,-0.28195043574230766,-0.5016644734615384,9.80277316346154
1593045811447,-0.5321095779490566,-0.7364250286792451,9.706225424528302
1593045812447,-0.2994249444230769,-0.6531140328846153,9.768548923076922
1593045813447,-0.4425783513647058,-0.5557682508176471,9.793213115686275
1593045814447,-0.36262549686792456,-0.5044792517113208,9.886759333962264
1593045815447,-0.4088160474423077,-0.6429905580576923,9.96150476923077
1593045816447,-0.2976533334096154,-0.5146409316730769,9.812712663461538
1593045817447,-0.5827098388461538,-0.4291780531923077,9.859499173076923
1593045818447,-0.3847727830384615,-0.492300250576923,9.874764923076924
1593045819447,-0.2721030497442308,-0.5931209175961538,9.879734557692306
1593045820447,-0.6442674984038465,-0.5096597202884615,9.848581951923078
1593045821447,-0.6935044276346154,-0.2908890079038461,9.754226567307693
1593045822447,-0.43626448419230773,-0.2780390861942308,9.848110298076923
1593045823447,-0.36130471574999995,-0.24351572044884617,9.781260807692307
1593045824447,-0.30350884453846155,-0.2744383482876923,9.748727490384615
1593045825447,-0.5895260330943396,-0.3215298996943397,9.788247301886793
1593045826447,-0.6277823323076923,-0.33007147581923074,9.782134999999998
1593045827447,-0.26846779769230766,-0.4255082900384615,9.793938076923075
1593045828447,-0.27149333648076923,-0.5750366907692308,9.75949526923077
1593045829447,-0.21102855127115386,-0.6359271311538461,9.782974884615387
1593045830447,-0.28429724155192304,-0.47506732590384615,9.730309692307692
1593045831447,-0.6775024275000002,-0.5327941707884615,9.982660471153848
1593045832447,-0.53447374675,-0.5309765469038462,9.712915826923076
1593045833447,-0.3080644115192308,-0.6184411132692309,9.850019903846155
1593045834447,-0.4258994246923077,-0.6096981144692308,9.799920192307692
1593045835447,-0.5241431990384616,-0.7262216730269231,9.872234028846153
1593045836447,-0.3385613980576923,-0.7452147063461538,9.871727817307693
1593045837447,-0.3943095596153846,-0.8106491995384615,9.712237076923076
1593045838447,-0.2634865841923077,-0.7590079442307692,9.872717240384615
1593045839447,-0.22026384066037735,-0.7876788383018869,9.754781735849056
1593045840447,-0.22951540703846157,-0.7681305781538461,9.813310750000001
1593045841447,-0.48698542132884615,-0.8609329882884617,9.865113009615385
1593045842447,-0.22747920566538463,-1.0235874086153847,9.938036663461538
1593045843447,-0.1631145782692308,-1.0919784230769234,9.687135346153847
1593045844447,-0.42629055745,-1.0945783029807692,9.766236605769233
1593045845447,-0.6740857528076923,-0.8928219492307693,9.858325769230769
1593045846447,-0.5314597120000001,-0.7052499557376921,9.753041615384616
1593045847447,-0.4532788416923077,-0.7525312241730767,9.855840878846152
1593045848447,-0.2939835694615385,-0.6979794636538461,9.686387576923078
1593045849447,-0.3217771279480769,-0.7080339158461538,9.822859067307693
1593045850447,-0.4141768941346153,-0.7212174484615386,9.799862615384614
1593045851447,-0.49686059632075474,-0.661683180754717,9.849286849056604
1593045852447,-0.36424972603846145,-0.7263597209615384,9.783607596153846
1593045853447,-0.14757273398076926,-0.8676858146153845,9.829876461538461
1593045854447,-0.2598513344103846,-0.8732882313461539,9.907861692307693
1593045855447,-0.2229121347307692,-0.9041763517307693,9.644214105769233
1593045856447,-0.3187860973269231,-0.7965568567307693,9.8228245
1593045857447,-0.29041734460961544,-0.8022743219230771,9.819373259615382
1593045858447,-0.2883351278653846,-0.7149823117307693,9.804728798076924
1593045859447,-0.320523194275,-0.7155920223076926,9.817682288461539
1593045860447,-0.4795193602115385,-0.649156672076923,9.761186317307692
1593045861447,-0.37978006865384617,-0.8010664053846154,9.898255971153846
1593045862447,-0.33243304415849056,-0.8528042550943397,9.771125084905659
1593045863447,-0.43060454428846157,-0.7323762871153847,9.681567413461538
1593045864447,-0.33439696525000007,-0.8949041682692308,9.910760788461538
1593045865447,-0.4526921385384616,-0.9571290569230768,9.838550490384618
1593045866447,-0.27656658151923075,-0.9932514825,9.72749125
1593045867447,-0.27950008788461533,-1.033929457403846,9.789612663461538
1593045868447,-0.29170578690384613,-1.0400150640384616,9.832856009615384
1593045869447,-0.32777068884615385,-1.0544295107692307,9.632583648076922
1593045870447,-0.30250799717884613,-0.9716470494230769,9.911451096153847
1593045871447,-0.3093643573076923,-1.008494226153846,9.72904426923077
1593045872447,-0.32456108265384614,-1.0339064515384615,9.823871423076922
1593045873447,-0.31107823084905656,-1.0231686998113207,9.827119367924528
1593045874447,-0.34372667194230766,-1.0004184390384616,9.801461692307694
1593045875447,-0.3742351623711539,-1.0056067271153846,9.760634163461539
1593045876447,-0.5636362766346154,-0.5757499409230769,9.895138403846154
1593045877447,-1.2235606490384614,0.31566852269999995,9.780018346153845
1593045878447,-0.8828250184365386,0.41630512528846164,9.871417240384615
1593045879447,-0.49586647446923077,0.45591324128076915,9.87524808653846
1593045880447,0.06676895101923078,0.4507824802826923,9.827345528846154
1593045881447,-0.09132989773076922,0.7829246651923077,9.886648471153846
1593045882447,-0.5797533209615384,0.6453373650000002,9.898727682692307
1593045883447,-0.5743924748653847,0.2667537092307693,9.836675326923075
1593045884447,-0.4611714177358491,-0.09828631811320755,9.866070509433962
1593045885447,-0.22726063149999998,-0.5078881100192307,9.805798769230769
1593045886447,-0.25466305303846154,-0.5155267357692307,9.801059134615386
1593045887447,-0.29847011340384616,-0.6646064861538462,9.905112336538462
1593045888447,-0.12145875957692308,-0.6605110836538463,9.896047134615385
1593045889447,0.0710829389346154,-0.7546479417307694,9.78479241346154
1593045890447,0.20122718303846152,-0.9792166451923078,9.807719836538462
1593045891447,0.1457781156076923,-0.7699942184615385,9.687284942307693
1593045892447,-0.15873157225499998,-0.8352561573076922,9.806926038461539
1593045893447,-0.8204965830038462,-0.8988155090384615,9.816290259615386
1593045894447,-1.1084290796153846,-0.7867209723653844,9.814507124999999
1593045895447,-0.7737445149230768,-0.4618952917307692,9.708452192307693
1593045896447,-0.5565958523269231,-0.5199212457692307,9.49528398076923
1593045897447,-0.23078084057692305,-0.3603844003846154,9.764234817307694
1593045898447,0.017658568538461542,-0.3740856115384616,9.705783313461538
1593045899447,-0.06599450133962265,-0.504592120490566,9.839760688679245
1593045900447,-0.17239826934615382,-0.5271802474038462,9.758333298076924
1593045901447,-0.19411773761653844,-0.5744039814615385,9.823928942307692
1593045902447,-0.12130920734615384,-0.6871657415384617,9.886832519230769
1593045903447,-0.18005990658923077,-0.7942560717307694,10.16988738461538
1593045904447,-0.27365608148076925,-0.7901836492692309,10.087645576923077
1593045905447,0.18152090775769233,-0.8451955757692307,10.119684023076925
1593045906447,-0.37311927820500007,-0.7978913200576923,10.280118278846155
1593045907447,-0.2337373601538462,-0.9272302718653844,9.773369163461537
1593045908447,-0.3840710420692307,-0.8927644368076921,9.75156898076923
1593045909447,-0.2658103855576923,-0.746066004903846,9.675527951923076
1593045910447,-0.2683911769433962,-0.7297770464792452,9.668809349056604
1593045911447,-0.16532333745000002,-0.6580032192884617,9.687825615384615
1593045912447,-0.08009053300384615,-0.4819927119423077,9.933112942307693
1593045913447,-0.022329175551923076,-0.5810762700769231,9.588960626923079
1593045914447,0.04675207448076923,-0.5574816655192308,9.747197625
1593045915447,0.04876526615384614,-0.6016568444615384,9.866827163461538
1593045916447,-0.11722530023269227,-0.6763405191538462,9.842116663461539
1593045917447,0.01312601160576923,-0.7471128515384613,9.764844519230769
1593045918447,-0.05596674095384617,-0.7173406179173077,9.826367788461539
1593045919447,-0.20165282863461542,-0.8068298798076923,9.800783067307691
1593045920447,-0.32949627674423076,-0.7584442548076923,9.852815423076926
1593045921447,-0.7095396405660377,-0.8235824777358489,9.72400233018868
1593045922447,-0.6284610611538461,-0.7199520172307692,9.785827846153847
1593045923447,-0.6143802201346155,-0.5942137924365384,9.792292942307693
1593045924447,-0.6880285406153847,-0.7163972973192306,9.887522721153847
1593045925447,-0.7574894251923077,-0.7972931096153848,9.83953976923077
1593045926447,-0.9147254732692308,-0.8237406944230768,9.835317855769231
1593045927447,-0.7962232403846153,-0.8413877725,9.749981538461538
1593045928447,-0.38098798432692316,-0.7624016109615384,9.889179317307692
1593045929447,-0.09415987150000002,-0.6582217963461537,9.649172298076923
1593045930447,-0.5501536401538462,-0.5417212390576923,9.956431576923077
1593045931447,-0.5835956298846153,-0.45850163382692316,9.708969957692306
1593045932447,-0.6979818512075472,-0.6403170808679246,10.019256339622642
1593045933447,-0.49686731780769233,-0.7922198606538462,9.567482778846154
1593045934447,-0.45880073623076917,-0.7310303286538462,9.830382673076924
1593045935447,-0.30060984596153845,-0.7209988845961538,9.863168923076923
1593045936447,-0.27381713713846156,-0.6911346138807694,9.777487451923076
1593045937447,-0.7120372955576924,-0.7397388180961537,9.793328375
1593045938447,-0.9000579290384615,-0.7636900511730771,9.693945757692308
1593045939447,-0.37527051844230763,-0.6540918765576925,9.855725894230769
1593045940447,-0.11016187372692306,-0.5805010740134615,9.91035810576923
1593045941447,-0.10743543503846155,-0.4058710335384615,9.838136278846154
1593045942447,-0.25439846036538455,-0.4137627500192308,9.823480307692307
1593045943447,-0.4169838630192308,-0.5217158633076923,9.854448778846155
1593045944447,-0.48893718770377353,-0.5356085169811321,9.813586358490566
1593045945447,-0.5704236123461539,-0.4796228948461539,9.830831365384615
1593045946447,-0.5064386142692308,-0.46196432003846155,9.57837703076923
1593045947447,-0.5792126249038462,-0.3709565334807692,10.022487221153845
1593045948447,-0.45265762509615387,-0.31108995264615386,9.903731846153846
1593045949447,-0.5453104803846153,-0.35915347282692306,9.79978208653846
1593045950447,-0.5536163343846153,-0.3634559530769232,9.846327153846156
1593045951447,-0.5290438851923077,-0.3814021231076923,9.804648375
1593045952447,-0.6447621677307692,-0.41031156467499996,9.930570605769232
1593045953447,-0.4919896412626923,-0.3766739990192309,9.802209528846154
1593045954447,-0.37344138826923073,-0.3756501487230769,9.80294575
1593045955447,-0.2630298980622642,-0.44083242041509435,9.782039547169811
1593045956447,-0.08963881989615384,-0.49197814360384606,9.783423538461538
1593045957447,0.0590382953,-0.4820157146538462,9.974975875
1593045958447,-0.10673369518653844,-0.5062660551923076,9.696672134615385
1593045959447,-0.2830663161038462,-0.4551424736730769,9.925359278846154
1593045960447,-0.4787831059423077,-0.46192980867307704,9.805752701923076
1593045961447,-0.49898405110961525,-0.5186788216923077,9.873545557692307
1593045962447,-0.45365846076923066,-0.5496359626153846,9.75446810576923
1593045963447,-0.5512580250769231,-0.59121125475,9.798884682692307
1593045964447,-0.39634575836538455,-0.6170951530769229,9.876214423076924
1593045965447,-0.3491565381923077,-0.6921009388461538,9.739363384615386
1593045966447,-0.3646684284969811,-0.6757128001886793,9.800741943396226
1593045967447,-0.37279717134230766,-0.7092303280576921,9.866309557692308
1593045968447,-0.28389460078846157,-0.6805624819423077,9.825758028846154
1593045969447,-0.34433638103846154,-0.7123478955,9.759966913461538
1593045970447,-0.4318009555896154,-0.6945167765384616,9.887200721153846
1593045971447,-0.3119757551692307,-0.6947468520576923,9.771436355769232
1593045972447,-0.36862123326923074,-0.6516530375192308,9.781467894230769
1593045973447,-0.4613431057769231,-0.6799872744230768,9.819235336538462
1593045974447,0.14154466176346153,-0.5586435589615385,9.942603721153846
1593045975447,-0.3070865759365385,-0.619073834153846,9.741123471153845
1593045976447,-0.35249268682499996,-0.6744193668142309,9.754698153846153
1593045977447,-0.31887747639999997,-0.9117331477358489,9.874637311320756
1593045978447,-0.12963806933269234,-0.9739248325307693,9.781042144230769
1593045979447,-0.44772242609423074,-0.9751097417307691,9.805798721153847
1593045980447,-0.3081679458653846,-0.9609713857692307,9.893504817307692
1593045981447,-0.33023253376615386,-1.0240130606730768,9.684098307692308
1593045982447,-0.44186691549999996,-0.9753858280961537,9.77059653846154
1593045983447,-0.39052476673076914,-0.911964531346154,9.84069026923077
1593045984447,-0.18127932614807696,-0.8775677078653845,9.868391721153845
1593045985447,-0.3423116882884614,-0.7659103169230769,9.771597490384615
1593045986447,-0.3935848132038462,-0.6978759291538459,9.690345057692308
1593045987447,-0.08286298778846153,-0.3622365374038462,9.933906730769232
1593045988447,-0.24811730144230773,-0.5092225728846154,9.800967028846152
1593045989447,-0.43522283745283014,-0.6325404084528302,9.835178235849057
1593045990447,-0.5395469955384615,-0.6137935216846153,9.82207683653846
1593045991447,-0.26120880801923074,-0.5874724734807691,9.739904086538461
1593045992447,0.011055304615384618,-0.7169954920192306,9.857566576923078
1593045993447,-0.2706650518096154,-0.7929676168846154,9.787564903846155
1593045994447,-0.4450189935961539,-0.7928870879807692,9.906837990384616
1593045995447,-0.47711503175000003,-0.7900916348076923,9.692622855769232
1593045996447,-0.48078479226923077,-0.6892824724807691,9.779443163461538
1593045997447,-0.39017964213846157,-0.6350988445576924,9.975033432692308
1593045998447,-0.12667004919038463,-0.5788675128846154,9.675803913461538
1593045999447,0.22801989146153845,-0.46126257689615385,9.967038201923078
1593046000447,-0.10356858883018867,-0.5051000273584906,9.75338216981132
1593046001447,-0.19132227533269233,-0.6355935174230769,9.885601605769232
1593046002447,-0.22272807303269232,-0.6162898798653847,9.784159778846155
1593046003447,-0.6645489764423076,-0.35395369099307694,9.899831971153846
1593046004447,-0.4441561987884616,-0.3485468253461539,9.738868673076924
1593046005447,0.1878940954865385,-0.2816858414807693,9.879608182692307
1593046006447,0.705997719230769,-0.21984058088346156,9.931168875
1593046007447,0.68305883075,-0.2409848490192308,10.02043943269231
1593046008447,0.13851912553346157,-0.3364791766403847,10.26978760576923
1593046009447,-0.23411698974423079,-0.3774447650703846,10.219388913461538
1593046010447,0.3538386547692308,-0.25113133813461536,9.784757942307694
1593046011447,0.011964113024528308,-0.36666621263018867,9.907154754716979
1593046012447,-0.10087818198076923,-0.365664720423077,9.71713766346154
1593046013447,0.303347792525,-0.2614388848076923,10.055158500000001
1593046014447,0.34062060230769237,-0.29879222589230764,9.047365975
1593046015447,0.5411805529615384,-0.16359774648076925,9.89015725
1593046016447,-0.5171257899865385,-0.3349376524365385,9.546488086538462
1593046017447,0.0874990816673077,-0.31309164082692303,9.715561740384617
1593046018447,0.11930751723076924,-0.4827404626076924,9.71921991346154
1593046019447,0.25932215394807695,-0.43994574925,9.343075105769232
1593046020447,0.24434400421153854,-0.43533266585384617,9.887292709615386
1593046021447,-0.017497513871923075,-0.5038502230057692,9.467168278846152
1593046022447,0.23410157750943397,-0.5694240679433963,9.849546471698114
1593046023447,0.268801413775,-0.8826179392307694,9.789520596153848
1593046024447,0.06928832312115385,-0.9176129761538461,9.785517203846155
1593046025447,-0.012815406173076922,-0.8191506299999999,10.034773538461538
1593046026447,-0.256446164923077,-0.7734339067500001,10.353317980769232
1593046027447,-0.491046321275,-0.7335842055788462,10.077821182692308
1593046028447,-0.11331395543076922,-0.6700018532500001,9.857232788461538
1593046029447,-0.3991987412557692,-0.6964954578846154,9.791280769230768
1593046030447,-0.5230273088923078,-0.6860843769230769,9.818107932692309
1593046031447,-0.2333577264615385,-0.60281874275,9.816071730769231
1593046032447,-0.18557029844230769,-0.4794158197115384,9.713974153846154
1593046033447,-0.251798569326923,-0.49346215086923073,10.01694230769231
1593046034447,-0.6962662413396226,-0.6225853577358491,9.494799283018867
1593046035447,-0.3860957366538461,-0.4783114368269231,10.164894632692306
1593046036447,-0.5337489962692308,-0.5486351177884615,9.95181839423077
1593046037447,-0.47788579640384604,-0.44568622742307684,9.666566346153846
1593046038447,-0.41141594496153844,-0.4694764060384615,9.903087663461537
1593046039447,-0.40580200985769227,-0.5857698840576923,9.720865036538463
1593046040447,-0.1572820733076923,-0.5170912682942308,9.994992721153846
1593046041447,-0.48133698494230764,-0.5609443523461539,9.35968676923077
1593046042447,0.00048316739038462437,-0.535359559,10.148892586538462
1593046043447,-0.7774027724807693,-0.7148902747884616,9.652266948076925
1593046044447,-0.3527342719038461,-0.5120065279038462,10.100472432692309
1593046045447,-0.5340960766226416,-0.4939147112830188,9.894863415094342
1593046046447,-0.6283345171153846,-0.43696622665384616,10.006496663461538
1593046047447,-0.5155727522884616,-0.4692118127307692,9.77756804807692
1593046048447,-0.6345811699038463,-0.4800255263576923,9.22081106346154
1593046049447,-0.614000594326923,-0.5339675773461539,9.903317711538461
1593046050447,-0.7276481598269231,-0.5307694765711539,10.030160278846155
1593046051447,-0.5116614090634616,-0.4954638339423077,9.734014134615386
1593046052447,-0.43557424371153836,-0.4248295552307693,9.835593840384616
1593046053447,-0.5735871973846154,-0.4397961986219231,9.424994807692308
1593046054447,-0.30442916305769235,-0.4176280825769231,9.479408453846155
1593046055447,-0.22455720295576925,-0.46649687521153843,10.19437935576923
1593046056447,-0.3076131529433962,-0.621332521,10.225309990566037
1593046057447,-0.40357024845,-0.747400452403846,9.893182750000001
1593046058447,-0.295858715025,-0.8988500181346155,9.492983076923078
1593046059447,-0.34360012992307687,-1.1680080590384616,9.981694278846154
1593046060447,-0.3865443907884615,-1.042706981730769,9.805119884615383
1593046061447,-0.18720386224999996,-0.8595295096153848,9.906941461538462
1593046062447,-0.5782808087307693,-0.644877207596154,9.758379403846153
1593046063447,-0.2217157231538462,-0.530999558,9.623345894230768
1593046064447,-0.20941799498076924,-0.4887685369423077,10.002516288461537
1593046065447,-0.31945332864615383,-0.566995436673077,9.657558769230768
1593046066447,-0.37061140875,-0.7638280972,9.651852678846153
1593046067447,-0.04188589940384616,-0.9133450050076922,10.09198258653846
1593046068447,-0.32311006292452826,-0.6848100401396225,9.691992645283019
1593046069447,-0.4624014725576923,-0.7849493684615385,9.913452646153845
1593046070447,-0.305314965531923,-0.7816822335576923,9.839758382692308
1593046071447,0.923295928673077,-0.8078077227,9.849881826923077
1593046072447,0.4455826871346153,-1.0018449382692305,9.839516778846155
1593046073447,0.6137935209615385,-0.7974771638461537,9.857566451923075
1593046074447,0.7241279607692308,-0.7016952360576922,9.934136846153846
1593046075447,0.3728086693384615,-0.7619529592307692,9.729815115384616
1593046076447,0.5454600257115385,-0.7913685663461538,9.804636701923076
1593046077447,0.564637118653846,-0.8921547184615384,9.521190746153845
1593046078447,0.6502840606980768,-1.0144992838461537,10.161880605769229
1593046079447,0.9013379184150945,-1.1157099862264153,9.801374037735847
1593046080447,0.6477646963461539,-1.6535324728846155,9.622034505769232
1593046081447,0.8425841701923076,-2.645368969230769,9.893240211538462
1593046082447,0.5903829735192307,-1.8472130634615385,9.880321278846155
1593046083447,0.31249343113461536,-1.7064506723076924,9.766696682692306
1593046084447,0.3850603853269231,-1.1658338161538462,9.808122488461537
1593046085447,0.355219123923077,-0.8924883294230769,9.902523963461537
1593046086447,-0.11247416723076925,-0.46020421456346156,9.752489375
1593046087447,-0.12104461348846153,-0.41276190306538457,9.840379528846155
1593046088447,-0.298734705675,-0.34228867875,9.959606625
1593046089447,-0.18749145382115381,-0.7465376552769232,9.664748807692307
1593046090447,-0.16305054576981134,-0.9252322766037736,9.980497066037735
1593046091447,-0.5207955459423077,-0.9492488426923077,9.742170298076925
1593046092447,-0.2705500137673077,-0.7400609277884616,9.39079351923077
1593046093447,-0.6960237819153847,-0.37645542261538456,10.085655461538462
1593046094447,-0.42653214415384616,-0.07170415201346153,9.655430509615384
1593046095447,-0.5885768531673076,0.09188208960115384,9.98079685576923
1593046096447,-0.21307625551153847,-0.38573911854230764,9.857946105769232
1593046097447,-0.19800607468461542,-0.5543295765961539,10.15775060576923
1593046098447,-0.45616633094230774,-0.16701442009038459,9.355085201923076
1593046099447,-0.5938226526346154,0.054413708211538465,10.357528403846153
1593046100447,-0.6189357862884616,0.28511402286538456,9.542473182692307
1593046101447,-0.2744183825150943,-0.09622081548490564,9.768935475471698
1593046102447,-0.5314597191596154,-0.25886199171153845,9.931088307692308
1593046103447,-1.2439571609615387,-0.12365601165961541,9.669591788461538
1593046104447,-1.0131303248076924,0.2378902859538461,10.023292490384618
1593046105447,-0.15639626833461534,0.4277630655192307,9.90144266346154
1593046106447,-0.07399344101923079,0.12920091713076923,9.949713173076923
1593046107447,-0.07518984785769232,-0.03283228715384615,9.694198711538462
1593046108447,-0.2923615111538461,-0.1075274683653846,9.808099576923079
1593046109447,-0.45943344921153845,-0.13677052323076924,9.807374750000001
1593046110447,-0.46199883067307695,-0.18112976793653843,10.245617903846153
1593046111447,-0.3912034955192309,-0.2512923963461539,9.626647609615386
1593046112447,-0.2779010393461538,-0.5292049416211538,9.790337346153846
1593046113447,0.2513479592075472,-0.5388365688301886,9.796791547169812
1593046114447,-0.04888030412884615,-0.8658221637307693,9.836905374999999
1593046115447,-0.17526275815384615,-1.0973737742307692,9.698041067307694
1593046116447,-0.5566188588461539,-1.143447111346154,9.813322269230769
1593046117447,-0.6341440144230769,-1.1501194090384617,9.781421884615385
1593046118447,-0.5150550771673077,-1.1682151285000002,9.932480226923078
1593046119447,0.18433937525769234,-0.9780777603846154,9.748842540384615
1593046120447,-0.10022245704615385,-1.0612973721153849,9.802335971153845
1593046121447,-0.6587854864423075,-1.176509475,9.68099235
1593046122447,-0.7159831510576924,-1.1339908585384613,9.713111288461539
1593046123447,-0.7746533211538463,-1.1915106341346156,9.759230788461538
1593046124447,-0.6226982415849056,-1.0705849727169812,9.769827250943397
1593046125447,-0.3774677736911539,-0.9513310628846156,9.909472384615384
1593046126447,-0.5392248877115386,-0.6366058588076923,9.858993075
1593046127447,-0.48459260663461545,-0.5879556426923076,9.701043690384616
1593046128447,-0.17520523655000003,-0.4822457935961538,9.84521135576923
1593046129447,-0.4880898066346153,-0.7241279590769231,9.678334875
1593046130447,-0.3109979207692307,-0.9490417779615385,9.933250990384616
1593046131447,-0.5068297390000001,-0.9220995111538459,9.802589017307692
1593046132447,-0.3558518420769231,-1.0358161126923076,9.725938278846154
1593046133447,-0.22583413906346153,-0.9170377751923076,9.813057730769232
1593046134447,-0.5500040902692308,-0.6915142368653846,9.7499815
1593046135447,-0.45349631916981137,-0.6421229804150943,9.802152839622643
1593046136447,-0.3347650877884616,-0.621017999323077,9.888075019230769
1593046137447,-0.3776403337326923,-0.6835880180634615,9.800748386538462
1593046138447,-0.42099873734615384,-0.677260834621154,9.772575250000001
1593046139447,-0.5978835471153845,-0.7503224591730768,9.742780009615386
1593046140447,-0.5939952135769231,-0.6640427934615383,9.796066374999999
1593046141447,-0.37257858759615387,-0.5842513605576923,9.720991528846154
1593046142447,-0.04175935632692308,-0.603221384423077,9.942454125000001
1593046143447,-0.2668112292115385,-0.5704351161153846,9.856519615384618
1593046144447,-0.5819160711153847,-0.5344392409615384,9.652025288461537
1593046145447,-0.30788035039615386,-0.90895049275,9.839700907692308
1593046146447,-0.5242237257884615,-1.0046633996153846,9.823399725
1593046147447,-0.44368800516981133,-0.8634816525660377,9.993601283018869
1593046148447,-0.3978412760576923,-0.9717735892307692,9.680221432692306
1593046149447,-0.3960696697173077,-1.0676935653846154,9.740030621153846
1593046150447,-0.32802377348269235,-1.0869051688461537,9.75455998076923
1593046151447,-0.16874001396153845,-1.0493907730769232,9.845855509615383
1593046152447,-0.19785652224230768,-0.8953298157692309,9.8309348
1593046153447,-0.34791411301923075,-0.7711101090384616,9.80256615
1593046154447,-0.2793850527,-0.8982288006730771,9.785747288461538
1593046155447,-0.31379338169807686,-0.9524124367307691,9.638232086538462
1593046156447,-0.5422274116538461,-1.093554439975,9.797228215384617
1593046157447,-0.49019503219230764,-1.0274412280769232,9.866896182692308
1593046158447,-0.45467016520754716,-0.7299124876415094,9.88689487735849
1593046159447,-0.5257652583538461,-0.2166309779615385,9.834777115384615
1593046160447,-0.5580568569942307,0.05328632259038462,9.722555942307695
1593046161447,-0.18062360069230765,-0.46593318401346145,9.884474182692308
1593046162447,-0.4030065544884615,-0.37900930228076923,9.873741076923078
1593046163447,-0.5989534167307692,-0.25950621590384615,9.818142365384615
1593046164447,-0.37239452890384606,-0.3553111553884616,9.783929711538462
1593046165447,-0.3306581750192308,-0.8441487174423077,9.99449803846154
1593046166447,-0.38281711245961525,-0.8738979394230768,9.63321638076923
1593046167447,-0.31626673084615387,-0.9569680036538462,9.870485442307691
1593046168447,-0.40811430480769234,-0.9633526998076923,9.663552336538462
1593046169447,-0.29722920405018866,-0.9654249327483021,9.850426873584905
1593046170447,-0.34378419025,-0.9380900105769231,9.831855144230769
1593046171447,-0.2942826741346154,-1.0045943805769229,9.968234644230769
1593046172447,-0.2809956043634615,-0.9516186553846153,9.46321085576923
1593046173447,-0.24593154884615387,-1.1983324823076922,9.819108826923078
1593046174447,-0.32553892079999996,-1.008482706923077,9.938565923076924
1593046175447,-0.31044572864807696,-0.7728011907692308,9.557750461538461
1593046176447,-0.4179041762499999,-0.755579767576923,10.022970346153844
1593046177447,-0.21204089873076923,-0.8877256917307691,9.769411778846154
1593046178447,-0.3636055083384616,-1.0261297801923077,9.813885903846154
1593046179447,-0.3532174352307692,-1.0184911540384616,9.74321723076923
1593046180447,-0.3351306158660378,-1.002581396698113,9.735007028301887
1593046181447,-0.2658909102307692,-1.3512315491346152,9.883991042307692
1593046182447,-0.25191360936538465,-1.8497324242307693,9.583105132692308
1593046183447,-0.44971261415769226,-1.5153354771153846,9.728239173076922
1593046184447,-0.4252897055711538,-1.1906248403846154,9.960918096153847
1593046185447,-0.5630955964615385,-1.0769657569230768,9.759506701923076
1593046186447,-0.5079341270980768,-0.7043411488461538,9.73587764423077
1593046187447,-0.5395469988461539,-0.4487922902499999,9.845935923076924
1593046188447,-0.6670453265000003,-0.12732577327115385,9.918376490384617
1593046189447,-0.5656149611538461,-0.10663016109615385,9.772644326923075
1593046190447,-0.1965450677884615,-0.5818125259423077,9.767478990384614
1593046191447,-0.28527508192307693,-0.9422084294230769,9.78662164423077
1593046192447,-0.25323287173584913,-0.8175439786603773,9.868768094339623
1593046193447,-0.42435788981538464,-0.15092038375,9.859246067307692
1593046194447,-0.6913991975769231,0.28651749955769235,9.725846163461538
1593046195447,-0.6272301301730768,0.4239897643076923,9.824204951923077
1593046196447,-0.5882087272884615,0.623272782846154,10.013295490384614
1593046197447,-0.36967959463461536,0.05574816484615386,9.731402692307693
1593046198447,-0.3914105682769231,-0.5673635623653847,9.832602976923077
1593046199447,-0.42955768711538467,-0.7614927956153846,9.827380086538462
1593046200447,-0.5538234027692307,-1.1526847923076924,9.830106567307691
1593046201447,-0.2492792030019231,-1.213747786923077,9.712869771153846
1593046202447,-0.38818945751923073,-1.0572134675,9.951243221153845
1593046203447,-0.4626161400188679,-1.0533498713207545,9.752908113207548
1593046204447,-0.4368051724230769,-1.0444210621153844,9.73470423076923
1593046205447,-0.4252782122115384,-1.1171260611538463,9.700779076923077
1593046206447,-0.5085553404615384,-1.1603004017307692,9.770297548076924
1593046207447,-0.46922331567307685,-1.0083331659615384,9.838320432692306
1593046208447,-0.48802078063461535,-0.59949410625,9.756906846153846
1593046209447,-0.7054800382692308,-0.07203776565692308,9.800656442307691
1593046210447,-0.4336645905153847,-0.09081222390384612,9.929799807692309
1593046211447,-0.5860114678846154,-0.009789866230769228,9.884278634615384
1593046212447,-0.25549133301923077,-0.13568914856346154,9.704679038461538
1593046213447,-0.3792854031730768,-0.41448750236538473,9.849835932692308
1593046214447,-0.2573187265283019,-1.0115883419622642,9.848485566037738
1593046215447,-0.20754285913461532,-0.9201208328846154,9.755135298076922
1593046216447,-0.5611399207692307,-0.32973786438461544,9.847488980769231
1593046217447,-0.7300870039038462,-0.02098321284615385,9.824446576923076
1593046218447,-0.5071978724038462,-0.21005070982115384,9.802554605769231
1593046219447,-0.2910385648846153,-0.24296352932692306,9.907102528846154
1593046220447,-0.500744156173077,-0.212846175455,9.768744394230769
1593046221447,-0.46975249932692303,-0.05919935301923078,9.949264567307692
1593046222447,-0.3774447640576923,-0.12042339981538461,9.83177460576923
1593046223447,-0.462401476898077,-0.1928983217307692,9.723441942307693
1593046224447,-0.29432868713461535,-0.822797369423077,9.841955576923077
1593046225447,-0.49855362375471696,-0.8475445537169811,9.900811613207546
1593046226447,-0.4593184104038461,-0.3754085646538462,9.735578538461539
1593046227447,-0.4437190483653846,-0.17490613090384616,9.836215163461539
1593046228447,-0.2761524399038462,-0.32578050341153847,9.829266759615384
1593046229447,-0.4392094948269231,-0.4848686982115385,9.796181432692308
1593046230447,-0.24946326771730767,-0.8599206311923078,9.855599375
1593046231447,-0.4306045400769231,-0.5730925304423077,9.85391975
1593046232447,-0.3703698271346154,-0.5323340134423076,9.757689230769232
1593046233447,-0.27412774298076925,-0.896008545076923,9.730654884615383
1593046234447,-0.3699786950576923,-0.701925313903846,9.809054365384615
1593046235447,-0.46081392288461537,-0.4843970325384615,10.032679728846155
1593046236447,-0.5426402562830188,-0.5979347769433964,9.693572835849057
1593046237447,-0.6581412661538462,-0.6630879660384614,9.783492490384615
1593046238447,-0.7423847340384616,-0.4737328676076923,9.941211778846155
1593046239447,-0.5853787521153847,-0.39488475819230767,9.91805433653846
1593046240447,-0.7050428929999998,-0.4456862244038462,9.515519407692308
1593046241447,-0.5220149684365384,-0.5548012376346154,9.81553098076923
1593046242447,-0.6755237456538462,-0.401384498628846,9.931042134615383
1593046243447,-0.7451916936730769,-0.43474596542307686,9.791913403846154
1593046244447,-0.6150819597115385,-0.4833731890192307,9.680716228846153
1593046245447,-0.46365540285,-0.5137551288653845,9.934758115384616
1593046246447,-0.1921160508269231,-0.907593028653846,9.644018615384617
1593046247447,-0.3363756438461538,-0.8033211795769228,9.816808038461538
1593046248447,-0.20042147195660379,-0.23695716703207548,9.74274991509434
1593046249447,-0.030658039307692293,0.5023316978769231,9.932652778846151
1593046250447,-0.5084863132307693,0.4109903026603846,9.989574326923078
1593046251447,-0.803056590673077,0.2873687981730769,9.864399798076924
1593046252447,-0.694746852096154,0.6509973180769231,9.876766682692308
1593046253447,-0.3650780119038461,0.6739131917307692,10.127012115384616
1593046254447,-0.34769553815384613,0.6998200998653847,9.521628001923078
1593046255447,-0.11919247634615387,0.16684185865384618,9.994682126923076
1593046256447,-0.2432626349038461,0.07596061389999999,9.952957307692307
1593046257447,-0.12417369381923077,0.0696564479423077,9.89841698076923
1593046258447,0.27227560623076924,-0.08300103500384615,9.745322451923077
1593046259447,-0.4261255973773585,-0.9671179598301886,9.718562
1593046260447,-0.7176512262692307,-0.5428831414615385,9.876685996153848
1593046261447,-0.8455406982692306,-0.2570673790307692,9.93199710576923
1593046262447,-0.2894970289807693,-0.3380782276538462,10.305772096153845
1593046263447,-0.6100777395461539,-0.7391406086346154,9.167156615384615
1593046264447,-0.030255399769230758,-1.1097520250000001,10.052650661538461
1593046265447,-0.5758649794230769,-1.500874997692308,9.353440188461539
1593046266447,-0.3929175787884616,-1.4961698969230768,10.062290927500003
1593046267447,-0.8274679743846155,-1.912037855576923,9.289811799999999
1593046268447,-0.4713400500961539,-0.8586782135653848,9.622241628846153
1593046269447,-0.9790210885384616,-0.21916184759615384,10.234148365384616
1593046270447,-0.5413761217169811,0.2039429823018868,9.911940490566035
1593046271447,-0.5178160215576924,-0.016140045179615384,9.910151048076925
1593046272447,-0.5399266216461539,0.18460396594038464,9.572348836538463
1593046273447,-0.6717849600769232,0.010825221980769236,9.65503941346154
1593046274447,-0.8112704106923077,-0.26009291828846154,9.918180876923078
1593046275447,-0.6661019986538462,-0.24180163421153844,9.511976188461539
1593046276447,-0.5296535892692309,-0.19583182571153848,10.97355366730769
1593046277447,-0.6707726160192308,-0.4053303472307693,9.156711073076924
1593046278447,-0.15752365548076921,-0.3670451861796154,9.718265115384614
1593046279447,-0.6013117298076923,-0.666539153923077,9.746668432692308
1593046280447,-0.6714628430192308,-0.6813562504230769,9.708647798076925
1593046281447,-0.6624845518490565,-0.6305087694339623,9.98051979245283
1593046282447,-0.609099907923077,-0.5944208616153847,9.722130461538462
1593046283447,-0.5873919436923077,-0.6773528744807693,9.971432682692306
1593046284447,-0.7543603478846154,-0.6255850702499999,9.778867951923075
1593046285447,-0.43613793644230764,-0.654851138326923,10.044597875000001
1593046286447,-0.6827367264423075,-0.7162132344615386,9.597542528846153
1593046287447,-0.7494366551096154,-0.6653887534615385,9.627901575
1593046288447,-0.7551656289999997,-0.9447738113461538,9.74617373076923
1593046289447,-1.2809193741846154,-1.1319201475,10.00438001923077
1593046290447,-0.9999352739807693,-1.106438892519231,9.730298278846153
1593046291447,-0.48019808634615385,-1.0241511109615387,9.629466109615382
1593046292447,-0.5372564076150944,-0.9617341115849056,9.738257698113207
1593046293447,-0.6136784843076922,-1.0187327331134615,9.850123421153846
1593046294447,-0.5308615085384616,-0.9505718069230771,9.679071094230771
1593046295447,-0.5808922049057693,-0.9938726919230769,9.989102778846153
1593046296447,-0.6403101378846153,-0.9350874760192306,9.50479768269231
1593046297447,-0.7083905428884616,-0.9978300492307691,9.834719569230767
1593046298447,-0.5976994895903845,-0.9155882695384616,10.046449980769232
1593046299447,-0.3601428158192307,-0.9460737536538464,9.696292567307692
1593046300447,-0.5024812496153845,-0.9066612071153847,9.443861175
1593046301447,-0.5838257242115386,-0.9540344918903845,9.99991643076923
1593046302447,-0.4957169298615384,-0.9518487401923077,9.810032201923077
1593046303447,-0.4655765642307692,-0.9255276925,9.61989476923077
1593046304447,-0.2939447182830188,-0.9466886841509435,10.084946113207549
1593046305447,-0.4281541965769231,-0.9540229925,9.611911125000002
1593046306447,-0.620465815,-1.1713672096153847,9.898083442307692
1593046307447,-0.45721318925000004,-1.2918366412499998,9.69731639423077
1593046308447,-0.6404136692942308,-1.4470364846153845,9.75722896153846
1593046309447,-0.46169973021153843,-1.0344011172307692,9.734083067307692
1593046310447,-0.5312871488461538,-0.8823993655769231,10.205365490384615
1593046311447,-0.3363756493634615,-0.7927835559615386,9.343546778846154
1593046312447,-0.49006848149999993,-0.8394781164230769,9.946399894230769
1593046313447,-0.42333404230769234,-1.1660868884615385,9.662471019230768
1593046314447,-0.46963745980769234,-0.9777211378846153,9.953463375
1593046315447,-0.8832901551396228,-0.7880061580377361,9.72288483962264
1593046316447,-0.5974118905576924,-0.5903024471153846,9.810986961538463
1593046317447,-0.5578497884807692,-0.539523986346154,9.880988490384615
1593046318447,-0.5522588645326924,-0.7371274165384616,9.745840096153845
1593046319447,-0.602496628903846,-0.7524391855442308,9.926682423076922
1593046320447,-0.5144913800192308,-0.28673608081153845,9.67234135576923
1593046321447,-0.6280584246538461,-0.33100329948076923,9.866355557692307
1593046322447,-0.5866671978846154,-0.6106184274038461,9.653072155769229
1593046323447,-0.43473446057692305,-0.7971320473653847,9.859303598076922
1593046324447,-0.5488306892134616,-0.3374800212442308,9.771390403846153
1593046325447,-0.7119912851211538,0.24793323938461537,9.986456807692308
1593046326447,-0.5134523343207548,0.6320099255660379,9.763687066037736
1593046327447,-0.7338142757307693,0.9453489965384615,9.90243189423077
1593046328447,-0.8517183213461537,0.8631762549230769,9.731092057692308
1593046329447,-0.7536586020576924,0.22706506442307697,9.793581423076922
1593046330447,-0.8157569526923077,0.22122105676538467,10.004667605769232
1593046331447,-0.6604420582692309,0.17350265013461538,9.763912874999999
1593046332447,-0.4676012618461538,0.20046791815384615,9.969833605769232
1593046333447,-0.8305395318269232,0.09318203639730768,9.902385923076924
1593046334447,-0.44611187540384617,-0.4270038010961539,9.701941067307692
1593046335447,-0.7829246775961539,-0.3644452971153846,9.722659567307693
1593046336447,-0.6197180523653846,-0.28516003665384615,9.92550896153846
1593046337447,-0.44426364216226416,-0.2633120744339623,9.805629179245281
1593046338447,-0.4982362895,-0.39750766199230775,9.965703644230768
1593046339447,-0.6599588915076923,-0.5464263642307693,9.698903965384615
1593046340447,-0.4971779279230771,-0.5271457368076923,9.189922971153846
1593046341447,-0.474894768576923,-0.44834363242307695,10.268648903846154
1593046342447,-0.5491758072115385,-0.5048625733269231,9.54901891923077
1593046343447,-0.523153852326923,-0.5550083152153845,10.252485682692306
1593046344447,-0.426083490576923,-0.5228777629115385,9.874040067307693
1593046345447,-0.609502542,-0.7003952929615385,9.733139771153846
1593046346447,-0.5298951708519231,-0.7186290644999997,9.64648034230769
1593046347447,-0.6490646417307692,-0.9583484786538462,10.153574730769229
1593046348447,-0.7235872683346154,-0.875427972031923,9.299475167307692
1593046349447,-0.7939204974528302,-0.6390190845283019,10.143062311320756
1593046350447,-0.8560092951923076,-0.43841572076923074,9.781180201923076
1593046351447,-0.4048241754807692,-0.10496208498076923,9.551032096153847
1593046352447,-0.3983014308076923,-0.23277102541538466,9.450303530769231
1593046353447,-0.6229736767307693,-0.23782126130961537,10.473350192307691
1593046354447,-0.6845083350961539,-0.4251976820961539,9.85544976923077
1593046355447,-0.6448426903480768,-0.4574202624365385,9.893826903846152
1593046356447,-0.26858284119230774,-0.35969415986153846,9.465615192307693
1593046357447,-0.23506031241730768,-0.5421813955961536,9.883116813461537
1593046358447,-0.5241547011730769,-0.5925227097307693,9.771746898076923
1593046359447,-0.4395546182442308,-0.84998121725,9.863490996153844
1593046360447,-0.35739966373584897,-0.8539893758490567,9.776802377358493
1593046361447,-0.30820246116730765,-0.8039423872884613,9.798125538461539
1593046362447,-0.38866112166538463,-0.8237521998076923,9.980256134615384
1593046363447,-0.26873238814038464,-0.7642307405769231,9.647055519230769
1593046364447,-0.8535359443076923,-0.519265523776923,9.673008521153845
1593046365447,-0.7129000886538462,-0.19509556986538462,9.894586115384614
1593046366447,-0.5683183871999999,-0.24560944025769232,9.827989769230769
1593046367447,-0.6205578437884617,-0.591314788523077,10.106258913461538
1593046368447,-0.5221645232115384,-0.6632030050961539,9.532890365384615
1593046369447,0.06802288821153847,-0.3361455640961539,9.738178394230768
1593046370447,-0.33069269344999996,-0.1230808166923077,9.872533221153846
1593046371447,-0.44570836610188674,-0.1699242668226415,9.853925822641509
1593046372447,-0.6163358951596153,-0.23713102465384614,9.960262375000001
1593046373447,-0.7820503575384614,-0.3877408047384616,9.781053725000001
1593046374447,-0.2879554988346154,-0.6590500791346154,9.668073442307692
1593046375447,-0.4968098065192308,-0.9947009748076922,9.847696048076923
1593046376447,-0.3384808673269231,-0.9535858470903845,10.045932259615382
1593046377447,-0.5457591337557693,-1.0310189626923079,9.720485267307692
1593046378447,-0.6526768924038462,-0.9557716011538463,9.815968221153845
1593046379447,-0.6294273915384616,-0.6384694986538461,9.622207096153847
1593046380447,-0.6157722004999999,-0.23210379930769226,9.916754317307692
1593046381447,-0.21507794313461542,-0.15314064947884615,9.97264058653846
1593046382447,0.022573799401886797,-0.611603207264151,9.78571896037736
1593046383447,-0.19567077072115385,-0.882376350576923,9.653233207692308
1593046384447,-0.3062467886153847,-0.9241932311538463,9.86978364423077
1593046385447,-0.9219269561538461,-0.5503952215384615,9.813368336538462
1593046386447,-0.6013347377884615,0.22795086768961534,9.796722
1593046387447,-0.5680653003846154,-0.18966570419230766,9.816647038461538
1593046388447,-0.5602311059873077,-0.5004105370961539,10.025616240384617
1593046389447,-0.34371517025000003,-0.7817052488461539,9.744563153846153
1593046390447,-0.2930172369615385,-0.7326753903846155,9.666842413461538
1593046391447,-1.352404951923077,-0.45464780854615394,9.778304221153848
1593046392447,-0.9267011029807691,-0.14122255018576924,9.943547067307692
1593046393447,-0.4912171413962263,0.23919197126981134,9.728923433962263
1593046394447,-0.12314984050000001,0.24557492675384618,9.984133028846156
1593046395447,-0.03382162929807693,0.005280316423076924,9.941349778846156
1593046396447,-0.31709501553846153,-0.04399112190384614,9.69960580769231
1593046397447,-0.20321736533269227,-0.0062466466346154,9.804878403846155
1593046398447,-0.13276714226923075,-0.0887875268153846,9.953543990384615
1593046399447,-0.43235314357,-0.3128155403076923,9.86109818269231
1593046400447,-0.5900148438461538,-0.47327270874999994,9.743320634615383
1593046401447,-0.7833618242307693,-0.9552654199038463,9.724730326923078
1593046402447,-0.9431402415384617,-1.0717429600000001,9.718552596153845
1593046403447,-0.45231249748076924,-0.9293700126923077,9.792960384615384
1593046404447,-0.37669700748076923,-0.36765490178846155,9.887223721153845
1593046405447,-0.31658624045660383,-0.20090680726415094,9.834252632075472
1593046406447,-0.13032830551923077,-0.05388452471538462,9.834788721153847
1593046407447,-0.350882129173077,-0.09265285460192306,9.883139711538462
1593046408447,-0.6466718231923075,-0.15208228715307692,9.790498432692306
1593046409447,-0.6997970856538461,-0.2484049019807692,9.893194192307693
1593046410447,-0.6459240690076923,-0.31894715784615385,9.656132221153847
1593046411447,-0.6367669155769231,-0.43802459196153853,9.889489971153846
1593046412447,-0.5021706444230769,-0.41081773653846165,10.005403836538461
1593046413447,-0.5329782363923077,-0.49700536648076926,9.71462989423077
1593046414447,-0.3378021345576923,-0.7078153490192308,9.924392961538462
1593046415447,-0.3666540523461539,-0.8465760528846155,9.772379673076923
1593046416447,-0.48077675981132073,-0.769563369245283,9.883237905660376
1593046417447,-0.3591994930576922,-0.9100663857692308,9.705277211538462
1593046418447,-0.39196275724999996,-0.9552769225,9.7719655
1593046419447,-0.8129154748076923,-0.457190177923077,9.923725750000001
1593046420447,-1.08852724,-0.6713132977307693,9.774254923076922
1593046421447,-0.5096942292115385,-1.1233727180769233,9.745897653846153
1593046422447,0.07425802940961539,-1.2960700907692306,9.743378221153845
1593046423447,0.1630225465192308,-1.4433322288461539,9.726720557692309
1593046424447,-0.2326559855896154,-1.3711909153846153,9.733346846153845
1593046425447,-0.5283076270961538,-0.915116615826923,9.819534355769232
1593046426447,-1.2302789682692308,-0.39852001190384606,9.753237153846154
1593046427447,-0.6801372681509433,0.16398735547547172,9.644903673584906
1593046428447,0.017624058192307692,0.7030411956653846,10.019162603846155
1593046429447,-0.05704810692307694,0.6354439598326922,9.937576542307694
1593046430447,-0.30882367190384613,0.4669685355,9.92813171153846
1593046431447,-0.1518637103076923,0.10088968848076924,9.814150567307692
1593046432447,-0.6420127242307694,-0.02305392148076924,9.891928855769233
1593046433447,-0.4916100099615384,-0.05548357413461539,9.803106869230769
1593046434447,-0.42747546250192303,-0.32696541073076923,9.936840324999999
1593046435447,-0.52101412375,-0.5119605095,9.634102173076922
1593046436447,-0.766830633076923,-0.3803322584673076,9.901845278846155
1593046437447,-0.4349415343923078,-0.49208167384615387,9.795491182692308
1593046438447,-0.35300906458490566,-0.6339399868679246,9.90594713207547
1593046439447,-0.3118722189538462,-0.9353865836538462,9.702573769230767
1593046440447,-0.44646848980769227,-0.9920435665384617,9.836767317307693
1593046441447,-0.46624379798076926,-0.9862685759615383,9.696741163461537
1593046442447,-0.3692769597307692,-0.8077962215384614,9.837434538461538
1593046443447,-0.4604688065788461,-0.7166503897500001,9.734232596153847
1593046444447,-0.5874839774230769,-0.5797533130192307,9.89880816346154
1593046445447,-0.6423003267307693,-0.3611091492115384,9.756550259615382
1593046446447,-0.5851486718653847,-0.25736648253846156,9.820983990384615
1593046447447,-0.5402832486153846,-0.2987922209423077,9.67400935576923
1593046448447,-0.3662399108576923,-0.38532497576923075,9.930800663461538
1593046449447,-0.3803797975615095,-0.5863882806037736,9.802762283018867
1593046450447,-0.42517467590384617,-0.6103768419807692,9.739823605769233
1593046451447,-0.39222734897307693,-0.5837451884615383,9.915741923076922
1593046452447,-0.5647751706346154,-0.5505217647692308,9.82674735576923
1593046453447,-0.6599128710384616,-0.4286833799230768,9.799333538461537
1593046454447,-0.4476994171307692,-0.40950629198076915,9.96702664423077
1593046455447,-0.4927719145576923,-0.44423673326153845,9.715147480769229
1593046456447,-0.13330783341423075,-0.42836126750769227,9.826367788461537
1593046457447,-0.013482635417307697,-0.4314673329615385,9.82060425
1593046458447,-0.3765014401730769,-0.5007671590384616,9.859084971153846
1593046459447,-0.5927642862884615,-0.5231883717884617,9.746311769230768
1593046460447,-0.8775562038461538,-0.4873995686346154,9.819661057692308
1593046461447,-0.806708556037736,-0.503339272490566,9.778326103773585
1593046462447,-0.7124514384615384,-0.5890945272557693,9.86847226923077
1593046463447,-0.5416867310576923,-0.5728394421923076,9.904065461538462
1593046464447,-0.31052625528846156,-0.731145363046154,9.746426759615384
1593046465447,-0.40216676508269233,-0.9448658364423077,9.863617538461538
1593046466447,-0.5923041354423076,-1.21673880975,9.648413115384615
1593046467447,-0.26686874842307695,-1.194881285576923,9.917387034615386
1593046468447,-0.3977147333653846,-1.0752056503846155,9.767766692307692
1593046469447,0.24755360773076918,-0.8916600509615384,9.821950298076924
1593046470447,-0.42042354361538464,-0.4609634752307693,9.59039871153846
1593046471447,-0.8756925606730769,0.1190889398519231,9.89246948076923
1593046472447,-0.9361692830188681,0.42089975426415094,9.820279556603774
1593046473447,-0.7882625020000001,0.02268580080769232,9.894597778846155
1593046474447,-0.718801616926923,-0.2889333362,10.006393082692306
1593046475447,-0.5422159134423077,-0.3035893740576923,9.635482588461537
1593046476447,-0.4820157152884615,-0.4232765212115384,9.96418516923077
1593046477447,-0.520738027673077,-0.5818470427115383,9.87423573846154
1593046478447,-0.5107986079769231,-0.6187632282384615,9.813770903846157
1593046479447,-0.4004181595192308,-0.8748067525384615,9.69268025
1593046480447,-0.4970398819807691,-1.0165009803846152,9.817210536538461
1593046481447,-0.37403959369230766,-1.0497934100000001,9.802600586538462
1593046482447,-0.5344162274230769,-1.049563336821154,9.719081898076924
1593046483447,-0.37780638760377366,-1.0186426594339621,9.890224515094339
1593046484447,-0.4727205209884616,-1.0067686261076925,9.81347182692308
1593046485447,-0.55579058275,-0.9680002988461537,9.761853544230771
1593046486447,-0.4728470641730769,-1.680612774807692,9.777257375000001
1593046487447,-0.2333462240115385,-2.0849192884615384,9.754571701923078
1593046488447,0.4773105988846153,-2.3210379653846154,9.725938269230769
1593046489447,1.1855515853846155,-2.2468144615384613,9.841081355769232
1593046490447,0.08433549639038461,-2.4838304499999997,9.710626490384616
1593046491447,-0.29291370517307685,-1.3821196628115389,9.768583417307694
1593046492447,-0.33561638436538455,-0.9670454672692308,9.81436923076923
1593046493447,-0.37493689740384617,-1.149107067730769,9.609230624999999
1593046494447,-0.7011760546603776,-1.6177512641509437,9.78162191509434
1593046495447,-0.3450266185961538,-2.062302501923077,9.370696046153846
1593046496447,-0.024537933596153846,-2.91093776923077,9.74646135
1593046497447,0.2594256888719231,-3.0287497826923078,9.737718403846154
1593046498447,-0.050306793480769246,-2.0398813057692307,9.759012067307692
1593046499447,0.1373917351730769,-2.422847976923077,9.78129526923077
1593046500447,0.45456727644230777,-2.66161255,9.749693846153846
1593046501447,0.1990759442884616,-2.588758021153846,9.746909942307694
1593046502447,-0.677364377503846,-2.5480570076923077,9.71358298076923
1593046503447,-1.7757183288349514,-1.424908457864078,9.702529995145634
1593046504447,-0.9516301664423078,-0.48631819687211536,9.77330577403846
1593046505447,-0.32282398555769226,-0.011826066148076927,9.8081858125
1593046506447,0.6482248551442307,-1.5392061663461538,9.811314855769231
1593046507447,-0.19680391164423078,-2.229368701923077,9.726099375
1593046508447,-0.38735241038095236,-1.1476262278095237,9.779346480952379
1593046509447,-0.4644204165384615,-0.8809958826923078,9.798160067307693
1593046510447,-0.3486446125,-0.9639221462500001,9.802301485576923
1593046511447,-0.45615482673076924,-0.09978530871442308,9.832597115384614
1593046512447,-0.5011122832692307,1.0403486755769231,9.876726317307693
1593046513447,-0.33571416734519227,1.4068186517307693,9.910760798076922
1593046514447,-0.8911270286666666,1.4147506912380954,9.9226425
1593046515447,-3.0679974294117645,0.873685237372549,9.771877215686274
1593046516447,-3.5626194641509437,0.12263216180000001,9.741553415094339
1593046517447,-3.166958285,0.3171870432384615,9.692553740384616
1593046518447,-2.3536401653846153,0.6942291805769231,9.792983240384617
1593046519447,-1.7294125703846153,0.6557599521346152,9.822766942307691
1593046520447,-1.170964576730769,-0.005027226846153852,9.779063528846153
1593046521447,-0.5878866132423077,-1.0831548957692307,9.82227244230769
1593046522447,-0.08075776282692307,-1.4842057532692308,9.822939490384615
1593046523447,0.08006752782692309,-1.705932998076923,9.74240026923077
1593046524447,0.5227972293769232,-1.8702669876923075,9.74200923076923
1593046525447,0.6759378811403848,-1.7196917236538465,9.82353776923077
1593046526447,1.694785655384616,-1.2706463436538458,9.789106461538461
1593046527447,2.8385433698076925,-0.6498239081730769,9.918203884615385
1593046528447,2.341929154230769,-0.08264441282884614,9.766121615384614
1593046529447,0.8846196367057693,0.1577882459673077,9.922034798076924
1593046530447,0.5019848424264151,-0.542358087735849,9.900269877358491
1593046531447,1.1486008849038463,-0.5374762868653846,9.992346865384615
1593046532447,0.1842243360576923,-0.6333617434230768,9.824849221153848
1593046533447,-0.6108370004807692,-0.6544600038461539,9.819453894230769
1593046534447,-0.627609770898077,-0.5470705838461539,9.781007740384615
1593046535447,-0.9746495796153846,-0.40948327915384614,9.695015557692306
1593046536447,-0.9956327936096154,-0.9460507474038462,9.81153935576923
1593046537447,-1.654211195384615,-1.2171874673076923,9.779121
1593046538447,-1.688884125576923,-1.4522707769230772,9.705679798076924
1593046539447,-2.785579169230769,-1.9067230230769225,9.689781298076925
1593046540447,-2.763468573076923,-2.4503654173076925,9.573119673076922
1593046541447,-2.3503848834951455,-2.246552643689321,9.586437388349514
1593046542447,-1.9032511289523808,-2.646746714285715,9.633310304761903
1593046543447,0.09786989842307693,-2.6745890028846153,9.729268716346155
1593046544447,-0.15877183523365385,-1.1832968025961539,9.799034399038462
1593046545447,-0.5437056744230768,-0.5129325944711538,9.8007944375
1593046546447,-0.49366922019230763,-0.6041877172115384,9.813782423076923
1593046547447,-0.5186158227619048,-0.5908904593333334,9.81318789047619
1593046548447,-0.49320906259615377,-0.5889794879807693,9.803290783653846
1593046549447,-0.5105972936250001,-0.6076561626923078,9.80570666826923
1593046550447,-0.5135423012884616,-0.592499698076923,9.809675538461537
1593046551447,-0.4968673227884616,-0.59024492375,9.811401081730768
1593046552447,-0.5150608268269231,-0.594915528076923,9.808737975961538
1593046553447,-0.5086001529523809,-0.5954254266666666,9.809376457142857
