utcTimeMillis,ax,ay,az
1593045251447,-2700122.7203330896,-4292753.904702425,3855200.9991532937
1593045252447,-2700122.662215514,-4292753.941028624,3855201.028147523
1593045253447,-2700122.683982898,-4292753.935479415,3855201.0212900047
1593045254447,-2700122.6798641584,-4292753.929363419,3855201.0358508667
1593045255447,-2700122.748690285,-4292753.166064206,3855201.9358250652
1593045256447,-2700122.3197555263,-4292753.4768625405,3855201.7521676654
1593045257447,-2700121.253803763,-4292754.425715045,3855201.648426534
1593045258447,-2700120.8049822575,-4292754.595853579,3855201.718929307
1593045259447,-2700120.768279319,-4292754.178066344,3855202.2644328307
1593045260447,-2700122.3723594397,-4292752.843221584,3855202.5744285234
1593045261447,-2700123.72113125,-4292752.495004842,3855201.931344802
1593045262447,-2700124.26640854,-4292752.4055571575,3855201.6780173667
1593045263447,-2700123.528525761,-4292752.7652782705,3855201.8302707877
1593045264447,-2700122.864574868,-4292752.955819985,3855201.93411027
1593045265447,-2700122.587134693,-4292753.584084521,3855201.799017029
1593045266447,-2700122.1374033876,-4292753.539971732,3855201.901209352
1593045267447,-2700122.4193488685,-4292753.36374617,3855201.7473343746
1593045268447,-2700122.4833621504,-4292753.891382239,3855201.040924321
1593045269447,-2700122.7575689284,-4292754.003508735,3855200.826123775
1593045270447,-2700122.546926823,-4292753.603845642,3855201.4361192565
1593045271447,-2700122.535404587,-4292753.916885426,3855201.2685971996
1593045272447,-2700122.612339775,-4292753.786943197,3855201.2561839637
1593045273447,-2700122.0877251923,-4292753.615089507,3855201.325432344
1593045274447,-2700122.463019992,-4292753.827042199,3855201.373597223
1593045275447,-2700122.579220445,-4292753.838886257,3855201.2005168526
1593045276447,-2700122.7382640583,-4292754.107106394,3855201.0043354463
1593045277447,-2700122.7434778963,-4292754.270504621,3855200.8828460663
1593045278447,-2700122.747777454,-4292754.071667321,3855200.897753066
1593045279447,-2700122.6940624993,-4292754.120899805,3855200.793389492
1593045280447,-2700122.834463743,-4292754.039613597,3855200.7140502553
1593045281447,-2700123.3728596624,-4292753.753711637,3855200.7273168494
1593045282447,-2700124.053188285,-4292753.070844772,3855200.8163943747
1593045283447,-2700124.012029558,-4292753.204232698,3855200.868231146
1593045284447,-2700123.64188332,-4292753.4100394305,3855200.722584795
1593045285447,-2700123.0122396355,-4292754.167804547,3855200.65699103
1593045286447,-2700122.864885077,-4292754.463241348,3855200.1408990277
1593045287447,-2700121.8207536857,-4292754.986629157,3855200.195222064
1593045288447,-2700121.717742035,-4292755.401250058,3855200.0804279433
1593045289447,-2700122.0832133763,-4292755.469041075,3855199.5887906784
1593045290447,-2700122.7294607917,-4292755.506045842,3855199.0023784125
1593045291447,-2700123.10245072,-4292755.491916169,3855198.760089936
1593045292447,-2700122.7162061185,-4292755.021296181,3855199.5265154433
1593045293447,-2700123.2668268518,-4292753.871013188,3855200.520482536
1593045294447,-2700124.3434358416,-4292752.879124632,3855201.0649450165
1593045295447,-2700124.412355093,-4292752.774833239,3855201.254002603
1593045296447,-2700124.555266881,-4292751.980481339,3855201.3881007987
1593045297447,-2700124.341512913,-4292751.910059654,3855201.9543326497
1593045298447,-2700123.909884326,-4292752.219060462,3855202.056249414
1593045299447,-2700122.956727564,-4292752.765135675,3855202.2122310274
1593045300447,-2700122.847713907,-4292752.883979592,3855201.900159791
1593045301447,-2700123.0690605897,-4292753.458135963,3855201.628334474
1593045302447,-2700123.0320599116,-4292753.417071523,3855201.318179254
1593045303447,-2700122.496552143,-4292753.690236694,3855201.4617370544
1593045304447,-2700122.1178263156,-4292753.702917543,3855201.757753554
1593045305447,-2700122.1694726185,-4292753.710203204,3855201.7113615004
1593045306447,-2700122.1782427826,-4292754.004599543,3855201.581215226
1593045307447,-2700122.2217992283,-4292753.899676688,3855201.3473918834
1593045308447,-2700122.3250207314,-4292753.933732143,3855201.2646225123
1593045309447,-2700122.4321099184,-4292753.883556319,3855201.3203284466
1593045310447,-2700122.370546674,-4292753.818933299,3855201.340615426
1593045311447,-2700122.4364873357,-4292754.057943719,3855201.2071479172
1593045312447,-2700122.6192499837,-4292754.274137981,3855200.6520225923
1593045313447,-2700123.0351046645,-4292754.792351712,3855199.8837174694
1593045314447,-2700123.3122465485,-4292755.004688791,3855198.8673418835
1593045315447,-2700123.2853187076,-4292755.331760685,3855198.800922684
1593045316447,-2700123.25683598,-4292755.443816782,3855198.674614933
1593045317447,-2700123.311709255,-4292755.293146466,3855198.787906924
1593045318447,-2700123.0897825514,-4292754.866165461,3855199.419935267
1593045319447,-2700123.1311611095,-4292755.11217098,3855199.1412777733
1593045320447,-2700123.0471120304,-4292754.95693085,3855199.4782461557
1593045321447,-2700122.8843096285,-4292754.518646671,3855200.141885239
1593045322447,-2700122.8310240996,-4292754.407452526,3855200.3123045485
1593045323447,-2700122.6718396563,-4292753.965953522,3855200.9967816
1593045324447,-2700122.6669320995,-4292753.926574959,3855201.048338748
1593045325447,-2700122.6607031776,-4292753.931429269,3855201.048344153
1593045326447,-2700122.664425063,-4292753.930734847,3855201.0422546105
1593045327447,-2700122.6656553014,-4292753.930918987,3855201.0465329997
1593045328447,-2700122.5860384465,-4292753.712815766,3855201.3645238
1593045329447,-2700122.7185886223,-4292754.065508277,3855200.843647773
1593045330447,-2700122.675720656,-4292753.939866715,3855201.021967889
1593045331447,-2700122.659371306,-4292753.893142418,3855201.094807251
1593045332447,-2700122.658079501,-4292753.907920173,3855201.07360671
1593045333447,-2700122.559597209,-4292753.622736309,3855201.5137542626
1593045334447,-2700122.471095555,-4292753.196776661,3855202.087915075
1593045335447,-2700122.2700846493,-4292752.817326083,3855202.6386269564
1593045336447,-2700122.275326587,-4292752.866667184,3855202.756070288
1593045337447,-2700121.951300298,-4292752.380030057,3855203.2624237346
1593045338447,-2700122.171524559,-4292752.828287747,3855202.716337113
1593045339447,-2700122.57739089,-4292752.988719319,3855202.2053128025
1593045340447,-2700122.690065273,-4292753.300769923,3855201.953592494
1593045341447,-2700122.7998135486,-4292753.376862395,3855201.579269315
1593045342447,-2700122.8548119706,-4292753.529271864,3855201.3186406484
1593045343447,-2700123.025758267,-4292753.860985249,3855200.8657605955
1593045344447,-2700122.8288931004,-4292754.222515431,3855200.5652403054
1593045345447,-2700122.6817578874,-4292754.307593733,3855200.407251836
1593045346447,-2700122.8305545785,-4292754.637474984,3855200.0724506723
1593045347447,-2700122.8962448942,-4292754.998100891,3855199.538161232
1593045348447,-2700121.829784368,-4292755.466046146,3855199.803297869
1593045349447,-2700120.933999732,-4292755.559107524,3855200.455701592
1593045350447,-2700119.4062310997,-4292756.170507354,3855201.061881717
1593045351447,-2700119.195928124,-4292755.808741172,3855201.5053458638
1593045352447,-2700120.518074702,-4292754.410847904,3855202.31517743
1593045353447,-2700122.1454223,-4292753.080033677,3855202.569890659
1593045354447,-2700122.3532166397,-4292752.950108175,3855202.521067397
1593045355447,-2700122.2154950225,-4292753.011865744,3855202.4458670234
1593045356447,-2700122.331527854,-4292753.1097831335,3855202.3419074984
1593045357447,-2700122.487705086,-4292753.375667226,3855201.867134461
1593045358447,-2700122.3411030537,-4292753.547198439,3855201.6787989084
1593045359447,-2700122.722075011,-4292753.640914193,3855201.456100542
1593045360447,-2700122.746751905,-4292753.744058641,3855201.0955883698
1593045361447,-2700122.805154314,-4292753.645496401,3855201.304251553
1593045362447,-2700122.6333059976,-4292753.900868571,3855201.015875904
1593045363447,-2700122.839362662,-4292754.121691554,3855200.694437344
1593045364447,-2700122.6386918547,-4292754.012148802,3855200.612066948
1593045365447,-2700122.230902241,-4292754.562540376,3855200.769950677
1593045366447,-2700122.333098943,-4292754.430821498,3855200.631290444
1593045367447,-2700122.7530933754,-4292754.122078717,3855200.6521353084
1593045368447,-2700122.828708423,-4292754.092776885,3855200.655562254
1593045369447,-2700122.8045946993,-4292754.116602083,3855200.6493935357
1593045370447,-2700122.7179242037,-4292754.2460401105,3855200.7157773827
1593045371447,-2700122.5851360485,-4292754.225995446,3855200.70026974
1593045372447,-2700122.9802978192,-4292754.054017522,3855200.6707680183
1593045373447,-2700122.769461519,-4292754.0547394315,3855200.7192220874
1593045374447,-2700122.5141592557,-4292754.102631518,3855200.966540221
1593045375447,-2700122.4369299235,-4292754.319648155,3855200.7940323995
1593045376447,-2700122.243248028,-4292754.479515376,3855200.7763598794
1593045377447,-2700122.5504603265,-4292754.32381955,3855200.7424869663
1593045378447,-2700122.327722626,-4292754.443081151,3855200.752324276
1593045379447,-2700122.331340013,-4292754.396544321,3855200.761851201
1593045380447,-2700122.4498639223,-4292753.924249283,3855201.253012629
1593045381447,-2700122.357658342,-4292753.853928604,3855201.414849992
1593045382447,-2700122.233848701,-4292753.809785042,3855201.7367277406
1593045383447,-2700122.124321345,-4292753.912110395,3855201.5862160726
1593045384447,-2700122.278645522,-4292753.703895687,3855201.610605719
1593045385447,-2700122.1429804815,-4292753.787893425,3855201.6496363617
1593045386447,-2700122.13159295,-4292753.956880337,3855201.430409833
1593045387447,-2700122.4586613295,-4292753.94888775,3855201.2125996714
1593045388447,-2700122.544269065,-4292754.0680073295,3855201.3054278935
1593045389447,-2700122.4266496333,-4292754.153131206,3855201.2733459445
1593045390447,-2700122.565593638,-4292754.247991918,3855201.265512812
1593045391447,-2700122.565541594,-4292754.124946214,3855200.929602924
1593045392447,-2700121.976952559,-4292754.235202569,3855201.231405585
1593045393447,-2700122.063247038,-4292753.998495141,3855201.1026491113
1593045394447,-2700122.3587274607,-4292753.879914114,3855200.8887940724
1593045395447,-2700122.5466080015,-4292754.035686108,3855201.033626063
1593045396447,-2700122.4956233394,-4292753.816260383,3855200.9383677603
1593045397447,-2700122.4759121626,-4292753.777360522,3855201.208827809
1593045398447,-2700122.5257713925,-4292753.805658685,3855200.998890512
1593045399447,-2700122.528504646,-4292753.804904964,3855200.973310149
1593045400447,-2700122.4855393586,-4292753.929154855,3855201.0766392
1593045401447,-2700122.478236004,-4292753.87641747,3855200.9875427317
1593045402447,-2700122.5938008833,-4292753.992138279,3855201.017387145
1593045403447,-2700122.5389347114,-4292754.325892322,3855200.8941519074
1593045404447,-2700122.9600834055,-4292754.428839547,3855200.88824099
1593045405447,-2700122.7610372314,-4292754.253652286,3855200.7593250065
1593045406447,-2700122.8215689273,-4292754.339408634,3855200.494103392
1593045407447,-2700122.86787638,-4292754.529316452,3855200.216445199
1593045408447,-2700123.2737749396,-4292754.346816727,3855199.9283833117
1593045409447,-2700124.02644665,-4292754.1545288935,3855199.5588854146
1593045410447,-2700124.1784628723,-4292754.1415333105,3855199.497257667
1593045411447,-2700123.6579128373,-4292754.528664644,3855199.4523804053
1593045412447,-2700123.610670614,-4292754.369831779,3855199.7537290645
1593045413447,-2700123.8304896005,-4292753.644542196,3855200.512363752
1593045414447,-2700123.4128811415,-4292753.992222785,3855200.3356901254
1593045415447,-2700122.3475407665,-4292754.960282709,3855200.0609255494
1593045416447,-2700120.5911563295,-4292755.824223772,3855200.520198439
1593045417447,-2700119.9855619543,-4292755.795932939,3855201.0314580943
1593045418447,-2700119.9153311467,-4292755.307761421,3855201.428206848
1593045419447,-2700121.268805519,-4292754.056012638,3855202.011897654
1593045420447,-2700122.4960552133,-4292753.2601674395,3855201.948906843
1593045421447,-2700122.710044276,-4292752.9240681,3855202.2340124897
1593045422447,-2700123.107588731,-4292752.9064760115,3855201.9162911926
1593045423447,-2700123.137689373,-4292753.153392417,3855201.581042819
1593045424447,-2700123.60748651,-4292752.908275162,3855201.3623600197
1593045425447,-2700123.5212126216,-4292753.134769735,3855201.1499877237
1593045426447,-2700123.7369012693,-4292753.435676396,3855200.821007619
1593045427447,-2700123.735370062,-4292753.256781197,3855200.909849985
1593045428447,-2700123.870975687,-4292753.11852137,3855200.8230977077
1593045429447,-2700123.669322477,-4292753.653264644,3855200.691565535
1593045430447,-2700123.2782094437,-4292753.876426598,3855200.6946123894
1593045431447,-2700122.9127996205,-4292753.95316676,3855200.657040623
1593045432447,-2700122.614107461,-4292754.005106165,3855201.1567185605
1593045433447,-2700122.339761365,-4292753.691298581,3855201.5082559627
1593045434447,-2700121.9930941504,-4292753.950962126,3855201.544571032
1593045435447,-2700122.0809776313,-4292754.053324798,3855201.264819425
1593045436447,-2700122.1706067463,-4292754.417158115,3855200.9006548556
1593045437447,-2700122.1290259343,-4292754.46014295,3855200.9822661174
1593045438447,-2700122.2141894237,-4292754.381569226,3855200.8913747743
1593045439447,-2700122.246342565,-4292754.368970922,3855201.0166668682
1593045440447,-2700122.083363772,-4292754.285456529,3855201.1078876643
1593045441447,-2700122.0436782674,-4292754.098730299,3855201.2354749935
1593045442447,-2700121.8683872465,-4292754.28858449,3855201.0468702987
1593045443447,-2700122.36521989,-4292754.389455691,3855200.8509855904
1593045444447,-2700122.4383421135,-4292754.304615826,3855200.62758864
1593045445447,-2700122.115215938,-4292754.508883984,3855200.884471881
1593045446447,-2700122.4921168503,-4292754.382092841,3855200.84832211
1593045447447,-2700122.832357184,-4292754.434062946,3855200.354706169
1593045448447,-2700122.406425913,-4292754.362836143,3855200.647881602
1593045449447,-2700122.3308173795,-4292754.054178448,3855201.225572319
1593045450447,-2700122.0429898445,-4292753.921110182,3855201.62833872
1593045451447,-2700121.8465350172,-4292754.045622993,3855201.4725467768
1593045452447,-2700122.168324988,-4292753.892639437,3855201.4040937736
1593045453447,-2700122.489790233,-4292753.9782835245,3855201.192842721
1593045454447,-2700122.4725141204,-4292754.096985742,3855201.034540873
1593045455447,-2700122.129799892,-4292754.249369805,3855201.2496424005
1593045456447,-2700121.6972855553,-4292754.790442998,3855200.8584324126
1593045457447,-2700122.24041179,-4292754.844348813,3855200.2948388057
1593045458447,-2700122.571769875,-4292754.36052873,3855200.5618857257
1593045459447,-2700122.995062918,-4292754.259851036,3855200.286953099
1593045460447,-2700123.417540701,-4292754.030722572,3855200.242582742
1593045461447,-2700123.1341431155,-4292753.623660625,3855200.920557424
1593045462447,-2700123.222814955,-4292753.180937154,3855201.4924027063
1593045463447,-2700123.400270394,-4292753.207647097,3855201.3318659617
1593045464447,-2700123.6474602805,-4292753.220363184,3855201.018405691
1593045465447,-2700123.7871638904,-4292753.245266042,3855200.8654481703
1593045466447,-2700123.606658869,-4292753.690150018,3855200.646569034
1593045467447,-2700123.326150656,-4292753.78340111,3855200.6400922853
1593045468447,-2700123.5672998177,-4292753.273184672,3855200.9015350486
1593045469447,-2700123.599400059,-4292753.41492316,3855200.778841348
1593045470447,-2700123.5238976395,-4292753.420852896,3855200.851366107
1593045471447,-2700123.5858245757,-4292753.23133437,3855201.009495346
1593045472447,-2700123.5058511,-4292753.712284726,3855200.746297448
1593045473447,-2700123.621379827,-4292753.426337914,3855200.628135613
1593045474447,-2700123.6337149,-4292753.502650377,3855200.8082401482
1593045475447,-2700123.642690806,-4292753.643658595,3855200.5425054547
1593045476447,-2700123.599609565,-4292753.601094307,3855200.522394642
1593045477447,-2700123.719866002,-4292753.890657142,3855200.0587255224
1593045478447,-2700123.3895223606,-4292754.898860868,3855199.443784274
1593045479447,-2700122.798077247,-4292754.121040906,3855199.8990314347
1593045480447,-2700123.0529329646,-4292755.133450818,3855199.9690749305
1593045481447,-2700122.7849150314,-4292753.935775588,3855200.7328201365
1593045482447,-2700122.773319897,-4292754.075933415,3855200.9169075666
1593045483447,-2700122.7677575815,-4292753.790612634,3855201.030714461
1593045484447,-2700122.6180130546,-4292753.721679423,3855201.3658749624
1593045485447,-2700122.44107189,-4292753.827950366,3855201.5156106497
1593045486447,-2700122.061961896,-4292753.9076013155,3855201.388251772
1593045487447,-2700122.7235917426,-4292753.4877798855,3855201.5843276717
1593045488447,-2700122.6589701544,-4292753.447247378,3855201.7086599017
1593045489447,-2700122.835754312,-4292753.4806077285,3855201.384114717
1593045490447,-2700122.803314479,-4292753.726210354,3855201.0907621738
1593045491447,-2700122.997414071,-4292754.12939061,3855200.5107965143
1593045492447,-2700123.1832751716,-4292754.365634264,3855200.038521695
1593045493447,-2700123.184435685,-4292754.640672679,3855199.6862455155
1593045494447,-2700123.162776427,-4292754.595218663,3855199.822664776
1593045495447,-2700123.178404602,-4292754.896002341,3855199.4407823435
1593045496447,-2700123.2277113725,-4292755.29766949,3855198.804733428
1593045497447,-2700122.9854341596,-4292754.400828199,3855200.109098433
1593045498447,-2700122.74914221,-4292753.988846096,3855200.887610222
1593045499447,-2700122.2899944335,-4292753.987537294,3855201.2938836203
1593045500447,-2700121.497860419,-4292754.213570606,3855201.683475125
1593045501447,-2700120.6538169924,-4292754.695057108,3855201.918100368
1593045502447,-2700120.5772234993,-4292754.684170801,3855201.951371505
1593045503447,-2700120.8297141725,-4292754.082051342,3855202.569717138
1593045504447,-2700122.5251247543,-4292753.147099661,3855202.108160424
1593045505447,-2700122.6735172467,-4292752.857526293,3855202.324883117
1593045506447,-2700122.4722902,-4292753.130989156,3855202.1764404224
1593045507447,-2700122.3649271782,-4292753.243604708,3855202.041415419
1593045508447,-2700122.442186724,-4292753.3048993135,3855201.9878629185
1593045509447,-2700122.5534112398,-4292753.423152772,3855201.7260479233
1593045510447,-2700122.505772108,-4292753.762173941,3855201.4670874425
1593045511447,-2700122.6224825694,-4292754.025140871,3855200.7806745796
1593045512447,-2700122.625950556,-4292753.936104088,3855201.214539271
1593045513447,-2700122.658991822,-4292753.726049731,3855201.285665455
1593045514447,-2700122.806371277,-4292753.745870671,3855201.125720408
1593045515447,-2700122.6944553475,-4292753.976871274,3855200.9323604256
1593045516447,-2700123.0677706697,-4292754.082978052,3855200.572544199
1593045517447,-2700122.974694468,-4292754.465140713,3855200.034825447
1593045518447,-2700122.8572718985,-4292754.585530477,3855199.9810501235
1593045519447,-2700122.641638086,-4292754.635947328,3855200.2730110907
1593045520447,-2700121.946788251,-4292754.735556024,3855200.661556677
1593045521447,-2700121.3600910464,-4292755.411238956,3855200.754202391
1593045522447,-2700121.3766581444,-4292755.359556633,3855200.7486946206
1593045523447,-2700121.2857402405,-4292754.830652831,3855201.005701829
1593045524447,-2700122.1659434475,-4292753.934745511,3855201.533587
1593045525447,-2700122.4256022545,-4292753.907586235,3855201.2211628486
1593045526447,-2700122.551259364,-4292754.545390432,3855200.355165246
1593045527447,-2700124.0779190664,-4292754.12542377,3855199.66286422
1593045528447,-2700125.168571612,-4292753.175015367,3855199.8354698503
1593045529447,-2700125.21352918,-4292753.176852613,3855199.837103082
1593045530447,-2700125.1074757124,-4292753.553097605,3855199.2485565506
1593045531447,-2700122.945599481,-4292754.214162239,3855200.4333594535
1593045532447,-2700122.5108919586,-4292754.064832742,3855200.8482699757
1593045533447,-2700120.86962223,-4292755.1231308635,3855201.255703957
1593045534447,-2700120.75427483,-4292755.297314328,3855201.303999535
1593045535447,-2700121.5788805736,-4292754.303660469,3855201.617254144
1593045536447,-2700121.9754815185,-4292753.562973969,3855201.9181156997
1593045537447,-2700122.313342359,-4292753.490466806,3855202.036440118
1593045538447,-2700122.3628703817,-4292753.436561912,3855201.760592059
1593045539447,-2700122.533668219,-4292753.53981278,3855201.679860156
1593045540447,-2700122.2484464445,-4292754.25319752,3855201.0659336583
1593045541447,-2700122.7283638115,-4292754.09471117,3855200.7969777132
1593045542447,-2700122.6742695733,-4292753.741847468,3855201.3577525774
1593045543447,-2700122.5663386695,-4292753.972180241,3855201.133959207
1593045544447,-2700122.6093125073,-4292754.3392556,3855200.5641990486
1593045545447,-2700122.7311409535,-4292754.588363805,3855200.10195115
1593045546447,-2700121.2172129387,-4292755.791533006,3855200.019694955
1593045547447,-2700119.8023608313,-4292756.1000418905,3855200.858062882
1593045548447,-2700119.245592602,-4292755.801316532,3855201.307475964
1593045549447,-2700119.693973714,-4292755.155915935,3855201.955280555
1593045550447,-2700120.8063213713,-4292753.995014267,3855202.304236337
1593045551447,-2700122.1499927337,-4292753.348155988,3855202.089086118
1593045552447,-2700122.413742158,-4292753.439486928,3855201.9684452717
1593045553447,-2700122.531437817,-4292753.503082365,3855201.679317308
1593045554447,-2700122.5505474857,-4292753.681033204,3855201.4303773246
1593045555447,-2700122.4899720675,-4292754.130315516,3855200.920265953
1593045556447,-2700122.4695574124,-4292754.295170687,3855200.790613151
1593045557447,-2700122.3266462726,-4292754.24487982,3855201.186165683
1593045558447,-2700122.0955845206,-4292753.889542552,3855200.974159343
1593045559447,-2700122.41776054,-4292754.312341949,3855201.247309233
1593045560447,-2700122.358612228,-4292754.335240495,3855200.799249864
1593045561447,-2700122.366270898,-4292754.264857848,3855200.7563984683
1593045562447,-2700122.894451251,-4292754.442920697,3855200.1343065402
1593045563447,-2700123.4136101007,-4292754.707240975,3855199.51822109
1593045564447,-2700124.2843708694,-4292754.338322402,3855199.10347954
1593045565447,-2700124.9768272946,-4292753.372417751,3855199.5887856614
1593045566447,-2700125.198576087,-4292753.169759916,3855199.607178575
1593045567447,-2700125.1219252353,-4292753.0247459,3855199.8989651646
1593045568447,-2700125.9195080297,-4292753.249056873,3855199.0434960225
1593045569447,-2700125.451163854,-4292753.362721916,3855199.1072982117
1593045570447,-2700124.750136417,-4292753.683124218,3855199.371885023
1593045571447,-2700123.360250676,-4292754.000452449,3855200.3965925113
1593045572447,-2700122.856834414,-4292753.981244775,3855201.3434324474
1593045573447,-2700122.199649128,-4292753.370254687,3855201.6665187986
1593045574447,-2700122.021505044,-4292752.755903223,3855202.9814766645
1593045575447,-2700122.0779806627,-4292752.822089893,3855202.8433236047
1593045576447,-2700122.2619355735,-4292753.390351205,3855201.9822740466
1593045577447,-2700122.6374386703,-4292753.827300085,3855201.2529351134
1593045578447,-2700123.8469414962,-4292753.896304416,3855199.972705039
1593045579447,-2700125.136776435,-4292753.521573236,3855199.248142614
1593045580447,-2700124.9127435475,-4292753.900647268,3855198.990029271
1593045581447,-2700123.7852152903,-4292754.232807525,3855199.410923727
1593045582447,-2700123.537758354,-4292754.962258576,3855198.8218713487
1593045583447,-2700122.038873716,-4292754.835600019,3855200.897599363
1593045584447,-2700120.6876356904,-4292754.182223588,3855202.304170779
1593045585447,-2700119.7152041467,-4292754.168142957,3855202.9495733883
1593045586447,-2700120.6932910476,-4292753.178213732,3855203.541626068
1593045587447,-2700121.418506164,-4292752.916442526,3855203.30157274
1593045588447,-2700122.7151956246,-4292752.422991186,3855202.69562036
1593045589447,-2700122.8410732653,-4292752.780044579,3855202.4384001666
1593045590447,-2700122.806285672,-4292753.4269729275,3855201.477661496
1593045591447,-2700122.378348198,-4292754.377463964,3855200.6409769594
1593045592447,-2700122.795487642,-4292754.954783189,3855199.767809477
1593045593447,-2700122.8192927567,-4292755.161493719,3855199.3898548516
1593045594447,-2700123.2355162534,-4292754.872328968,3855199.3929164074
1593045595447,-2700123.068208236,-4292755.277695665,3855199.028666884
1593045596447,-2700123.0728077656,-4292755.666947401,3855198.516914596
1593045597447,-2700123.145196051,-4292755.035979914,3855199.3058653693
1593045598447,-2700123.543983467,-4292753.164017529,3855201.1126030227
1593045599447,-2700124.222849486,-4292751.614938506,3855202.615714497
1593045600447,-2700124.832932696,-4292751.342669923,3855201.976564747
1593045601447,-2700124.757975544,-4292751.719637139,3855201.814550956
1593045602447,-2700123.260679034,-4292752.32369445,3855202.401084341
1593045603447,-2700122.215250679,-4292752.99918313,3855202.568638491
1593045604447,-2700121.827389738,-4292753.426166136,3855202.331968593
1593045605447,-2700122.0092293886,-4292754.202014213,3855201.5781762186
1593045606447,-2700122.3447304294,-4292754.456616665,3855200.4584206264
1593045607447,-2700122.956150721,-4292754.325768192,3855200.5229250346
1593045608447,-2700123.642122235,-4292753.907046177,3855200.272821019
1593045609447,-2700123.2813006924,-4292754.773130505,3855199.46063634
1593045610447,-2700123.2380768256,-4292754.4890484,3855200.049091377
1593045611447,-2700122.793420853,-4292753.724719826,3855200.979116535
1593045612447,-2700122.333434133,-4292753.3042479735,3855202.251237207
1593045613447,-2700122.199226987,-4292753.081784114,3855202.67831698
1593045614447,-2700121.8323240876,-4292753.710358908,3855202.080872873
1593045615447,-2700121.273940408,-4292754.102765572,3855201.7849137676
1593045616447,-2700121.2786885393,-4292754.17710025,3855201.6968188058
1593045617447,-2700122.105550944,-4292754.187050691,3855201.7564483853
1593045618447,-2700122.5874830144,-4292753.623641003,3855201.2005857127
1593045619447,-2700122.055089149,-4292754.41394039,3855200.546402186
1593045620447,-2700122.4077180214,-4292754.534285862,3855200.5078345425
1593045621447,-2700121.56532815,-4292755.270867,3855200.339213355
1593045622447,-2700120.3693632158,-4292755.975279488,3855201.009409614
1593045623447,-2700119.3791368706,-4292756.40980812,3855201.2632029722
1593045624447,-2700119.3978361106,-4292756.311626007,3855201.3071882753
1593045625447,-2700118.9302669903,-4292756.264538848,3855201.8408852913
1593045626447,-2700118.702208663,-4292756.1080466565,3855202.1748081897
1593045627447,-2700118.9016350796,-4292755.997335456,3855202.557836167
1593045628447,-2700120.8931368235,-4292753.98345442,3855202.0984579036
1593045629447,-2700122.3816705416,-4292752.843645563,3855202.366952873
1593045630447,-2700122.464306319,-4292752.612983388,3855202.7814122844
1593045631447,-2700122.388132379,-4292752.791627109,3855202.8569761724
1593045632447,-2700122.1584412945,-4292753.20857013,3855202.2456030822
1593045633447,-2700122.05136168,-4292753.56812273,3855202.1333395103
1593045634447,-2700122.004040315,-4292753.680284421,3855201.863101947
1593045635447,-2700122.4040884688,-4292753.7841044925,3855201.683796641
1593045636447,-2700122.1673517837,-4292754.331779692,3855200.9644725574
1593045637447,-2700122.3996289745,-4292754.409525189,3855200.8078215546
1593045638447,-2700122.688043667,-4292754.168199318,3855200.596880675
1593045639447,-2700122.8346832576,-4292754.818706368,3855200.087034217
1593045640447,-2700122.885788872,-4292754.11220224,3855200.5771225113
1593045641447,-2700122.8176546847,-4292753.702965364,3855201.060556106
1593045642447,-2700122.414535871,-4292753.574903959,3855201.5620318777
1593045643447,-2700121.7020808035,-4292753.855004961,3855201.60606736
1593045644447,-2700121.9547096733,-4292753.666071464,3855201.767561686
1593045645447,-2700122.221511431,-4292753.501291034,3855201.886216539
1593045646447,-2700122.249506105,-4292753.491068578,3855201.7582483585
1593045647447,-2700122.3927035285,-4292753.939280382,3855201.057486576
1593045648447,-2700122.531156386,-4292754.094448187,3855201.0034320173
1593045649447,-2700122.5391588667,-4292754.193281879,3855200.876652859
1593045650447,-2700122.848677245,-4292753.9743074775,3855200.8247474814
1593045651447,-2700122.7142749266,-4292754.279994431,3855200.9403851484
1593045652447,-2700122.60885269,-4292754.390661203,3855200.757329779
1593045653447,-2700122.6639339863,-4292754.23232718,3855200.6200675424
1593045654447,-2700122.525998365,-4292754.318397598,3855200.723386092
1593045655447,-2700122.5264418316,-4292754.353089766,3855200.7133454564
1593045656447,-2700122.445404067,-4292754.260659986,3855200.6845049434
1593045657447,-2700122.5076856264,-4292754.261454077,3855200.707891577
1593045658447,-2700122.67283238,-4292754.407594322,3855200.679912961
1593045659447,-2700122.561499125,-4292754.207624818,3855200.6867772443
1593045660447,-2700122.5660527097,-4292754.283443509,3855200.747412215
1593045661447,-2700122.5964587703,-4292754.243142649,3855200.712584539
1593045662447,-2700122.550286189,-4292754.278125718,3855200.7312701344
1593045663447,-2700122.5785288373,-4292754.1777876,3855200.8903644374
1593045664447,-2700122.5199501314,-4292753.831017553,3855201.293648813
1593045665447,-2700122.4748590454,-4292754.073316664,3855200.9640862904
1593045666447,-2700122.5800722963,-4292754.186053607,3855200.8035631003
1593045667447,-2700122.485917011,-4292754.111099164,3855201.042220759
1593045668447,-2700122.4404027266,-4292754.1641649725,3855200.9837514027
1593045669447,-2700122.6773000224,-4292753.9481466105,3855201.065458817
1593045670447,-2700122.4980511284,-4292753.570715596,3855201.3963925503
1593045671447,-2700122.349290879,-4292753.913202151,3855201.4321513474
1593045672447,-2700122.3378085773,-4292754.171986529,3855201.0324106836
1593045673447,-2700122.486964481,-4292754.135120335,3855200.9655663082
1593045674447,-2700122.496400326,-4292754.109378737,3855200.985723105
1593045675447,-2700122.4859348973,-4292754.010570649,3855201.0895320503
1593045676447,-2700122.5496293455,-4292754.1938313525,3855200.826531334
1593045677447,-2700122.4245042247,-4292754.127307833,3855200.9019986014
1593045678447,-2700122.443054315,-4292754.015449309,3855201.205089938
1593045679447,-2700122.6346649122,-4292754.208999572,3855201.129980472
1593045680447,-2700122.4657805995,-4292753.964894857,3855200.9690271546
1593045681447,-2700122.684817278,-4292754.0643711,3855201.3101182776
1593045682447,-2700122.488744603,-4292753.731537894,3855201.3296845066
1593045683447,-2700122.313862794,-4292753.615661584,3855201.487671825
1593045684447,-2700122.4352238122,-4292753.576585568,3855201.5717083015
1593045685447,-2700122.364102279,-4292753.564425536,3855201.3561632135
1593045686447,-2700122.3970790925,-4292753.905776292,3855201.0192917567
1593045687447,-2700122.467041185,-4292754.304091029,3855200.720298318
1593045688447,-2700122.627961853,-4292754.192703486,3855200.6025855746
1593045689447,-2700122.6644841083,-4292754.296444201,3855200.571085599
1593045690447,-2700122.6193789546,-4292754.532152554,3855200.717644497
1593045691447,-2700122.5361382263,-4292754.444992692,3855200.658783949
1593045692447,-2700122.647362388,-4292754.377472342,3855200.689438205
1593045693447,-2700122.527302263,-4292754.374551818,3855200.670610307
1593045694447,-2700122.423494197,-4292754.249097137,3855200.718499043
1593045695447,-2700122.6782670477,-4292754.142997954,3855200.779539336
1593045696447,-2700122.697982956,-4292754.152909317,3855200.896919558
1593045697447,-2700122.4194371863,-4292754.035159315,3855201.0461906223
1593045698447,-2700122.38904263,-4292754.030402688,3855201.112908213
1593045699447,-2700122.490586003,-4292754.035488077,3855201.075090926
1593045700447,-2700122.487359846,-4292754.029689201,3855201.1599365575
1593045701447,-2700122.397879227,-4292754.0481176125,3855201.0689646113
1593045702447,-2700122.256764172,-4292754.118178731,3855200.9468121664
1593045703447,-2700122.645713721,-4292754.22805623,3855200.9615618424
1593045704447,-2700122.5671887402,-4292754.109480221,3855200.7429707535
1593045705447,-2700122.721162879,-4292754.247083835,3855200.672184636
1593045706447,-2700122.6573606995,-4292754.187263008,3855200.6653788234
1593045707447,-2700122.5819550278,-4292754.255141338,3855200.7344707777
1593045708447,-2700122.617414556,-4292754.235093778,3855200.721924146
1593045709447,-2700122.2084710924,-4292754.435958075,3855200.784789816
1593045710447,-2700122.485921153,-4292754.10505591,3855201.1926452173
1593045711447,-2700122.485323141,-4292753.762829488,3855201.173870685
1593045712447,-2700122.4864055933,-4292753.911325429,3855201.193053337
1593045713447,-2700122.4894597796,-4292754.170380687,3855201.018139972
1593045714447,-2700122.55958956,-4292754.233498514,3855200.6672111764
1593045715447,-2700122.498426501,-4292754.448819768,3855200.7007563906
1593045716447,-2700122.5612269556,-4292754.254229603,3855200.6280565616
1593045717447,-2700122.7806652663,-4292753.92346627,3855201.070627573
1593045718447,-2700122.523946907,-4292754.016792683,3855200.979355455
1593045719447,-2700122.469620927,-4292754.277662315,3855200.720742823
1593045720447,-2700122.609517423,-4292754.25924817,3855200.638294945
1593045721447,-2700122.6867069346,-4292754.289987778,3855200.666570484
1593045722447,-2700122.5490580373,-4292754.279932692,3855200.6647090586
1593045723447,-2700122.6086374787,-4292754.307760382,3855200.72329644
1593045724447,-2700122.555662248,-4292754.165157453,3855200.818671216
1593045725447,-2700122.478829124,-4292753.948649436,3855201.2605586606
1593045726447,-2700122.2738545206,-4292753.740032065,3855201.5038591474
1593045727447,-2700122.3970109895,-4292754.042498713,3855201.3620453686
1593045728447,-2700122.4307301803,-4292754.109268791,3855200.9610222597
1593045729447,-2700122.4301474444,-4292754.321707162,3855200.7596436213
1593045730447,-2700122.6906030746,-4292754.257138946,3855200.700173192
1593045731447,-2700122.4770468934,-4292754.157214615,3855200.6171873305
1593045732447,-2700122.584975793,-4292754.497011077,3855200.8167136456
1593045733447,-2700122.4596853936,-4292754.235139123,3855200.796360396
1593045734447,-2700122.4074143986,-4292754.026740301,3855201.1030108402
1593045735447,-2700122.6289661145,-4292753.827485476,3855201.168146018
1593045736447,-2700122.570888105,-4292753.756908697,3855201.3876898135
1593045737447,-2700122.476231448,-4292753.880780194,3855201.2438682457
1593045738447,-2700122.5445819236,-4292753.982899529,3855201.0647054054
1593045739447,-2700122.5469120922,-4292754.053649285,3855200.9781122566
1593045740447,-2700122.524519489,-4292753.987475411,3855201.137996383
1593045741447,-2700122.5318598025,-4292753.847281325,3855201.2078639227
1593045742447,-2700122.565562938,-4292753.924396676,3855201.253019656
1593045743447,-2700122.4532575733,-4292753.7421163535,3855201.2459856365
1593045744447,-2700122.512988812,-4292754.155521737,3855200.9060350438
1593045745447,-2700122.730280957,-4292754.976476481,3855199.924348519
1593045746447,-2700122.40861515,-4292754.8585142195,3855200.0570994923
1593045747447,-2700122.582523522,-4292754.273135939,3855200.6546610575
1593045748447,-2700122.920650678,-4292754.050043892,3855200.688304131
1593045749447,-2700123.2602008986,-4292753.622136999,3855200.987638879
1593045750447,-2700122.579461123,-4292752.592505304,3855202.6158671086
1593045751447,-2700122.09717076,-4292752.919185652,3855202.949241034
1593045752447,-2700121.234440068,-4292753.1711881375,3855202.9620647975
1593045753447,-2700122.314498213,-4292753.22585227,3855202.1523322407
1593045754447,-2700122.8392642234,-4292754.256245863,3855201.0298198876
1593045755447,-2700122.958893791,-4292753.829515335,3855200.637594177
1593045756447,-2700123.233254643,-4292753.786525412,3855201.2497756206
1593045757447,-2700122.7685967656,-4292753.131887864,3855201.6163657946
1593045758447,-2700122.048310087,-4292753.315509951,3855201.9052674854
1593045759447,-2700121.444268576,-4292754.104773928,3855201.092478071
1593045760447,-2700121.9123030254,-4292754.393298011,3855201.088707137
1593045761447,-2700122.5997056095,-4292754.552125909,3855201.00806451
1593045762447,-2700122.5444659046,-4292754.198089316,3855200.692100417
1593045763447,-2700122.59319539,-4292754.190582624,3855200.8312561987
1593045764447,-2700122.561537117,-4292753.965929375,3855201.0050509153
1593045765447,-2700122.4656700906,-4292753.875851367,3855201.192840199
1593045766447,-2700122.44572571,-4292753.96097668,3855201.261003238
1593045767447,-2700122.545922153,-4292754.031268316,3855201.0364530315
1593045768447,-2700122.6560954186,-4292753.807179756,3855201.1909626387
1593045769447,-2700122.495722839,-4292753.885775635,3855201.431085006
1593045770447,-2700122.396215017,-4292753.904791468,3855201.251039599
1593045771447,-2700122.3125138003,-4292754.142964155,3855201.279760046
1593045772447,-2700122.116959833,-4292754.099813767,3855201.0156261926
1593045773447,-2700122.3184601716,-4292754.175061604,3855201.0588812823
1593045774447,-2700122.3738259524,-4292754.039996384,3855200.979992886
1593045775447,-2700122.799586377,-4292753.98252216,3855200.9932438675
1593045776447,-2700122.7399614123,-4292753.930703639,3855201.0522692823
1593045777447,-2700122.9165731054,-4292753.9839091655,3855200.994652474
1593045778447,-2700122.7626723656,-4292753.921717441,3855200.9086654307
1593045779447,-2700122.751798602,-4292753.922665876,3855201.029301384
1593045780447,-2700122.704804243,-4292753.932455792,3855201.0150891906
1593045781447,-2700122.563979667,-4292754.043491016,3855201.0799341504
1593045782447,-2700122.5322324485,-4292754.023958714,3855201.005945459
1593045783447,-2700122.592126343,-4292753.981006262,3855201.073378108
1593045784447,-2700122.708722795,-4292754.0586885,3855200.8835716243
1593045785447,-2700122.6737058396,-4292754.1960718995,3855200.6152660185
1593045786447,-2700122.6396927675,-4292754.186160482,3855200.5762402616
1593045787447,-2700122.599810899,-4292754.35277829,3855200.7017537835
1593045788447,-2700122.6025823685,-4292754.237678575,3855200.662868842
1593045789447,-2700122.640694601,-4292754.28622984,3855200.726230488
1593045790447,-2700122.6183804492,-4292754.299590921,3855200.72776866
1593045791447,-2700122.554268494,-4292754.216482683,3855200.581689305
1593045792447,-2700122.498408189,-4292754.26602073,3855200.650862524
1593045793447,-2700122.8350421893,-4292754.025581474,3855200.776091897
1593045794447,-2700122.0197330303,-4292754.052472388,3855201.33564573
1593045795447,-2700121.9093692047,-4292753.85188346,3855201.833924678
1593045796447,-2700122.8392517585,-4292753.275396042,3855201.804167329
1593045797447,-2700122.7714679213,-4292753.4973253785,3855201.448337618
1593045798447,-2700122.597615884,-4292753.74194965,3855201.1454755897
1593045799447,-2700122.7100550514,-4292753.976821856,3855201.038553115
1593045800447,-2700122.716341702,-4292754.30796394,3855200.644382981
1593045801447,-2700122.716371428,-4292754.405815143,3855200.647899808
1593045802447,-2700122.4644138427,-4292754.106794508,3855200.741840928
1593045803447,-2700122.7379393945,-4292753.933409153,3855201.0651637916
1593045804447,-2700122.528941267,-4292754.01112076,3855201.151697377
1593045805447,-2700122.3671854865,-4292754.01206745,3855201.163277945
1593045806447,-2700122.431709019,-4292753.998341222,3855201.1765200812
1593045807447,-2700122.6307571824,-4292753.864817044,3855201.2607403733
1593045808447,-2700122.4793251688,-4292753.878244447,3855201.2519027265
1593045809447,-2700122.388315442,-4292754.015865187,3855201.067395358
1593045810447,-2700122.452346969,-4292754.028797073,3855201.0672998754
1593045811447,-2700122.699244202,-4292753.951478096,3855200.8221935467
1593045812447,-2700122.5016753715,-4292754.07440082,3855200.926230272
1593045813447,-2700122.601779634,-4292753.964681593,3855201.018524634
1593045814447,-2700122.557057725,-4292754.043747357,3855201.1161077833
1593045815447,-2700122.6725807725,-4292754.140655739,3855201.051539834
1593045816447,-2700122.4740406526,-4292754.033793536,3855201.0630357726
1593045817447,-2700122.707461099,-4292753.869504933,3855201.1593386424
1593045818447,-2700122.566792472,-4292754.017627302,3855201.1184897204
1593045819447,-2700122.5061458945,-4292754.132823816,3855201.0414460395
1593045820447,-2700122.780995003,-4292753.870795135,3855201.0887912805
1593045821447,-2700122.711986633,-4292753.668606979,3855201.205176986
1593045822447,-2700122.5297767636,-4292753.86206738,3855201.2724399045
1593045823447,-2700122.4268889893,-4292753.839280958,3855201.2592274537
1593045824447,-2700122.374216869,-4292753.864092254,3855201.21489873
1593045825447,-2700122.6482709795,-4292753.762600213,3855201.20152069
1593045826447,-2700122.6808335544,-4292753.742516964,3855201.1910228333
1593045827447,-2700122.412555483,-4292753.990857996,3855201.122407667
1593045828447,-2700122.448939121,-4292754.043019525,3855200.9827308636
1593045829447,-2700122.427388082,-4292754.122320983,3855200.948646266
1593045830447,-2700122.41508842,-4292753.965154316,3855201.044381096
1593045831447,-2700122.8733038087,-4292753.95512972,3855201.151906848
1593045832447,-2700122.637593686,-4292753.849023476,3855200.989411053
1593045833447,-2700122.5322158085,-4292754.106728612,3855201.0032793987
1593045834447,-2700122.607948207,-4292754.0058147395,3855200.979773962
1593045835447,-2700122.7593899295,-4292754.062062337,3855200.931189168
1593045836447,-2700122.6082314732,-4292754.170302123,3855200.9157987093
1593045837447,-2700122.6091597616,-4292754.067072549,3855200.766904049
1593045838447,-2700122.5495641897,-4292754.21803515,3855200.9054465108
1593045839447,-2700122.472389993,-4292754.176521097,3855200.811002158
1593045840447,-2700122.4986425224,-4292754.20088218,3855200.862097303
1593045841447,-2700122.768516811,-4292754.146361798,3855200.819883963
1593045842447,-2700122.6323173647,-4292754.417227753,3855200.7350362106
1593045843447,-2700122.4938802295,-4292754.318024,3855200.5282382853
1593045844447,-2700122.750938476,-4292754.23241134,3855200.57424801
1593045845447,-2700122.93434166,-4292754.058587103,3855200.790435212
1593045846447,-2700122.708400785,-4292753.967256138,3855200.87540326
1593045847447,-2700122.7009872184,-4292754.102307972,3855200.900333095
1593045848447,-2700122.4768483103,-4292754.045149752,3855200.8406674624
1593045849447,-2700122.561330393,-4292754.127261027,3855200.9156245026
1593045850447,-2700122.6340872757,-4292754.069388689,3855200.8911789
1593045851447,-2700122.7057096693,-4292754.027961269,3855200.968494359
1593045852447,-2700122.58661631,-4292754.087690085,3855200.8772162003
1593045853447,-2700122.468499134,-4292754.306862665,3855200.793106127
1593045854447,-2700122.598326255,-4292754.30238656,3855200.836053194
1593045855447,-2700122.4655792946,-4292754.160719208,3855200.6512905443
1593045856447,-2700122.587428845,-4292754.174371023,3855200.8453053897
1593045857447,-2700122.5638062763,-4292754.190096776,3855200.8386675036
1593045858447,-2700122.527605264,-4292754.136453858,3855200.8990878225
1593045859447,-2700122.560525863,-4292754.128337076,3855200.9064762127
1593045860447,-2700122.649727202,-4292753.971528334,3855200.924898227
1593045861447,-2700122.672411414,-4292754.194921448,3855200.887568263
1593045862447,-2700122.595322356,-4292754.161288917,3855200.769217352
1593045863447,-2700122.601586873,-4292753.986864167,3855200.810422665
1593045864447,-2700122.6696476773,-4292754.275765454,3855200.820649427
1593045865447,-2700122.759385234,-4292754.1962532345,3855200.727348893
1593045866447,-2700122.5750307487,-4292754.233956163,3855200.6311662057
1593045867447,-2700122.6169425608,-4292754.295079443,3855200.6366176177
1593045868447,-2700122.6475274903,-4292754.320779925,3855200.6580663463
1593045869447,-2700122.598041919,-4292754.174369349,3855200.5249025607
1593045870447,-2700122.667779362,-4292754.332688542,3855200.760125679
1593045871447,-2700122.6083822376,-4292754.225379279,3855200.6200054507
1593045872447,-2700122.6695631943,-4292754.294104755,3855200.65745689
1593045873447,-2700122.6560489754,-4292754.29794265,3855200.6679579476
1593045874447,-2700122.6654749424,-4292754.2516085645,3855200.6704308195
1593045875447,-2700122.6757160304,-4292754.210589613,3855200.6414974616
1593045876447,-2700122.753813372,-4292753.979021184,3855201.0646025282
1593045877447,-2700122.9752966994,-4292753.091683028,3855201.702533413
1593045878447,-2700122.692952552,-4292753.282766659,3855201.8379995786
1593045879447,-2700122.3542049276,-4292753.470993172,3855201.871781518
1593045880447,-2700121.859354572,-4292753.740995603,3855201.8385939454
1593045881447,-2700121.910778384,-4292753.525812079,3855202.138397479
1593045882447,-2700122.373845291,-4292753.3446630705,3855202.036477464
1593045883447,-2700122.465575737,-4292753.5005681915,3855201.6981227146
1593045884447,-2700122.5002879696,-4292753.768405157,3855201.4261011593
1593045885447,-2700122.409346583,-4292754.063151079,3855201.0641963757
1593045886447,-2700122.4330098224,-4292754.049304935,3855201.055249821
1593045887447,-2700122.562326851,-4292754.172620134,3855201.000101229
1593045888447,-2700122.407333078,-4292754.258665501,3855200.997844042
1593045889447,-2700122.2277728235,-4292754.334823038,3855200.855471954
1593045890447,-2700122.199970608,-4292754.535057111,3855200.691071083
1593045891447,-2700122.1282835826,-4292754.316942778,3855200.784024269
1593045892447,-2700122.457747227,-4292754.268810515,3855200.8049109825
1593045893447,-2700123.042440988,-4292753.955460682,3855200.7601282103
1593045894447,-2700123.249142302,-4292753.743291369,3855200.848061349
1593045895447,-2700122.81588927,-4292753.683089447,3855201.0415572613
1593045896447,-2700122.5607243706,-4292753.685264371,3855200.8659230303
1593045897447,-2700122.3470222075,-4292753.957453875,3855201.15607168
1593045898447,-2700122.116443926,-4292754.057487348,3855201.109666919
1593045899447,-2700122.28613189,-4292754.170147548,3855201.087454393
1593045900447,-2700122.3490806036,-4292754.070379701,3855201.02002857
1593045901447,-2700122.410481337,-4292754.127203664,3855201.0223933323
1593045902447,-2700122.4119355273,-4292754.266263532,3855200.971076717
1593045903447,-2700122.6159991156,-4292754.480346648,3855201.058062415
1593045904447,-2700122.659135161,-4292754.373134929,3855201.01131338
1593045905447,-2700122.305186748,-4292754.665321577,3855200.9870987353
1593045906447,-2700122.8272024915,-4292754.45352423,3855201.122169185
1593045907447,-2700122.536811083,-4292754.253634358,3855200.711477794
1593045908447,-2700122.643694638,-4292754.141207209,3855200.725598692
1593045909447,-2700122.4639690127,-4292754.077588241,3855200.7958808197
1593045910447,-2700122.458041969,-4292754.063318002,3855200.8047329783
1593045911447,-2700122.3556128773,-4292754.094052988,3855200.873287496
1593045912447,-2700122.330221574,-4292754.213767992,3855201.1621365948
1593045913447,-2700122.1678778413,-4292754.064154479,3855200.8742910614
1593045914447,-2700122.168672186,-4292754.1951647755,3855200.989197733
1593045915447,-2700122.2318436266,-4292754.299378217,3855201.0268229037
1593045916447,-2700122.386069213,-4292754.232810645,3855200.9524968984
1593045917447,-2700122.265959399,-4292754.286679594,3855200.8493322693
1593045918447,-2700122.3408236518,-4292754.275932531,3855200.9103662865
1593045919447,-2700122.482283275,-4292754.22720474,3855200.8237515097
1593045920447,-2700122.5968425674,-4292754.1692216005,3855200.893798679
1593045921447,-2700122.885153655,-4292753.913797207,3855200.7637838507
1593045922447,-2700122.8091298616,-4292753.9452124,3855200.883654078
1593045923447,-2700122.7592570228,-4292753.892369151,3855200.987434903
1593045924447,-2700122.901399978,-4292753.980028054,3855200.948282741
1593045925447,-2700122.9660858694,-4292753.952407634,3855200.8548795376
1593045926447,-2700123.1059552487,-4292753.879458645,3855200.8313110042
1593045927447,-2700122.9752750793,-4292753.894267681,3855200.765433304
1593045928447,-2700122.6570847123,-4292754.1682858,3855200.9127564654
1593045929447,-2700122.279102362,-4292754.106071948,3855200.849622092
1593045930447,-2700122.757305008,-4292754.009895212,3855201.128876862
1593045931447,-2700122.6540537947,-4292753.782932346,3855201.0445669186
1593045932447,-2700122.940905416,-4292754.024141095,3855201.0887618284
1593045933447,-2700122.6288046977,-4292753.905682275,3855200.693563764
1593045934447,-2700122.6879398637,-4292754.071193661,3855200.9019350465
1593045935447,-2700122.564651687,-4292754.17229743,3855200.9298273223
1593045936447,-2700122.4960813182,-4292754.113603406,3855200.9014697075
1593045937447,-2700122.8894491275,-4292753.915935249,3855200.8724994236
1593045938447,-2700123.0143338297,-4292753.761343895,3855200.793078711
1593045939447,-2700122.6030527945,-4292754.093122321,3855200.978436163
1593045940447,-2700122.377931202,-4292754.233138961,3855201.0700794253
1593045941447,-2700122.2885788847,-4292754.0962041,3855201.164863833
1593045942447,-2700122.409336301,-4292754.012164849,3855201.1496895696
1593045943447,-2700122.594986912,-4292754.001953474,3855201.0827828255
1593045944447,-2700122.6431118795,-4292753.943322619,3855201.046915925
1593045945447,-2700122.7012632806,-4292753.882727227,3855201.1018561707
1593045946447,-2700122.5346462997,-4292753.738009099,3855200.9624483464
1593045947447,-2700122.7545746607,-4292753.950976234,3855201.304630828
1593045948447,-2700122.577865549,-4292753.907731347,3855201.2799978396
1593045949447,-2700122.627895204,-4292753.813251072,3855201.178653292
1593045950447,-2700122.6559980293,-4292753.842330046,3855201.203524687
1593045951447,-2700122.623382855,-4292753.83662886,3855201.163942648
1593045952447,-2700122.783931867,-4292753.874535191,3855201.2175151203
1593045953447,-2700122.589456231,-4292753.85228581,3855201.1662151343
1593045954447,-2700122.4890880953,-4292753.915372473,3855201.167475641
1593045955447,-2700122.4078802685,-4292753.993638552,3855201.103007007
1593045956447,-2700122.278244359,-4292754.113199238,3855201.0632321415
1593045957447,-2700122.230160192,-4292754.315996488,3855201.187560821
1593045958447,-2700122.2606584295,-4292754.053133125,3855200.999162004
1593045959447,-2700122.4900687165,-4292754.086672673,3855201.178746643
1593045960447,-2700122.6073630312,-4292753.905559029,3855201.1006649225
1593045961447,-2700122.6714896443,-4292753.969568764,3855201.0968008125
1593045962447,-2700122.5927924095,-4292753.929582867,3855200.999846872
1593045963447,-2700122.7076411685,-4292753.928863563,3855200.9938254645
1593045964447,-2700122.6175836194,-4292754.076640749,3855201.020268161
1593045965447,-2700122.544047532,-4292754.048360478,3855200.8775321557
1593045966447,-2700122.5778266704,-4292754.07292959,3855200.927849606
1593045967447,-2700122.6232761913,-4292754.1299196305,3855200.9410817465
1593045968447,-2700122.5216001,-4292754.13524676,3855200.9392020646
1593045969447,-2700122.555230506,-4292754.075192735,3855200.8739755214
1593045970447,-2700122.6772933663,-4292754.104978068,3855200.9654628686
1593045971447,-2700122.5269920155,-4292754.091077403,3855200.8949235496
1593045972447,-2700122.565237851,-4292754.045491318,3855200.935242078
1593045973447,-2700122.6688617826,-4292754.036087579,3855200.935694638
1593045974447,-2700122.171429029,-4292754.377585793,3855201.1070344816
1593045975447,-2700122.485549912,-4292754.0343740005,3855200.9365943647
1593045976447,-2700122.547633719,-4292754.047796024,3855200.900893313
1593045977447,-2700122.6466829567,-4292754.268403775,3855200.785330849
1593045978447,-2700122.4670476615,-4292754.338239692,3855200.6790598775
1593045979447,-2700122.747148916,-4292754.186133526,3855200.693164898
1593045980447,-2700122.661527921,-4292754.312119335,3855200.757696491
1593045981447,-2700122.6120645455,-4292754.192039236,3855200.5803653616
1593045982447,-2700122.72739774,-4292754.165730112,3855200.6715512765
1593045983447,-2700122.6930521782,-4292754.2075563595,3855200.7645155475
1593045984447,-2700122.5165133583,-4292754.319890215,3855200.808666609
1593045985447,-2700122.575766344,-4292754.111644118,3855200.8385089356
1593045986447,-2700122.562798034,-4292753.994726167,3855200.8431548686
1593045987447,-2700122.294152434,-4292754.151216755,3855201.257720159
1593045988447,-2700122.425390118,-4292754.049484984,3855201.0602001236
1593045989447,-2700122.638139308,-4292754.036302568,3855200.9830626957
1593045990447,-2700122.714841376,-4292753.962306208,3855200.989987562
1593045991447,-2700122.4359741635,-4292754.041723611,3855200.960948643
1593045992447,-2700122.2971707783,-4292754.332411428,3855200.929601643
1593045993447,-2700122.530625911,-4292754.174443878,3855200.8267264194
1593045994447,-2700122.728616397,-4292754.16174739,3855200.8992794296
1593045995447,-2700122.6643071794,-4292753.999223896,3855200.7713086028
1593045996447,-2700122.671501806,-4292754.003769687,3855200.904129133
1593045997447,-2700122.6599719725,-4292754.155612433,3855201.066028966
1593045998447,-2700122.2922035884,-4292754.065840609,3855200.928824707
1593045999447,-2700122.07704991,-4292754.389954921,3855201.199217188
1593046000447,-2700122.281579725,-4292754.092339233,3855201.034553898
1593046001447,-2700122.453991264,-4292754.201627753,3855201.0112833106
1593046002447,-2700122.431438057,-4292754.106785908,3855200.964960787
1593046003447,-2700122.769447489,-4292753.814344089,3855201.243588582
1593046004447,-2700122.5130834347,-4292753.820705603,3855201.1500557177
1593046005447,-2700122.015940009,-4292754.217436442,3855201.288686994
1593046006447,-2700121.579166557,-4292754.496132687,3855201.3691361137
1593046007447,-2700121.6431705975,-4292754.554805185,3855201.4065997754
1593046008447,-2700122.2404383854,-4292754.481616901,3855201.4823086457
1593046009447,-2700122.547812163,-4292754.270411267,3855201.419146768
1593046010447,-2700121.825481065,-4292754.226312472,3855201.255305125
1593046011447,-2700122.2040059576,-4292754.18600146,3855201.23794375
1593046012447,-2700122.2188581876,-4292753.997675296,3855201.1232548286
1593046013447,-2700121.985884812,-4292754.3864970645,3855201.4114575135
1593046014447,-2700121.5403127093,-4292753.748115313,3855200.7693013423
1593046015447,-2700121.6831403915,-4292754.351876885,3855201.3888747375
1593046016447,-2700122.4891054197,-4292753.645534023,3855201.043942415
1593046017447,-2700122.041723268,-4292754.069867138,3855201.1640465427
1593046018447,-2700122.0712411585,-4292754.176537923,3855201.0315477904
1593046019447,-2700121.7798352162,-4292753.976223469,3855200.836927394
1593046020447,-2700122.021123868,-4292754.331701346,3855201.171342841
1593046021447,-2700122.0873030964,-4292753.9451285275,3855200.861597883
1593046022447,-2700122.0572244665,-4292754.369858233,3855201.0419172305
1593046023447,-2700122.103817715,-4292754.509106641,3855200.7567216214
1593046024447,-2700122.2823317884,-4292754.418192278,3855200.7264981675
1593046025447,-2700122.4253584044,-4292754.491375229,3855200.9561766796
1593046026447,-2700122.751477377,-4292754.552267419,3855201.1860790155
1593046027447,-2700122.82068178,-4292754.2216684725,3855201.050289456
1593046028447,-2700122.387098554,-4292754.2417933615,3855200.9667175105
1593046029447,-2700122.6097804,-4292754.058876471,3855200.905595524
1593046030447,-2700122.722572172,-4292754.005623953,3855200.930167601
1593046031447,-2700122.4495695187,-4292754.115647513,3855200.995053241
1593046032447,-2700122.32601877,-4292754.008975629,3855201.0309998184
1593046033447,-2700122.5147236926,-4292754.1845967015,3855201.2039763383
1593046034447,-2700122.7119677085,-4292753.663389693,3855200.784100518
1593046035447,-2700122.686056586,-4292754.20475305,3855201.305926939
1593046036447,-2700122.7437056154,-4292754.019085363,3855201.1205826974
1593046037447,-2700122.5424973406,-4292753.804118469,3855201.0289728334
1593046038447,-2700122.5939349798,-4292754.010738658,3855201.1538280062
1593046039447,-2700122.5497677615,-4292753.951063993,3855200.9507295913
1593046040447,-2700122.4330833484,-4292754.2323213965,3855201.1718718964
1593046041447,-2700122.4529618043,-4292753.655289589,3855200.750935475
1593046042447,-2700122.3705214267,-4292754.429170565,3855201.250898356
1593046043447,-2700122.8770959564,-4292753.773527214,3855200.806501145
1593046044447,-2700122.641481648,-4292754.196545192,3855201.2400158453
1593046045447,-2700122.702211225,-4292753.952464164,3855201.1294226404
1593046046447,-2700122.810753976,-4292753.94803215,3855201.2424926376
1593046047447,-2700122.6289440426,-4292753.870771531,3855201.077752693
1593046048447,-2700122.497776272,-4292753.438716244,3855200.7307922854
1593046049447,-2700122.7863835827,-4292753.936208967,3855201.1027538963
1593046050447,-2700122.935179323,-4292753.959318702,3855201.182383048
1593046051447,-2700122.6157128103,-4292753.857082258,3855201.0304351607
1593046052447,-2700122.5713998927,-4292753.92953777,3855201.14826325
1593046053447,-2700122.5194604304,-4292753.587748531,3855200.8868334326
1593046054447,-2700122.3074584473,-4292753.756228717,3855200.9375079214
1593046055447,-2700122.557961788,-4292754.304502571,3855201.333228703
1593046056447,-2700122.6914473125,-4292754.360728295,3855201.2290684655
1593046057447,-2700122.6730385534,-4292754.151236121,3855200.927102345
1593046058447,-2700122.4616606273,-4292754.01748194,3855200.5636085826
1593046059447,-2700122.795802542,-4292754.459045872,3855200.646881673
1593046060447,-2700122.716949835,-4292754.253025623,3855200.639071807
1593046061447,-2700122.531990763,-4292754.333369385,3855200.8464200348
1593046062447,-2700122.730754702,-4292753.9148565065,3855200.926590727
1593046063447,-2700122.3349879193,-4292753.955347293,3855200.9349560197
1593046064447,-2700122.4712312873,-4292754.195049457,3855201.19893613
1593046065447,-2700122.4438338326,-4292753.944825175,3855200.927163981
1593046066447,-2700122.548417797,-4292754.015012254,3855200.767386719
1593046067447,-2700122.50463473,-4292754.5628118785,3855200.9161439617
1593046068447,-2700122.499611597,-4292754.026634703,3855200.8545321245
1593046069447,-2700122.743558451,-4292754.152855297,3855200.9096030593
1593046070447,-2700122.5783725125,-4292754.185274217,3855200.8674093573
1593046071447,-2700121.5511184977,-4292754.8596672425,3855200.8528151
1593046072447,-2700122.013896236,-4292754.698174214,3855200.6924262512
1593046073447,-2700121.813010831,-4292754.694730354,3855200.8656892194
1593046074447,-2700121.7209967123,-4292754.755671475,3855200.98828805
1593046075447,-2700121.9514882267,-4292754.4622725295,3855200.816258031
1593046076447,-2700121.8464973182,-4292754.619625414,3855200.838371768
1593046077447,-2700121.7430326245,-4292754.491151559,3855200.5860688845
1593046078447,-2700121.9810163593,-4292755.030367769,3855200.8782960363
1593046079447,-2700121.648828898,-4292754.97376963,3855200.578821876
1593046080447,-2700121.961677538,-4292754.994890362,3855200.042729798
1593046081447,-2700122.232382991,-4292755.791175061,3855199.419916797
1593046082447,-2700122.182129538,-4292755.237599573,3855200.045899194
1593046083447,-2700122.3237650674,-4292754.940848802,3855200.0886256974
1593046084447,-2700122.10491762,-4292754.729211252,3855200.543118808
1593046085447,-2700122.081640622,-4292754.6361571895,3855200.817561912
1593046086447,-2700122.274212872,-4292754.063900807,3855201.0696640937
1593046087447,-2700122.3032769873,-4292754.094011122,3855201.160754986
1593046088447,-2700122.4812938124,-4292754.04329386,3855201.289180505
1593046089447,-2700122.393269055,-4292754.1122843325,3855200.7889551707
1593046090447,-2700122.5639065,-4292754.42947462,3855200.8389478936
1593046091447,-2700122.7737322347,-4292754.091151779,3855200.6750310096
1593046092447,-2700122.3456481504,-4292753.880575455,3855200.6276002275
1593046093447,-2700122.8819401474,-4292753.934073547,3855201.3386549777
1593046094447,-2700122.373303527,-4292753.631579583,3855201.3191927215
1593046095447,-2700122.595105276,-4292753.679858147,3855201.6468440145
1593046096447,-2700122.37986262,-4292754.042917278,3855201.1928906124
1593046097447,-2700122.548421329,-4292754.339202747,3855201.2412173524
1593046098447,-2700122.302239147,-4292753.462940296,3855201.060967663
1593046099447,-2700122.770957336,-4292753.9495816715,3855201.846050769
1593046100447,-2700122.3729466135,-4292753.269642372,3855201.5338996314
1593046101447,-2700122.30046781,-4292753.801480563,3855201.3687069193
1593046102447,-2700122.6392359263,-4292753.857295274,3855201.338099348
1593046103447,-2700123.0880317944,-4292753.232605014,3855201.286543172
1593046104447,-2700122.9252004586,-4292753.407265404,3855201.788619505
1593046105447,-2700122.0870364057,-4292753.683826872,3855201.8653467554
1593046106447,-2700122.134304847,-4292753.913743804,3855201.6575884265
1593046107447,-2700122.079714401,-4292753.82470682,3855201.3736234126
1593046108447,-2700122.3358740327,-4292753.8240701575,3855201.3835303057
1593046109447,-2700122.4864524407,-4292753.74967315,3855201.359867204
1593046110447,-2700122.688273351,-4292754.065717236,3855201.5909858784
1593046111447,-2700122.389341381,-4292753.72343092,3855201.159084554
1593046112447,-2700122.452572966,-4292754.036761891,3855201.0378714004
1593046113447,-2700122.010422597,-4292754.327842798,3855201.0341452896
1593046114447,-2700122.3873273423,-4292754.363175463,3855200.798857967
1593046115447,-2700122.5105203157,-4292754.3216624865,3855200.5305817416
1593046116447,-2700122.8969799043,-4292754.219812647,3855200.564056809
1593046117447,-2700122.951274144,-4292754.160524997,3855200.5393705
1593046118447,-2700122.920193463,-4292754.3347829245,3855200.616807047
1593046119447,-2700122.1890030457,-4292754.485902035,3855200.656192405
1593046120447,-2700122.4794240557,-4292754.413164125,3855200.622616807
1593046121447,-2700122.9382090187,-4292754.093472316,3855200.4573767823
1593046122447,-2700122.9864472523,-4292754.062735406,3855200.5106623056
1593046123447,-2700123.07422271,-4292754.092090599,3855200.4930139803
1593046124447,-2700122.910946879,-4292754.117908507,3855200.595483905
1593046125447,-2700122.7238203054,-4292754.280996124,3855200.7750564953
1593046126447,-2700122.7375592007,-4292753.999028824,3855200.9943078645
1593046127447,-2700122.6087885634,-4292753.896914072,3855200.9369472666
1593046128447,-2700122.373649661,-4292754.104168492,3855201.108512807
1593046129447,-2700122.6462108856,-4292753.949841074,3855200.8150082543
1593046130447,-2700122.676868388,-4292754.331192958,3855200.7913260846
1593046131447,-2700122.778671225,-4292754.125234347,3855200.733310822
1593046132447,-2700122.655260484,-4292754.212595919,3855200.5964208245
1593046133447,-2700122.5436039204,-4292754.279277578,3855200.7436928973
1593046134447,-2700122.718359571,-4292753.948259198,3855200.8844513036
1593046135447,-2700122.6427445533,-4292754.009303165,3855200.955381537
1593046136447,-2700122.5717413384,-4292754.119418932,3855201.0243612994
1593046137447,-2700122.5913581066,-4292754.070078721,3855200.9215996303
1593046138447,-2700122.6141005154,-4292754.024800308,3855200.9095017696
1593046139447,-2700122.7748730313,-4292753.948179875,3855200.833373585
1593046140447,-2700122.7661928656,-4292753.941682839,3855200.934275417
1593046141447,-2700122.521207078,-4292753.968056919,3855200.952012362
1593046142447,-2700122.340952838,-4292754.302822023,3855201.0715432866
1593046143447,-2700122.484510064,-4292754.108365394,3855201.0453523113
1593046144447,-2700122.6531275394,-4292753.784614273,3855200.9496545927
1593046145447,-2700122.621702138,-4292754.24934299,3855200.7663077735
1593046146447,-2700122.82891048,-4292754.172437435,3855200.680392793
1593046147447,-2700122.7870179787,-4292754.257096229,3855200.8959496655
1593046148447,-2700122.650750419,-4292754.126561695,3855200.61949373
1593046149447,-2700122.705577441,-4292754.217055128,3855200.579670926
1593046150447,-2700122.660338147,-4292754.272934857,3855200.5732448706
1593046151447,-2700122.5519702854,-4292754.399812107,3855200.658521418
1593046152447,-2700122.520455824,-4292754.29502304,3855200.7717966023
1593046153447,-2700122.5952852215,-4292754.132153558,3855200.8532010824
1593046154447,-2700122.571299842,-4292754.2227310175,3855200.7420314224
1593046155447,-2700122.5555872885,-4292754.133125385,3855200.609349545
1593046156447,-2700122.8618484815,-4292754.190989222,3855200.5938964523
1593046157447,-2700122.8258675686,-4292754.2315119095,3855200.6887396746
1593046158447,-2700122.707975865,-4292754.110805616,3855200.9371684412
1593046159447,-2700122.580028579,-4292753.773860498,3855201.3131021606
1593046160447,-2700122.472572123,-4292753.542372629,3855201.459246489
1593046161447,-2700122.389558485,-4292754.119284235,3855201.145329286
1593046162447,-2700122.5451344918,-4292753.948948234,3855201.20783442
1593046163447,-2700122.648820994,-4292753.745768269,3855201.268944061
1593046164447,-2700122.47358027,-4292753.892683756,3855201.1720701717
1593046165447,-2700122.685464338,-4292754.307933509,3855200.9118474033
1593046166447,-2700122.586487136,-4292754.05261172,3855200.6686513834
1593046167447,-2700122.6573549835,-4292754.290274023,3855200.7468854813
1593046168447,-2700122.6496734614,-4292754.105554851,3855200.6160501908
1593046169447,-2700122.6354957097,-4292754.291277352,3855200.7279789024
1593046170447,-2700122.658205716,-4292754.239943649,3855200.7383990935
1593046171447,-2700122.6954870434,-4292754.392187924,3855200.7684720475
1593046172447,-2700122.4535665303,-4292754.032529328,3855200.503609516
1593046173447,-2700122.6541977557,-4292754.417357081,3855200.5239878944
1593046174447,-2700122.710658536,-4292754.357603087,3855200.747352863
1593046175447,-2700122.460604917,-4292753.988406411,3855200.703069692
1593046176447,-2700122.7426945833,-4292754.235056075,3855200.9994862904
1593046177447,-2700122.5039891563,-4292754.242202829,3855200.740444162
1593046178447,-2700122.6958748703,-4292754.262603347,3855200.657563754
1593046179447,-2700122.654730169,-4292754.216700709,3855200.620680378
1593046180447,-2700122.6308005485,-4292754.212626919,3855200.6283248737
1593046181447,-2700122.748002152,-4292754.529003392,3855200.4419998517
1593046182447,-2700122.7702605324,-4292754.590642556,3855199.8632633
1593046183447,-2700122.890850496,-4292754.410857672,3855200.2170218485
1593046184447,-2700122.863484758,-4292754.413221368,3855200.616294295
1593046185447,-2700122.8581958083,-4292754.145987741,3855200.584144391
1593046186447,-2700122.680935725,-4292753.967776588,3855200.8656934397
1593046187447,-2700122.671537028,-4292753.893459347,3855201.1355193644
1593046188447,-2700122.70606755,-4292753.7088917075,3855201.434829589
1593046189447,-2700122.5518948766,-4292753.654287354,3855201.3626946993
1593046190447,-2700122.3910654983,-4292754.091776669,3855200.9822021797
1593046191447,-2700122.590886543,-4292754.24280811,3855200.7076375834
1593046192447,-2700122.558156444,-4292754.25095381,3855200.8565615774
1593046193447,-2700122.4832724906,-4292753.810495962,3855201.3801556337
1593046194447,-2700122.511363564,-4292753.353603015,3855201.6464603883
1593046195447,-2700122.454149244,-4292753.3831629995,3855201.8154085255
1593046196447,-2700122.436583258,-4292753.428525388,3855202.088584866
1593046197447,-2700122.3160594157,-4292753.647350425,3855201.4665781697
1593046198447,-2700122.578874069,-4292754.0243680775,3855201.033255997
1593046199447,-2700122.6717740903,-4292754.100416594,3855200.8759192573
1593046200447,-2700122.9046994513,-4292754.237335855,3855200.5669217296
1593046201447,-2700122.6171003096,-4292754.352090673,3855200.44717871
1593046202447,-2700122.784819433,-4292754.3578374805,3855200.7163593625
1593046203447,-2700122.7627106993,-4292754.182901065,3855200.5988879707
1593046204447,-2700122.730276261,-4292754.179813385,3855200.5949150054
1593046205447,-2700122.7297013677,-4292754.200549171,3855200.516560041
1593046206447,-2700122.8435574058,-4292754.225151798,3855200.5245246454
1593046207447,-2700122.789850188,-4292754.213638924,3855200.686546712
1593046208447,-2700122.639043845,-4292753.93857629,3855200.961735535
1593046209447,-2700122.6709373984,-4292753.580852966,3855201.4071898772
1593046210447,-2700122.501531242,-4292753.822044689,3855201.4707684405
1593046211447,-2700122.585024252,-4292753.668649232,3855201.5074443445
1593046212447,-2700122.2700494765,-4292753.788668886,3855201.2983119045
1593046213447,-2700122.526428002,-4292753.963760693,3855201.1651318446
1593046214447,-2700122.6158295753,-4292754.334970694,3855200.6901396336
1593046215447,-2700122.5046280413,-4292754.251666705,3855200.7060418027
1593046216447,-2700122.651947047,-4292753.821758952,3855201.231007105
1593046217447,-2700122.68530477,-4292753.557478293,3855201.462192095
1593046218447,-2700122.548558338,-4292753.7587009445,3855201.298744245
1593046219447,-2700122.4204394044,-4292753.961000052,3855201.336147156
1593046220447,-2700122.5297045796,-4292753.7408478195,3855201.2759759068
1593046221447,-2700122.530079196,-4292753.799651487,3855201.5077027935
1593046222447,-2700122.422077957,-4292753.801318193,3855201.3876780155
1593046223447,-2700122.4716390884,-4292753.720547826,3855201.264284071
1593046224447,-2700122.583306244,-4292754.213752318,3855200.836094242
1593046225447,-2700122.789070541,-4292754.157311646,3855200.8522121054
1593046226447,-2700122.533218869,-4292753.824240211,3855201.12672459
1593046227447,-2700122.4976849216,-4292753.797045527,3855201.3471108056
1593046228447,-2700122.4017271516,-4292753.959209528,3855201.223075053
1593046229447,-2700122.5772408326,-4292753.931996236,3855201.076631616
1593046230447,-2700122.5631101984,-4292754.265909488,3855200.8149059205
1593046231447,-2700122.6229176293,-4292754.020776601,3855201.041661911
1593046232447,-2700122.518053921,-4292753.967192377,3855201.0155444094
1593046233447,-2700122.542837382,-4292754.187354549,3855200.710311781
1593046234447,-2700122.5943183214,-4292754.089174961,3855200.912085579
1593046235447,-2700122.695370576,-4292754.079226144,3855201.220739686
1593046236447,-2700122.6579947793,-4292753.866119667,3855200.924482142
1593046237447,-2700122.8148655025,-4292753.898586197,3855200.9273918006
1593046238447,-2700122.891588479,-4292753.862338343,3855201.173618052
1593046239447,-2700122.7233813284,-4292753.889802787,3855201.2221590513
1593046240447,-2700122.670915366,-4292753.581638978,3855200.9371729926
1593046241447,-2700122.678144123,-4292753.936891961,3855201.032856402
1593046242447,-2700122.807281453,-4292753.853881269,3855201.224890884
1593046243447,-2700122.818223407,-4292753.740427845,3855201.113841307
1593046244447,-2700122.6768082315,-4292753.759971015,3855201.0076444414
1593046245447,-2700122.6658731066,-4292754.026993149,3855201.1379131945
1593046246447,-2700122.440534121,-4292754.178742232,3855200.648458472
1593046247447,-2700122.6019629594,-4292754.16444146,3855200.8362771384
1593046248447,-2700122.272300164,-4292753.89567854,3855201.2410304854
1593046249447,-2700121.969668764,-4292753.733391203,3855201.94353159
1593046250447,-2700122.427762518,-4292753.56423535,3855201.905589759
1593046251447,-2700122.6641856707,-4292753.38685193,3855201.731343374
1593046252447,-2700122.460067518,-4292753.265763147,3855202.02762521
1593046253447,-2700122.2794030937,-4292753.597715476,3855202.1979116616
1593046254447,-2700122.000341311,-4292753.1867002435,3855201.8505584635
1593046255447,-2700122.1793980612,-4292753.900542481,3855201.7148101632
1593046256447,-2700122.2961865147,-4292753.853190281,3855201.617280722
1593046257447,-2700122.1743602613,-4292753.883177549,3855201.57912717
1593046258447,-2700121.82344343,-4292754.06988241,3855201.3648540694
1593046259447,-2700122.6893968075,-4292754.134879943,3855200.646492623
1593046260447,-2700122.8657459402,-4292753.86770704,3855201.0794882285
1593046261447,-2700122.9049011148,-4292753.689757204,3855201.3400768195
1593046262447,-2700122.618475471,-4292754.278740408,3855201.5029086303
1593046263447,-2700122.5381952394,-4292753.548997808,3855200.4924141667
1593046264447,-2700122.541714539,-4292754.643606968,3855200.7362683727
1593046265447,-2700122.834485858,-4292754.084309512,3855200.000718518
1593046266447,-2700122.977814909,-4292754.655788537,3855200.435263989
1593046267447,-2700123.153605581,-4292754.1191006955,3855199.63553403
1593046268447,-2700122.651854389,-4292753.990272477,3855200.6740677347
1593046269447,-2700123.133376908,-4292753.802295505,3855201.553813036
1593046270447,-2700122.4897761345,-4292753.601053722,3855201.693986206
1593046271447,-2700122.5402925746,-4292753.725616871,3855201.518125663
1593046272447,-2700122.351222962,-4292753.383499194,3855201.472239422
1593046273447,-2700122.5540330494,-4292753.458279722,3855201.384493505
1593046274447,-2700122.871029511,-4292753.7002728395,3855201.329277259
1593046275447,-2700122.570480291,-4292753.495101812,3855201.0969290202
1593046276447,-2700123.0580801507,-4292754.526581563,3855202.0217187367
1593046277447,-2700122.4771386427,-4292753.33793152,3855200.751152224
1593046278447,-2700122.2677305597,-4292753.968983681,3855201.122843786
1593046279447,-2700122.752307767,-4292753.905866019,3855200.902271052
1593046280447,-2700122.800407892,-4292753.850580557,3855200.8673971454
1593046281447,-2700122.8913056497,-4292754.011956072,3855201.073008424
1593046282447,-2700122.725188705,-4292753.848123486,3855200.9446287216
1593046283447,-2700122.8390576467,-4292754.069928131,3855201.0302856877
1593046284447,-2700122.8822217556,-4292753.824954352,3855200.954363117
1593046285447,-2700122.7346789166,-4292754.188066083,3855201.092621496
1593046286447,-2700122.7742533777,-4292753.787824696,3855200.7721914
1593046287447,-2700122.8271032595,-4292753.746572538,3855200.8310032147
1593046288447,-2700122.9723652597,-4292753.966755362,3855200.6810178496
1593046289447,-2700123.5871339655,-4292753.956674207,3855200.689327333
1593046290447,-2700123.225157015,-4292753.90893019,3855200.5429874705
1593046291447,-2700122.7159520336,-4292754.075540246,3855200.547052629
1593046292447,-2700122.790051713,-4292754.086180533,3855200.6627382603
1593046293447,-2700122.9204834905,-4292754.150010943,3855200.6854615263
1593046294447,-2700122.756001694,-4292754.044057362,3855200.6356314267
1593046295447,-2700122.943448738,-4292754.248100666,3855200.789669143
1593046296447,-2700122.769951455,-4292753.860670353,3855200.5420119935
1593046297447,-2700122.987378061,-4292754.078475568,3855200.6926990286
1593046298447,-2700122.95659103,-4292754.237427565,3855200.886689771
1593046299447,-2700122.617318579,-4292754.144215229,3855200.649669906
1593046300447,-2700122.618319586,-4292753.87846865,3855200.527551355
1593046301447,-2700122.937612915,-4292754.233312964,3855200.8278776477
1593046302447,-2700122.782038066,-4292754.151458995,3855200.7142099226
1593046303447,-2700122.6676151007,-4292754.026154337,3855200.619554705
1593046304447,-2700122.725810654,-4292754.441032265,3855200.8853885126
1593046305447,-2700122.6417831294,-4292754.055371871,3855200.5920738154
1593046306447,-2700122.995897537,-4292754.257159117,3855200.593399018
1593046307447,-2700122.811803578,-4292754.271098484,3855200.3757138792
1593046308447,-2700123.0424307417,-4292754.293673552,3855200.2888783985
1593046309447,-2700122.7478439147,-4292754.160986488,3855200.6024945574
1593046310447,-2700122.95682683,-4292754.36253716,3855201.0096278666
1593046311447,-2700122.3984516906,-4292753.840891707,3855200.5570174353
1593046312447,-2700122.7985532433,-4292754.18832427,3855200.8863244485
1593046313447,-2700122.7277016,-4292754.201021379,3855200.454397129
1593046314447,-2700122.8289791215,-4292754.275069711,3855200.7808353645
1593046315447,-2700123.0202445597,-4292753.8022339875,3855200.7913566623
1593046316447,-2700122.7515321877,-4292753.911957596,3855201.001902415
1593046317447,-2700122.7312102164,-4292753.953953951,3855201.0847706823
1593046318447,-2700122.7332769837,-4292753.967740567,3855200.845711861
1593046319447,-2700122.8572193286,-4292754.07043284,3855200.943460634
1593046320447,-2700122.524490551,-4292753.706738524,3855201.1587086054
1593046321447,-2700122.716978407,-4292753.799462834,3855201.2414684896
1593046322447,-2700122.6822424964,-4292753.82197881,3855200.8897951893
1593046323447,-2700122.7011862122,-4292754.137454132,3855200.867019047
1593046324447,-2700122.6118573206,-4292753.7811418455,3855201.178609433
1593046325447,-2700122.6514694244,-4292753.537672729,3855201.774207699
1593046326447,-2700122.2649387154,-4292753.2960449355,3855201.9438219494
1593046327447,-2700122.4087402513,-4292753.110785281,3855202.2769748643
1593046328447,-2700122.4626882547,-4292752.975108116,3855202.107586604
1593046329447,-2700122.611942046,-4292753.396571681,3855201.6404144242
1593046330447,-2700122.7556479536,-4292753.508408412,3855201.7640626812
1593046331447,-2700122.537824429,-4292753.453814735,3855201.5798480087
1593046332447,-2700122.4529300705,-4292753.681037376,3855201.726411527
1593046333447,-2700122.766346721,-4292753.497653279,3855201.6002215343
1593046334447,-2700122.524513043,-4292753.835203692,3855201.0653082146
1593046335447,-2700122.7981335414,-4292753.637618682,3855201.127579177
1593046336447,-2700122.7200950743,-4292753.820082596,3855201.313824578
1593046337447,-2700122.513820769,-4292753.821676045,3855201.2583167637
1593046338447,-2700122.670612952,-4292753.969579402,3855201.2490353463
1593046339447,-2700122.7428886606,-4292753.780740912,3855200.9686261895
1593046340447,-2700122.3836554703,-4292753.515351582,3855200.674600586
1593046341447,-2700122.795394279,-4292754.211801083,3855201.392782453
1593046342447,-2700122.572290572,-4292753.7175889695,3855200.910539257
1593046343447,-2700122.863925683,-4292754.230115321,3855201.298254262
1593046344447,-2700122.611348963,-4292754.010875677,3855201.0937668784
1593046345447,-2700122.7644763943,-4292753.909828287,3855200.867162973
1593046346447,-2700122.666350164,-4292753.903341005,3855200.800015236
1593046347447,-2700123.059200832,-4292754.3040871285,3855200.9178387285
1593046348447,-2700122.7343251826,-4292753.647620469,3855200.46460277
1593046349447,-2700123.074041936,-4292754.055615862,3855201.1650365507
1593046350447,-2700122.908677059,-4292753.676098369,3855201.10440389
1593046351447,-2700122.3215490235,-4292753.590069956,3855201.229332959
1593046352447,-2700122.314795599,-4292753.591584037,3855201.0666184416
1593046353447,-2700122.939167531,-4292754.162257425,3855201.6843717657
1593046354447,-2700122.7906308244,-4292753.810534756,3855201.160038493
1593046355447,-2700122.783708057,-4292753.874028132,3855201.157773775
1593046356447,-2700122.252536773,-4292753.736238258,3855200.9751316304
1593046357447,-2700122.459736831,-4292754.128614111,3855201.083953876
1593046358447,-2700122.673649024,-4292753.925726671,3855200.9762908276
1593046359447,-2700122.724138165,-4292754.164890843,3855200.827595226
1593046360447,-2700122.6192399,-4292754.152421964,3855200.771726635
1593046361447,-2700122.570416863,-4292754.167202779,3855200.8244294017
1593046362447,-2700122.721940645,-4292754.256984584,3855200.9193891296
1593046363447,-2700122.4602817525,-4292754.0662380345,3855200.7641514633
1593046364447,-2700122.887008911,-4292753.646294958,3855200.9744570986
1593046365447,-2700122.7567529976,-4292753.703349547,3855201.3665532656
1593046366447,-2700122.6225560107,-4292753.761549503,3855201.2859646394
1593046367447,-2700122.8962973175,-4292754.0986381555,3855201.180552105
1593046368447,-2700122.5938437763,-4292753.80258726,3855200.7749952343
1593046369447,-2700122.0752319684,-4292754.0865606,3855201.1594843226
1593046370447,-2700122.4005967197,-4292753.8549756,3855201.410339036
1593046371447,-2700122.5052450737,-4292753.805328628,3855201.3618307966
1593046372447,-2700122.7163848104,-4292753.820536201,3855201.3730871542
1593046373447,-2700122.8296214426,-4292753.689321448,3855201.14456914
1593046374447,-2700122.451405175,-4292754.016021151,3855200.860451638
1593046375447,-2700122.812754395,-4292754.198240326,3855200.7030704455
1593046376447,-2700122.7492456194,-4292754.39464288,3855200.856200372
1593046377447,-2700122.8121543247,-4292754.105350384,3855200.5969162453
1593046378447,-2700122.9186799466,-4292754.073897349,3855200.714702346
1593046379447,-2700122.7144000023,-4292753.792792417,3855200.8489195546
1593046380447,-2700122.6958851,-4292753.789003726,3855201.35063706
1593046381447,-2700122.3547855057,-4292753.999289212,3855201.4473087895
1593046382447,-2700122.222938887,-4292754.236028693,3855200.969630185
1593046383447,-2700122.4392793626,-4292754.170070946,3855200.67408385
1593046384447,-2700122.637971124,-4292754.2782761585,3855200.7724861596
1593046385447,-2700123.0143194366,-4292753.7202469185,3855201.0350409583
1593046386447,-2700122.4840449705,-4292753.479328688,3855201.6430265685
1593046387447,-2700122.599443232,-4292753.725279297,3855201.3234972227
1593046388447,-2700122.7817199472,-4292754.029783633,3855201.2037301087
1593046389447,-2700122.570634903,-4292754.100849963,3855200.8095355076
1593046390447,-2700122.478993529,-4292754.050375252,3855200.8012359175
1593046391447,-2700123.332899992,-4292753.418220438,3855201.089765718
1593046392447,-2700122.9409989244,-4292753.594712522,3855201.4390914342
1593046393447,-2700122.3585295407,-4292753.486600914,3855201.6107483306
1593046394447,-2700122.1528105442,-4292753.850839998,3855201.7709226157
1593046395447,-2700122.136863393,-4292753.993261599,3855201.5540973144
1593046396447,-2700122.2903780947,-4292753.705284917,3855201.368048126
1593046397447,-2700122.22628061,-4292753.817263743,3855201.462002046
1593046398447,-2700122.256213323,-4292753.997170482,3855201.4868069934
1593046399447,-2700122.5432105893,-4292753.890771197,3855201.252716601
1593046400447,-2700122.6787911733,-4292753.810204269,3855201.0537137347
1593046401447,-2700122.990561012,-4292753.942725951,3855200.6596538415
1593046402447,-2700123.1608880474,-4292753.913424628,3855200.5634017875
1593046403447,-2700122.730805273,-4292754.151528792,3855200.7216852796
1593046404447,-2700122.5248906314,-4292753.966178012,3855201.2250453825
1593046405447,-2700122.3976539,-4292753.876791535,3855201.3252703277
1593046406447,-2700122.192643364,-4292753.900685198,3855201.4423499173
1593046407447,-2700122.4123250386,-4292753.835702205,3855201.4409487504
1593046408447,-2700122.642764167,-4292753.64651487,3855201.337451079
1593046409447,-2700122.762323334,-4292753.736815347,3855201.3233731473
1593046410447,-2700122.6393146655,-4292753.642435147,3855201.123277832
1593046411447,-2700122.7687622085,-4292753.865434474,3855201.170540522
1593046412447,-2700122.6950360485,-4292754.001018695,3855201.262593582
1593046413447,-2700122.626059863,-4292753.833495423,3855201.017430085
1593046414447,-2700122.617754373,-4292754.186868019,3855200.9775060127
1593046415447,-2700122.6228046687,-4292754.140707905,3855200.7749257954
1593046416447,-2700122.741358744,-4292754.1148459185,3855200.9034582134
1593046417447,-2700122.6086673853,-4292754.132232976,3855200.6837246665
1593046418447,-2700122.6792269545,-4292754.182875694,3855200.688352217
1593046419447,-2700122.938544637,-4292753.804521148,3855201.1761277253
1593046420447,-2700123.177932247,-4292753.6674583405,3855200.9152456787
1593046421447,-2700122.822255503,-4292754.1891462,3855200.5390205607
1593046422447,-2700122.382772028,-4292754.587209917,3855200.4003464
1593046423447,-2700122.3482441637,-4292754.699032491,3855200.273278335
1593046424447,-2700122.6626337636,-4292754.455702932,3855200.334594586
1593046425447,-2700122.8017568653,-4292754.121597289,3855200.749154749
1593046426447,-2700123.200762471,-4292753.437518601,3855201.119103406
1593046427447,-2700122.5072562145,-4292753.368224994,3855201.499963012
1593046428447,-2700121.9004296926,-4292753.713995112,3855202.1554965773
1593046429447,-2700121.9510156903,-4292753.654170407,3855202.052231552
1593046430447,-2700122.214660477,-4292753.600441367,3855201.9127011783
1593046431447,-2700122.152063474,-4292753.795722297,3855201.5527166976
1593046432447,-2700122.639954607,-4292753.650798782,3855201.5015605288
1593046433447,-2700122.485581146,-4292753.687854376,3855201.421825206
1593046434447,-2700122.5756853027,-4292753.95156189,3855201.287512685
1593046435447,-2700122.586723598,-4292753.793428,3855200.9566125707
1593046436447,-2700122.865413363,-4292753.774810237,3855201.223864357
1593046437447,-2700122.575670291,-4292753.937515354,3855201.070484122
1593046438447,-2700122.5989223747,-4292754.128366772,3855201.0249615544
1593046439447,-2700122.5756562795,-4292754.168640111,3855200.6619742787
1593046440447,-2700122.7646610136,-4292754.216330033,3855200.698538741
1593046441447,-2700122.7203265987,-4292754.108703838,3855200.6180229103
1593046442447,-2700122.6399823334,-4292754.163091285,3855200.8452593056
1593046443447,-2700122.64404509,-4292753.998275179,3855200.8549185987
1593046444447,-2700122.776846917,-4292753.970850354,3855201.0636536805
1593046445447,-2700122.692348485,-4292753.733556336,3855201.150825796
1593046446447,-2700122.6376447123,-4292753.753927678,3855201.27237029
1593046447447,-2700122.550929187,-4292753.700329726,3855201.1501482856
1593046448447,-2700122.54018171,-4292754.010128704,3855201.2374973646
1593046449447,-2700122.5630758964,-4292754.019969394,3855201.000012138
1593046450447,-2700122.5821446814,-4292753.966152553,3855200.942710844
1593046451447,-2700122.62001864,-4292754.0882471735,3855201.0707752523
1593046452447,-2700122.717697215,-4292753.919463327,3855201.0430716607
1593046453447,-2700122.7472125883,-4292753.787701688,3855201.123165385
1593046454447,-2700122.632276748,-4292754.003548719,3855201.2403110205
1593046455447,-2700122.5751698054,-4292753.828103468,3855201.0596494377
1593046456447,-2700122.3127808925,-4292754.086088178,3855201.139851438
1593046457447,-2700122.209920055,-4292754.147610191,3855201.1338820085
1593046458447,-2700122.555901071,-4292754.015846867,3855201.1022363524
1593046459447,-2700122.6985352756,-4292753.83643021,3855201.0158924414
1593046460447,-2700122.959036767,-4292753.715692999,3855201.0888917013
1593046461447,-2700122.886746908,-4292753.733828949,3855201.051112006
1593046462447,-2700122.8728249907,-4292753.888727744,3855201.0377987535
1593046463447,-2700122.738066317,-4292753.995211258,3855201.0723393043
1593046464447,-2700122.5269687423,-4292754.093762832,3855200.8508188957
1593046465447,-2700122.7232472496,-4292754.233695766,3855200.7523220736
1593046466447,-2700122.8811769765,-4292754.127664991,3855200.405629482
1593046467447,-2700122.712357196,-4292754.470497161,3855200.586457844
1593046468447,-2700122.721127957,-4292754.238688178,3855200.5905621997
1593046469447,-2700122.138441089,-4292754.524244836,3855200.7692504525
1593046470447,-2700122.4665957787,-4292753.791372142,3855200.970549402
1593046471447,-2700122.7919916697,-4292753.453618793,3855201.6147680143
1593046472447,-2700122.714998644,-4292753.217625915,3855201.8105689907
1593046473447,-2700122.7500790297,-4292753.551194416,3855201.5395055516
1593046474447,-2700122.839386741,-4292753.823639563,3855201.35998601
1593046475447,-2700122.5378277847,-4292753.675870729,3855201.1229238412
1593046476447,-2700122.664579088,-4292753.990451792,3855201.2276488384
1593046477447,-2700122.7106360905,-4292753.990947224,3855201.0470569367
1593046478447,-2700122.688602859,-4292753.974586055,3855200.9809930143
1593046479447,-2700122.6268222095,-4292754.083679876,3855200.70406926
1593046480447,-2700122.8071136554,-4292754.1888403455,3855200.6672307746
1593046481447,-2700122.7075927225,-4292754.261635671,3855200.63191319
1593046482447,-2700122.8079601997,-4292754.119986494,3855200.5813368238
1593046483447,-2700122.7377498453,-4292754.302505842,3855200.7099047787
1593046484447,-2700122.7817978836,-4292754.194268671,3855200.672687234
1593046485447,-2700122.8177447366,-4292754.095397303,3855200.6721026786
1593046486447,-2700122.984640438,-4292754.516517596,3855200.115562502
1593046487447,-2700122.903145638,-4292754.83678121,3855199.780706018
1593046488447,-2700122.365890903,-4292755.317379267,3855199.575796573
1593046489447,-2700121.791049031,-4292755.733682514,3855199.7047181893
1593046490447,-2700122.744737993,-4292755.181604153,3855199.4372134735
1593046491447,-2700122.7320753234,-4292754.452928503,3855200.347331091
1593046492447,-2700122.6532682045,-4292754.247434467,3855200.704777712
1593046493447,-2700122.658729402,-4292754.182265653,3855200.4355239696
1593046494447,-2700123.1594193876,-4292754.365543383,3855200.1681348537
1593046495447,-2700122.8280538204,-4292754.507640937,3855199.5653633885
1593046496447,-2700122.9902545963,-4292755.3674510075,3855199.1198166125
1593046497447,-2700122.7843123637,-4292755.573372854,3855199.020945795
1593046498447,-2700122.7355110915,-4292754.914051656,3855199.81917038
1593046499447,-2700122.709973808,-4292755.225984236,3855199.528590508
1593046500447,-2700122.505392353,-4292755.49644765,3855199.319776078
1593046501447,-2700122.6969074667,-4292755.321065285,3855199.375939599
1593046502447,-2700123.4115307243,-4292754.811082064,3855199.388006514
1593046503447,-2700123.9731497536,-4292753.641052047,3855200.2732070903
1593046504447,-2700123.0017889375,-4292753.644537321,3855201.0615776926
1593046505447,-2700122.3307284536,-4292753.758675341,3855201.459581401
1593046506447,-2700122.0043238443,-4292755.0635553,3855200.2485554176
1593046507447,-2700122.9069169904,-4292754.911410296,3855199.6486911573
1593046508447,-2700122.740686986,-4292754.289246214,3855200.5400890512
1593046509447,-2700122.727599566,-4292754.1236913195,3855200.7632604335
1593046510447,-2700122.6581831947,-4292754.230779069,3855200.6999237556
1593046511447,-2700122.4823735896,-4292753.749346304,3855201.4045670847
1593046512447,-2700122.1701545017,-4292753.168530394,3855202.3367935494
1593046513447,-2700121.9259543754,-4292753.090940381,3855202.648500486
1593046514447,-2700122.3985544355,-4292752.799128926,3855202.6620206893
1593046515447,-2700124.352556741,-4292751.817107136,3855202.1407194966
1593046516447,-2700125.0014517712,-4292751.919752409,3855201.525861464
1593046517447,-2700124.5828613006,-4292751.997386977,3855201.6505820737
1593046518447,-2700123.814864904,-4292752.3039603885,3855202.0110366484
1593046519447,-2700123.3115130602,-4292752.676128373,3855201.998588604
1593046520447,-2700123.0341448104,-4292753.284027125,3855201.4472812423
1593046521447,-2700122.9077217337,-4292754.178163755,3855200.6173757757
1593046522447,-2700122.608506919,-4292754.654943148,3855200.299297465
1593046523447,-2700122.510067376,-4292754.8005000865,3855200.0742704775
1593046524447,-2700122.1883188738,-4292755.1205010265,3855199.9435314187
1593046525447,-2700122.0444363174,-4292755.1793778045,3855200.1126562455
1593046526447,-2700121.02214388,-4292755.467684828,3855200.448327644
1593046527447,-2700119.9076756625,-4292755.844051455,3855201.0197968953
1593046528447,-2700120.0802125274,-4292755.185623208,3855201.37777811
1593046529447,-2700121.301909687,-4292754.390824596,3855201.663468554
1593046530447,-2700121.843156372,-4292754.532659385,3855201.0942384563
1593046531447,-2700121.3331638942,-4292754.936319506,3855201.1540756463
1593046532447,-2700122.109691377,-4292754.359593344,3855200.976132923
1593046533447,-2700122.7872367133,-4292753.943507123,3855200.956099261
1593046534447,-2700122.7504290207,-4292753.853486513,3855201.018013749
1593046535447,-2700122.9633092973,-4292753.540126232,3855201.075012637
1593046536447,-2700123.203965361,-4292753.883319773,3855200.7197302254
1593046537447,-2700123.8354648855,-4292753.650368516,3855200.484711833
1593046538447,-2700123.909832664,-4292753.7034789575,3855200.2533923583
1593046539447,-2700124.978490309,-4292753.342673426,3855199.882838947
1593046540447,-2700125.0863638674,-4292753.555702606,3855199.3802180868
1593046541447,-2700124.6763786017,-4292753.679740758,3855199.5501644355
1593046542447,-2700124.4472073643,-4292754.1551960865,3855199.2608484617
1593046543447,-2700122.8028907,-4292755.299477599,3855199.2970576617
1593046544447,-2700122.5670661484,-4292754.442534159,3855200.5237276983
1593046545447,-2700122.6767257834,-4292753.8938978575,3855201.0571490168
1593046546447,-2700122.6693916833,-4292753.976215588,3855200.992574764
1593046547447,-2700122.6859541545,-4292753.955692865,3855201.0027730907
1593046548447,-2700122.6596449707,-4292753.961584166,3855200.998275601
1593046549447,-2700122.6814286755,-4292753.963558378,3855200.9849122944
1593046550447,-2700122.680695204,-4292753.956861006,3855200.999360501
1593046551447,-2700122.6665802216,-4292753.9657391915,3855201.0021997797
1593046552447,-2700122.6823659153,-4292753.956665092,3855200.9968722244
1593046553447,-2700122.677332073,-4292753.960796448,3855200.996855343
