utcTimeMillis,latitude,longitude,altitude
1593045251447.0,37.55240090688262,-122.07252290400683,-2548107.0332848676
1593045252447.0,37.45240801609783,-122.07253285421126,-731238.995906382
1593045253447.0,37.42173924069347,-122.07253373204179,232905.76161635254
1593045254447.0,37.40647425375404,-122.07253789389033,847211.5412899853
1593045255447.0,37.398742476360226,-122.07254140137752,1204211.04508066
1593045256447.0,37.39532624464525,-122.07254769047434,1373313.6343990322
1593045257447.0,37.39423967404862,-122.07257176688384,1428484.5965101141
1593045258447.0,37.394236203646074,-122.07260111041336,1428787.164804309
1593045259447.0,37.39460633664357,-122.07263263214014,1410639.8697247624
1593045260447.0,37.39500303848147,-122.07268355896645,1391731.645624401
1593045261447.0,37.39528769792475,-122.07275373273727,1378184.1312372615
1593045262447.0,37.39545183747472,-122.07284214583824,1370453.4718411327
1593045263447.0,37.39552405480977,-122.0729495049053,1366971.7167405335
1593045264447.0,37.39554532458969,-122.07306870741007,1365954.5396067265
1593045265447.0,37.395539638992105,-122.07318421787325,1366068.3911520434
1593045266447.0,37.39553310088074,-122.07330772943448,1366532.5897164552
1593045267447.0,37.395523540515114,-122.07344793028291,1366979.1700070181
1593045268447.0,37.39551727677151,-122.07358800425459,1367287.591278964
1593045269447.0,37.395513894165695,-122.07372561982162,1367455.9957063699
1593045270447.0,37.3955117829884,-122.07386554101737,1367527.894385139
1593045271447.0,37.395510240530434,-122.07402564447106,1367548.6273069722
1593045272447.0,37.39551021999532,-122.07418055626871,1367544.4695571505
1593045273447.0,37.39551802545902,-122.0743384566949,1367532.9207677378
1593045274447.0,37.39552008994423,-122.07450447331321,1367522.6043018315
1593045275447.0,37.39552188626964,-122.07467325263812,1367515.2957710077
1593045276447.0,37.39552374136931,-122.07483805884783,1367510.9826378583
1593045277447.0,37.395523607498184,-122.07500751711315,1367509.8913586286
1593045278447.0,37.39552383407285,-122.07517487438287,1367509.38581646
1593045279447.0,37.3955220727505,-122.07532945758854,1367508.1541927194
1593045280447.0,37.395523185184985,-122.0754953317079,1367508.8224999658
1593045281447.0,37.39551493052098,-122.07566454933446,1367509.326844449
1593045282447.0,37.39549789839956,-122.07582342332408,1367509.490464348
1593045283447.0,37.39547476204008,-122.07598248876904,1367509.5202073148
1593045284447.0,37.395441773905326,-122.07613570608902,1367509.414594298
1593045285447.0,37.39540405173883,-122.07628197791344,1367509.269478368
1593045286447.0,37.395371840276795,-122.07642014287924,1367508.8617256398
1593045287447.0,37.395339615314064,-122.07655453861243,1367508.5215080706
1593045288447.0,37.395318620691505,-122.07668027570114,1367508.170295029
1593045289447.0,37.395312567669784,-122.07677849995876,1367507.5087052786
1593045290447.0,37.395308793241824,-122.07687393094791,1367508.8066861057
1593045291447.0,37.395301876645526,-122.07693822201965,1367510.1216490436
1593045292447.0,37.39529933190427,-122.07697795570711,1367508.8173287269
1593045293447.0,37.39529828932467,-122.07704572271302,1367508.490396237
1593045294447.0,37.39528701574677,-122.07710036480756,1367508.6806024695
1593045295447.0,37.39524967026411,-122.07715382271282,1367509.7353179255
1593045296447.0,37.39519288927238,-122.07718350708787,1367508.6691301477
1593045297447.0,37.395126409373226,-122.07719895835963,1367509.2758254467
1593045298447.0,37.39504151367394,-122.07720444142365,1367508.4424677594
1593045299447.0,37.39494756952871,-122.07719312206845,1367507.8125168115
1593045300447.0,37.394848428951434,-122.07718734221616,1367507.2536934933
1593045301447.0,37.394736958845435,-122.0771619822306,1367506.807916018
1593045302447.0,37.394624071017574,-122.07714824069915,1367507.7806635995
1593045303447.0,37.394507246368526,-122.07712449288272,1367505.4511406478
1593045304447.0,37.39438451418005,-122.07709203951467,1367503.667103097
1593045305447.0,37.39425615845719,-122.07708833818486,1367505.4183510358
1593045306447.0,37.39412093051618,-122.07708231923228,1367506.0132550984
1593045307447.0,37.39398353089511,-122.07707963469004,1367505.304485647
1593045308447.0,37.393846000611745,-122.07709608946415,1367507.500734142
1593045309447.0,37.39370744345373,-122.07709786648962,1367508.4715344014
1593045310447.0,37.39356392586197,-122.07709525647013,1367507.8760663047
1593045311447.0,37.39342248305801,-122.07710664993373,1367509.4165119848
1593045312447.0,37.393280643720324,-122.07712261192206,1367509.5399763759
1593045313447.0,37.39315032092228,-122.07712472104662,1367507.4435073223
1593045314447.0,37.393029716630586,-122.07713447848046,1367507.6500418766
1593045315447.0,37.392927765216186,-122.07714060368103,1367507.3381248403
1593045316447.0,37.392845761145935,-122.07714278686987,1367506.9962337613
1593045317447.0,37.39278488824111,-122.07714756247276,1367507.8271387902
1593045318447.0,37.39274486887064,-122.07715541156811,1367510.700723725
1593045319447.0,37.392715910391196,-122.07714839578922,1367509.9234216774
1593045320447.0,37.392701413157056,-122.07715134376717,1367508.7559537797
1593045321447.0,37.392698942373336,-122.07713917780693,1367507.613757765
1593045322447.0,37.39269877469782,-122.07713446714959,1367509.1852740797
1593045323447.0,37.39269210972296,-122.07712745774306,1367507.2423527648
1593045324447.0,37.392691034254156,-122.07713389836341,1367508.55749545
1593045325447.0,37.392690681684634,-122.07712536367518,1367506.08038065
1593045326447.0,37.392695320467446,-122.07711739914998,1367505.493379289
1593045327447.0,37.39269274654747,-122.07711953352673,1367504.4328421995
1593045328447.0,37.392701657007635,-122.07712602992243,1367506.614045658
1593045329447.0,37.39270859281348,-122.0771385912988,1367506.665861917
1593045330447.0,37.39270329579743,-122.0771388344747,1367507.3433494936
1593045331447.0,37.39270627068846,-122.07713566568232,1367506.2502588187
1593045332447.0,37.39271040392793,-122.07713263170474,1367507.0430624841
1593045333447.0,37.392691336875444,-122.07713128935792,1367506.7958384557
1593045334447.0,37.39267306968513,-122.07713388170706,1367507.4083813173
1593045335447.0,37.39264805596122,-122.07712858429078,1367507.357182543
1593045336447.0,37.39260776303086,-122.07713238668136,1367507.153415101
1593045337447.0,37.39254871198781,-122.0771363423958,1367507.1352435728
1593045338447.0,37.39246995527763,-122.07713898397743,1367509.5321922083
1593045339447.0,37.3923824389034,-122.0771276317589,1367508.8285840035
1593045340447.0,37.39228583254054,-122.07712019465568,1367508.0267501248
1593045341447.0,37.39218213379535,-122.07711189135888,1367507.5856076025
1593045342447.0,37.392078355657745,-122.07710621651295,1367508.0301671962
1593045343447.0,37.391976933927154,-122.07710278193998,1367508.6737712587
1593045344447.0,37.39187952375985,-122.07710980114823,1367510.8808845556
1593045345447.0,37.39178366911743,-122.0771020164476,1367510.9534431526
1593045346447.0,37.391691674948994,-122.07709226106921,1367510.413876026
1593045347447.0,37.39161297828055,-122.07708378909076,1367508.928784715
1593045348447.0,37.39154392730603,-122.07708365903005,1367508.8537639168
1593045349447.0,37.39149180983821,-122.07709895240328,1367506.4177394053
1593045350447.0,37.391461056370105,-122.0771437706865,1367507.6222315538
1593045351447.0,37.39143477510671,-122.07719156420397,1367507.1721490538
1593045352447.0,37.391428330238774,-122.07728832243713,1367508.2438408798
1593045353447.0,37.39142070835085,-122.07738455293826,1367506.7928508043
1593045354447.0,37.391417141751525,-122.0775056901756,1367507.310432054
1593045355447.0,37.391415156897466,-122.07763084992088,1367506.7418312079
1593045356447.0,37.39141258498039,-122.07778415184103,1367507.3470947905
1593045357447.0,37.39140885601996,-122.07793768673183,1367507.3944851789
1593045358447.0,37.391403788270786,-122.07810274547155,1367508.6652973029
1593045359447.0,37.39138787883529,-122.07826855665074,1367508.277980821
1593045360447.0,37.391374909145036,-122.07843855194078,1367507.4024033316
1593045361447.0,37.39136231600529,-122.07861023165933,1367507.888020716
1593045362447.0,37.39135024439465,-122.0787907922513,1367509.5309125516
1593045363447.0,37.391335196647574,-122.07895811866901,1367509.3007743654
1593045364447.0,37.391320322052906,-122.07913541727102,1367510.615829553
1593045365447.0,37.391304125314186,-122.0793001462425,1367510.9586681717
1593045366447.0,37.39128968446815,-122.07946350221935,1367511.308399713
1593045367447.0,37.39128069831844,-122.07962531807627,1367511.7714108848
1593045368447.0,37.39126654441211,-122.07978088746685,1367511.828513955
1593045369447.0,37.39125088535978,-122.07993312325054,1367511.0431085662
1593045370447.0,37.39123880405613,-122.0800861161836,1367511.7193329239
1593045371447.0,37.391226881049235,-122.08021948531416,1367509.2792519398
1593045372447.0,37.39121352117558,-122.08036263625507,1367509.5194451828
1593045373447.0,37.39120039085045,-122.08050503780025,1367508.4494748716
1593045374447.0,37.39119156690604,-122.08064740647626,1367508.4478609231
1593045375447.0,37.39117532342522,-122.08079018940163,1367508.9233727718
1593045376447.0,37.391163342627834,-122.08091897679697,1367507.0690944712
1593045377447.0,37.391160004033694,-122.08106715247708,1367508.9183489154
1593045378447.0,37.3911594948299,-122.08119801151474,1367508.1499568284
1593045379447.0,37.39115812144717,-122.08133076891714,1367507.3568519596
1593045380447.0,37.391155764615476,-122.0814683170562,1367508.4585064116
1593045381447.0,37.39116509344079,-122.08160372527834,1367506.3738951872
1593045382447.0,37.39116942921085,-122.08174985850279,1367506.6705259348
1593045383447.0,37.39117432482028,-122.08190061245651,1367507.973926234
1593045384447.0,37.39118123506848,-122.08205859978375,1367508.7161574769
1593045385447.0,37.39119348195603,-122.08222418291754,1367509.3388756372
1593045386447.0,37.39120867166948,-122.08239211665395,1367507.9783932471
1593045387447.0,37.39122642715957,-122.08256500094893,1367507.8199411766
1593045388447.0,37.39125219531218,-122.08273807417125,1367506.8101750757
1593045389447.0,37.39127472148705,-122.08290791674469,1367508.368773362
1593045390447.0,37.391303762468816,-122.0830826297545,1367509.8995640655
1593045391447.0,37.391324941715745,-122.08324767425385,1367510.223388347
1593045392447.0,37.39135450212178,-122.08341489757628,1367511.8797271778
1593045393447.0,37.391378917117066,-122.0835741555537,1367511.572594942
1593045394447.0,37.39140951707582,-122.08372709693796,1367511.1632361854
1593045395447.0,37.39144755705246,-122.08389561000219,1367512.821339633
1593045396447.0,37.39148114435004,-122.08406442014395,1367514.6504286067
1593045397447.0,37.391517633881385,-122.08421499805934,1367512.6759431441
1593045398447.0,37.391543577417536,-122.08436350049686,1367508.8251134125
1593045399447.0,37.391581840051614,-122.08452337673626,1367508.83267027
1593045400447.0,37.39161804052737,-122.08468452470095,1367508.556735602
1593045401447.0,37.391653315876965,-122.08485557611532,1367507.372242908
1593045402447.0,37.39168821781807,-122.0850321142025,1367505.7893385226
1593045403447.0,37.39172599229851,-122.08520938447481,1367504.9570847908
1593045404447.0,37.391760274445296,-122.08538524909406,1367504.2103753034
1593045405447.0,37.39179654648774,-122.0855615571187,1367504.7929895814
1593045406447.0,37.391827884983435,-122.08573882010369,1367507.2047974262
1593045407447.0,37.39185708303027,-122.0859016382021,1367506.076904664
1593045408447.0,37.391873528919675,-122.0860548423947,1367508.647030318
1593045409447.0,37.391893379893304,-122.08620218403163,1367507.5298593857
1593045410447.0,37.39189765710603,-122.08633377488692,1367506.9114318355
1593045411447.0,37.39189584288083,-122.08645094103771,1367506.1641444445
1593045412447.0,37.39189222453155,-122.08655811980051,1367505.6095247793
1593045413447.0,37.39188196669747,-122.08666122235908,1367505.8022158695
1593045414447.0,37.391871873223934,-122.08675155074323,1367507.2675425156
1593045415447.0,37.3918552342575,-122.0868212510331,1367508.3406774905
1593045416447.0,37.39185180991466,-122.08688415162923,1367507.1077388877
1593045417447.0,37.39187069818829,-122.08693535821556,1367507.1705244451
1593045418447.0,37.39190697377354,-122.08699217995294,1367509.0831720633
1593045419447.0,37.391961407953964,-122.08703587035046,1367511.0878603982
1593045420447.0,37.39201667325288,-122.08708388424279,1367510.471514985
1593045421447.0,37.39208360073768,-122.08714723197565,1367512.8809970878
1593045422447.0,37.392150410639665,-122.08721632487936,1367510.9513950702
1593045423447.0,37.392220181127335,-122.0872842576966,1367507.2426837836
1593045424447.0,37.39229117274256,-122.0873821278659,1367506.8674157804
1593045425447.0,37.39235651593157,-122.08748057726848,1367508.57913757
1593045426447.0,37.39240489206177,-122.08758400127161,1367505.3931495366
1593045427447.0,37.39244910622734,-122.08770085138788,1367506.1592722775
1593045428447.0,37.39248619698205,-122.08782510603307,1367506.7272416665
1593045429447.0,37.39251974931536,-122.08795998960764,1367506.8998282512
1593045430447.0,37.39254488627554,-122.08809631931727,1367508.2812517916
1593045431447.0,37.39256614527838,-122.08822030818318,1367507.1421566932
1593045432447.0,37.39258324875806,-122.08833132623624,1367505.1482749896
1593045433447.0,37.392618075161174,-122.0884568397249,1367505.2753504936
1593045434447.0,37.39264996575758,-122.08858451218552,1367504.705143354
1593045435447.0,37.39269105972384,-122.08872539389698,1367506.5070669353
1593045436447.0,37.3927292012429,-122.08885938713503,1367506.66501729
1593045437447.0,37.39278029399854,-122.08898192711136,1367506.5400149105
1593045438447.0,37.39283216984778,-122.08911689130898,1367506.9720744633
1593045439447.0,37.39288100600281,-122.08924707243226,1367504.913620462
1593045440447.0,37.3929388501376,-122.08936451160761,1367507.1139579082
1593045441447.0,37.393000301151005,-122.08946794675316,1367504.4183476951
1593045442447.0,37.39305756942627,-122.08958670334154,1367503.8658797126
1593045443447.0,37.393121849814804,-122.08970716402098,1367505.9694166412
1593045444447.0,37.39319753044837,-122.08982474503466,1367508.6505859415
1593045445447.0,37.393267756637556,-122.08993495943193,1367508.2202890215
1593045446447.0,37.393333698327304,-122.09003736382725,1367508.1492285922
1593045447447.0,37.393398962121545,-122.09013495606116,1367507.1113521536
1593045448447.0,37.39347137831972,-122.09022080065434,1367509.091920419
1593045449447.0,37.39354233905614,-122.09031537672048,1367509.9210263367
1593045450447.0,37.393611554624776,-122.09040030275631,1367510.8844201602
1593045451447.0,37.393686610344844,-122.0904811386969,1367510.982872183
1593045452447.0,37.39376865238706,-122.09057426367515,1367511.208491413
1593045453447.0,37.39385567047769,-122.09064450980367,1367512.2303263778
1593045454447.0,37.39394595884668,-122.09072152902661,1367512.985895796
1593045455447.0,37.39404404755953,-122.09079760949342,1367511.4631690555
1593045456447.0,37.39414267178299,-122.09086653673792,1367509.909731699
1593045457447.0,37.394234076820815,-122.0909219046439,1367508.5519631105
1593045458447.0,37.39432575172306,-122.09096886567013,1367506.613535172
1593045459447.0,37.394405056263075,-122.09102453094631,1367506.3906704003
1593045460447.0,37.39448132253211,-122.09109008128358,1367507.488158029
1593045461447.0,37.394553072903705,-122.09114863858068,1367509.787664314
1593045462447.0,37.39462468275391,-122.09122578358402,1367509.6043400243
1593045463447.0,37.3947004404124,-122.09131235703234,1367508.7915410253
1593045464447.0,37.39477925837804,-122.0914009032958,1367508.7441885707
1593045465447.0,37.39484464992167,-122.09148843108156,1367506.6783495564
1593045466447.0,37.39490464119178,-122.0915946673778,1367507.89386108
1593045467447.0,37.394955228314544,-122.09169156733834,1367506.4128917914
1593045468447.0,37.394989389426776,-122.09180152248761,1367506.1721837209
1593045469447.0,37.39502996689306,-122.09190102796005,1367504.5489195136
1593045470447.0,37.39506649681383,-122.09203961315795,1367508.18580723
1593045471447.0,37.39509290198454,-122.09216689241933,1367508.824131425
1593045472447.0,37.39510417217891,-122.09229510173478,1367509.7826707524
1593045473447.0,37.39512137734576,-122.09242142293347,1367509.6769086942
1593045474447.0,37.39512832896234,-122.09254750266967,1367511.0477723405
1593045475447.0,37.39513134997487,-122.0926713113499,1367512.0804401801
1593045476447.0,37.39512343327199,-122.09277969644714,1367511.510323354
1593045477447.0,37.395124178297,-122.09289230760017,1367513.1241415844
1593045478447.0,37.39511508449807,-122.0929778684233,1367516.1377313994
1593045479447.0,37.39509481299171,-122.0930757800886,1367512.8539237394
1593045480447.0,37.39507417558942,-122.09315684629512,1367510.7007998656
1593045481447.0,37.39506045728606,-122.09323043678128,1367509.4661681303
1593045482447.0,37.395045394316334,-122.09329017213393,1367510.2837152681
1593045483447.0,37.39503025548169,-122.09335341552116,1367510.4291483967
1593045484447.0,37.39501535293617,-122.09343717830052,1367509.7935564986
1593045485447.0,37.394999766281025,-122.09353151512603,1367510.187785358
1593045486447.0,37.39499001484588,-122.09362424122669,1367509.4741065626
1593045487447.0,37.39497558741464,-122.09372442477566,1367509.440784086
1593045488447.0,37.39496217611681,-122.0938189375708,1367508.356212923
1593045489447.0,37.39494372783613,-122.0939271101032,1367508.2250843863
1593045490447.0,37.39492571711281,-122.09403091381185,1367508.926462356
1593045491447.0,37.39491069341391,-122.09414479197042,1367509.7182378978
1593045492447.0,37.394897960229834,-122.09425533804144,1367511.0894520946
1593045493447.0,37.39488328529953,-122.09433336061618,1367508.1140597628
1593045494447.0,37.39486947975146,-122.09440718101764,1367507.3304784314
1593045495447.0,37.394855007290275,-122.09445340446044,1367508.6629171718
1593045496447.0,37.3948441753434,-122.09448885620608,1367509.1373139326
1593045497447.0,37.39483566231661,-122.0945167965965,1367510.3033962387
1593045498447.0,37.39483207276827,-122.09454583365446,1367508.9060626058
1593045499447.0,37.39483242163603,-122.0945768809546,1367508.049559798
1593045500447.0,37.39483694474619,-122.09462276697849,1367510.6389962966
1593045501447.0,37.394864653865135,-122.09466262209617,1367507.9204290959
1593045502447.0,37.39489990788038,-122.0946866441884,1367508.145541149
1593045503447.0,37.394960497752585,-122.09470463408545,1367507.825689649
1593045504447.0,37.395026790935,-122.09473690390033,1367508.5802017008
1593045505447.0,37.39510252405066,-122.09475913207126,1367508.6408375043
1593045506447.0,37.39518955709833,-122.09479710400294,1367507.2030878789
1593045507447.0,37.39528087434262,-122.09484592832598,1367507.3516974237
1593045508447.0,37.395388770104354,-122.09488172072382,1367507.061931587
1593045509447.0,37.39550492619807,-122.09494238348343,1367507.9992234246
1593045510447.0,37.3956163929667,-122.09499626664889,1367507.641487298
1593045511447.0,37.39573000171606,-122.09504793822144,1367507.7906977625
1593045512447.0,37.395845628201684,-122.09509428574398,1367508.1368177414
1593045513447.0,37.395962447524454,-122.09514267673202,1367507.7276942087
1593045514447.0,37.396085017885724,-122.09520186817954,1367509.7884959765
1593045515447.0,37.39620351636222,-122.09524511204653,1367508.3770719492
1593045516447.0,37.3963233126053,-122.09530119262466,1367508.3343677418
1593045517447.0,37.39643765452446,-122.09535589863893,1367508.504460443
1593045518447.0,37.3965347330722,-122.09539456419553,1367509.1217066632
1593045519447.0,37.396636292811564,-122.0954337015184,1367509.4265245157
1593045520447.0,37.39673248179161,-122.0954442861635,1367506.5897392053
1593045521447.0,37.39683576441882,-122.09544502607098,1367505.4351197628
1593045522447.0,37.39692871396842,-122.09542779562692,1367506.5054961753
1593045523447.0,37.39700857904535,-122.09539347831934,1367504.595898823
1593045524447.0,37.3970995131135,-122.09536083903224,1367504.3506612782
1593045525447.0,37.397188042570974,-122.09532631668745,1367503.7220968541
1593045526447.0,37.397267682245,-122.09528285309078,1367503.991267964
1593045527447.0,37.3973440582987,-122.09525803355075,1367505.2598385946
1593045528447.0,37.39741547416423,-122.09527419609236,1367507.23488831
1593045529447.0,37.397469858101765,-122.0952986609088,1367507.0953219694
1593045530447.0,37.39751248532641,-122.09534401487629,1367508.1356020872
1593045531447.0,37.39755076097714,-122.0954070851816,1367508.466621182
1593045532447.0,37.39758673247977,-122.09544573773685,1367508.931821787
1593045533447.0,37.39763496924962,-122.09546228747665,1367509.4760265236
1593045534447.0,37.397692425885566,-122.09547436510667,1367509.71039761
1593045535447.0,37.39775591032011,-122.09546555427274,1367508.985660343
1593045536447.0,37.39782504887529,-122.09545631805487,1367507.1653568435
1593045537447.0,37.39790079883933,-122.09545141665856,1367507.5464618057
1593045538447.0,37.39797691853971,-122.09544045672132,1367507.1069442432
1593045539447.0,37.39806443780178,-122.0954342372265,1367506.8295677905
1593045540447.0,37.39815505597596,-122.09542695586471,1367506.1207761962
1593045541447.0,37.3982390138584,-122.0954183187908,1367507.0180090065
1593045542447.0,37.39832963716936,-122.09540340277275,1367505.58128808
1593045543447.0,37.398417660455856,-122.09539103354517,1367505.7661107313
1593045544447.0,37.398504151428966,-122.09538000673004,1367506.0913502832
1593045545447.0,37.398581435413284,-122.09536441131885,1367506.7010375245
1593045546447.0,37.39863542976868,-122.09532781340397,1367505.3894159258
1593045547447.0,37.39867612104366,-122.09528170889563,1367509.4358598762
1593045548447.0,37.39870076252185,-122.09520940306535,1367508.468137616
1593045549447.0,37.39870284413439,-122.09512024849941,1367507.1864231562
1593045550447.0,37.39869960543162,-122.09503996733109,1367508.4050315819
1593045551447.0,37.398689281482355,-122.09494042880732,1367507.072622493
1593045552447.0,37.39868109358163,-122.09482794064972,1367508.3477074446
1593045553447.0,37.398658073651944,-122.0946924955697,1367507.7176045969
1593045554447.0,37.39864427289155,-122.0945600266221,1367507.7342188803
1593045555447.0,37.39862999569278,-122.09441417858643,1367508.1566040504
1593045556447.0,37.398622946498016,-122.09429117860248,1367507.1274456228
1593045557447.0,37.3986100633049,-122.09414155610966,1367504.3683057928
1593045558447.0,37.39859489957988,-122.09400324061959,1367504.2438488554
1593045559447.0,37.39858549396358,-122.09388033322513,1367503.5353302173
1593045560447.0,37.39857647268677,-122.09376408038185,1367505.3496870871
1593045561447.0,37.39856547246,-122.09364847229615,1367506.5661379083
1593045562447.0,37.398553259914564,-122.09353192986221,1367506.6662784424
1593045563447.0,37.39853974231041,-122.0934267430929,1367505.9324412483
1593045564447.0,37.39854150132419,-122.09333615978251,1367505.5777892333
1593045565447.0,37.398551105245886,-122.09326553105213,1367507.8263044606
1593045566447.0,37.3985873212615,-122.09320809205495,1367506.5121615976
1593045567447.0,37.39862565058113,-122.09317698980989,1367506.5861924065
1593045568447.0,37.3986705319459,-122.09316169263909,1367505.5874252853
1593045569447.0,37.39869566065744,-122.09318065320102,1367506.9959324307
1593045570447.0,37.39871186952593,-122.09320975036547,1367505.754392522
1593045571447.0,37.39871925312253,-122.09323959488428,1367506.5327438216
1593045572447.0,37.39872201921765,-122.09328506286313,1367508.4606381024
1593045573447.0,37.39872284166444,-122.0933276331244,1367508.1659283366
1593045574447.0,37.39872679527371,-122.09338800736823,1367508.0954290961
1593045575447.0,37.39873437087586,-122.09346657483287,1367508.6233729187
1593045576447.0,37.398741606000215,-122.09355093682012,1367509.139688505
1593045577447.0,37.39874647038447,-122.09363815699297,1367508.6713140593
1593045578447.0,37.39874817657464,-122.09372077490715,1367507.8954012985
1593045579447.0,37.39874496208235,-122.09379136953386,1367507.6732943566
1593045580447.0,37.398721181585444,-122.09384508496997,1367509.1623319336
1593045581447.0,37.39869554624955,-122.09388377130591,1367509.7877554998
1593045582447.0,37.39866957526197,-122.09389801899731,1367507.7917618945
1593045583447.0,37.39865326249097,-122.09391887501856,1367508.6400781337
1593045584447.0,37.39864267714731,-122.09394259543869,1367508.5313601822
1593045585447.0,37.39863247628074,-122.09399234435602,1367508.269108643
1593045586447.0,37.39863446841331,-122.09408303802213,1367510.5462568942
1593045587447.0,37.39864046606373,-122.09418371806056,1367509.2605674248
1593045588447.0,37.398652870028826,-122.09429840278008,1367507.7935501498
1593045589447.0,37.39866491536106,-122.09444329520169,1367507.8459705822
1593045590447.0,37.39866929167279,-122.09458634047787,1367509.4221030935
1593045591447.0,37.39867885718206,-122.09472412574978,1367508.308275723
1593045592447.0,37.39868699575157,-122.09486903953183,1367509.035074687
1593045593447.0,37.398699709579816,-122.0949991963299,1367507.5320049096
1593045594447.0,37.39871113028932,-122.0951043954856,1367507.8812819184
1593045595447.0,37.3987197086257,-122.09518640545167,1367509.4669741471
1593045596447.0,37.39872132684621,-122.09524632405605,1367510.6230282907
1593045597447.0,37.3987216018484,-122.09529183440146,1367511.8306812122
1593045598447.0,37.39871664922788,-122.09532694211057,1367511.1164460077
1593045599447.0,37.39869562130236,-122.09536368991797,1367510.8206645083
1593045600447.0,37.39864650196705,-122.0954017925473,1367509.5457337718
1593045601447.0,37.39857878831529,-122.09543403013039,1367509.7943451393
1593045602447.0,37.39849681800727,-122.09544253960723,1367509.1178267333
1593045603447.0,37.398392760627765,-122.09545941963833,1367508.9512086848
1593045604447.0,37.39827875845397,-122.09548347404242,1367508.7872770808
1593045605447.0,37.39815437187291,-122.09550990462671,1367508.6529606543
1593045606447.0,37.39803521184314,-122.09553976819184,1367508.171602984
1593045607447.0,37.397918886721435,-122.09558109641334,1367509.1655815775
1593045608447.0,37.397814951867694,-122.0955968138702,1367507.3978797265
1593045609447.0,37.39771577082387,-122.09562105438957,1367508.5525152788
1593045610447.0,37.39762851132061,-122.0956336848028,1367507.7261993294
1593045611447.0,37.39753682694998,-122.09564564820694,1367508.8959689063
1593045612447.0,37.39744339516531,-122.09566203840691,1367509.4703979709
1593045613447.0,37.39733844847877,-122.09567353660739,1367508.4308605925
1593045614447.0,37.39722351886642,-122.09569989691116,1367509.9903668675
1593045615447.0,37.397102310313606,-122.09573331656054,1367510.2154034954
1593045616447.0,37.396983061780354,-122.09578629944197,1367509.9716092064
1593045617447.0,37.39685258936449,-122.09585745346386,1367510.1566966958
1593045618447.0,37.396731220336264,-122.0959378228565,1367509.3631682517
1593045619447.0,37.3966115958858,-122.09601741183839,1367507.9901238596
1593045620447.0,37.39649682964155,-122.09608748771156,1367506.8365490756
1593045621447.0,37.39639817988367,-122.09617860959042,1367507.7709297757
1593045622447.0,37.39632317604397,-122.09629017515839,1367510.0862553571
1593045623447.0,37.39626637120815,-122.09641797140374,1367510.339644979
1593045624447.0,37.396238520662,-122.09655176062084,1367508.239249175
1593045625447.0,37.396248970051595,-122.09668931728811,1367506.9910681879
1593045626447.0,37.39630354368785,-122.0968179717265,1367505.9511042181
1593045627447.0,37.396380186275586,-122.09693819945831,1367506.305560444
1593045628447.0,37.39647536756346,-122.09705825635042,1367507.8420219237
1593045629447.0,37.39658560250293,-122.09719333551968,1367508.2407013003
1593045630447.0,37.39670537485804,-122.09733404088192,1367508.5890808268
1593045631447.0,37.396834690774256,-122.09748178898397,1367508.8798040529
1593045632447.0,37.396972164023026,-122.09764143301021,1367508.6375995383
1593045633447.0,37.39711811101345,-122.0977975948709,1367508.9288288415
1593045634447.0,37.39726875858216,-122.09796834742106,1367508.4842791916
1593045635447.0,37.39742668797241,-122.09813591592373,1367508.4570673613
1593045636447.0,37.397584299631546,-122.09830498842459,1367509.0957265403
1593045637447.0,37.39774011685242,-122.09847201127332,1367509.4690090609
1593045638447.0,37.397893001420954,-122.09863648703777,1367508.9855449703
1593045639447.0,37.39804077389454,-122.09879608570921,1367510.3290034113
1593045640447.0,37.3981840784043,-122.09895193939167,1367510.1349625345
1593045641447.0,37.39832505341096,-122.09911800189265,1367510.9558600502
1593045642447.0,37.3984705295223,-122.09928791091548,1367510.849572041
1593045643447.0,37.39862026463396,-122.09943923956187,1367511.3288092155
1593045644447.0,37.398782664527545,-122.09960589149993,1367512.4003855353
1593045645447.0,37.39894225992885,-122.09977419696085,1367511.4984732966
1593045646447.0,37.39911348843895,-122.09995172980578,1367510.5692217206
1593045647447.0,37.39927764943481,-122.10011746312503,1367509.1701965726
1593045648447.0,37.39944618788466,-122.1002957601226,1367509.4175289553
1593045649447.0,37.39962137722199,-122.10048027986242,1367508.8662020378
1593045650447.0,37.39979020502848,-122.1006622950388,1367508.2279344464
1593045651447.0,37.39995808757962,-122.10083835545446,1367508.8656152522
1593045652447.0,37.40013155776772,-122.10101954351217,1367509.8359601283
1593045653447.0,37.40029580695606,-122.1011984363735,1367509.0180888101
1593045654447.0,37.40046350175361,-122.1013814710204,1367509.8240443715
1593045655447.0,37.40062268560276,-122.10154240989424,1367508.9795850888
1593045656447.0,37.40078347350882,-122.10171064419535,1367508.7777282423
1593045657447.0,37.40094691906268,-122.10188516859651,1367509.5552097093
1593045658447.0,37.40110274588003,-122.10205079360706,1367508.6715527559
1593045659447.0,37.40125648503055,-122.10221266069317,1367507.6861180055
1593045660447.0,37.401414746110525,-122.10236702402577,1367508.1135621443
1593045661447.0,37.401564022402,-122.10252670031629,1367507.5614661418
1593045662447.0,37.40171219517906,-122.10268429750691,1367508.125283509
1593045663447.0,37.40186310227151,-122.10284236403687,1367509.1875242009
1593045664447.0,37.402012731385625,-122.10299937066644,1367508.844057321
1593045665447.0,37.40216686430106,-122.10316265451135,1367508.413983427
1593045666447.0,37.402317597330516,-122.10332482221652,1367508.7485731759
1593045667447.0,37.40247195031033,-122.10347369602661,1367507.6186584583
1593045668447.0,37.40262575123881,-122.10362811256446,1367509.4061187394
1593045669447.0,37.402772949147305,-122.10378893513493,1367509.427755096
1593045670447.0,37.40292523864844,-122.10395333228328,1367509.2408253907
1593045671447.0,37.403079193019074,-122.10412144090459,1367508.9628272923
1593045672447.0,37.40323394364394,-122.1042785679604,1367509.0865342966
1593045673447.0,37.40338838837868,-122.10444797491954,1367509.3069827755
1593045674447.0,37.40355082784754,-122.10461293605259,1367509.9184813248
1593045675447.0,37.40370814852536,-122.10478373872941,1367509.7992661488
1593045676447.0,37.403862891859646,-122.104947423615,1367509.9108013671
1593045677447.0,37.40401458861089,-122.10510390362255,1367509.0499310682
1593045678447.0,37.404173137529455,-122.10526799293103,1367509.0224426668
1593045679447.0,37.404331066466995,-122.1054370253211,1367508.970428398
1593045680447.0,37.40449367599046,-122.10559648464628,1367509.5318897434
1593045681447.0,37.40465077832494,-122.10576778067512,1367510.6168973239
1593045682447.0,37.40480961679018,-122.10593223307106,1367509.9804135128
1593045683447.0,37.40497345456734,-122.10610781355308,1367508.7364844086
1593045684447.0,37.40513913146738,-122.10628540601526,1367508.6010994168
1593045685447.0,37.40530818424366,-122.10646206282526,1367509.162389423
1593045686447.0,37.40547562066867,-122.1066432918793,1367510.1814570427
1593045687447.0,37.405642393405955,-122.1068232034802,1367509.385171178
1593045688447.0,37.405811779995496,-122.10699870720529,1367509.0328724997
1593045689447.0,37.40597987454993,-122.10717574054372,1367509.2113024227
1593045690447.0,37.4061454616503,-122.10734845473254,1367509.627145919
1593045691447.0,37.40630991819592,-122.10751156017048,1367509.0149511984
1593045692447.0,37.406466859512705,-122.10768067754667,1367508.925089199
1593045693447.0,37.4066255644666,-122.10785287797606,1367508.77189034
1593045694447.0,37.40678452057078,-122.10801957514929,1367509.2568728398
1593045695447.0,37.406940002253755,-122.10818093817068,1367509.9633369336
1593045696447.0,37.40709294250036,-122.10834120485622,1367509.3407968783
1593045697447.0,37.40724473749781,-122.10850904298962,1367509.7701864531
1593045698447.0,37.40739901207183,-122.10867630266866,1367510.6841464892
1593045699447.0,37.40755647093892,-122.10883018916687,1367510.4459378175
1593045700447.0,37.40770836437933,-122.10898951993798,1367510.3557858618
1593045701447.0,37.407865101536764,-122.10915520244453,1367509.6829021026
1593045702447.0,37.40801977702478,-122.10931860849341,1367509.5430689622
1593045703447.0,37.40818001466615,-122.10948261117196,1367508.6834269683
1593045704447.0,37.40833723355793,-122.10964807021608,1367507.7740497112
1593045705447.0,37.408489210773496,-122.10981015909816,1367508.7092033825
1593045706447.0,37.40864138975509,-122.10996798097071,1367508.4938220608
1593045707447.0,37.40879192806988,-122.11013409185664,1367507.6797246619
1593045708447.0,37.40894062466363,-122.11029140265224,1367508.069782569
1593045709447.0,37.40908840238544,-122.11044128351362,1367508.0589355016
1593045710447.0,37.409238555664636,-122.11059295784588,1367507.246204986
1593045711447.0,37.40938942350638,-122.11075177710312,1367506.1599433266
1593045712447.0,37.40953793834598,-122.11090981109001,1367507.4218948341
1593045713447.0,37.409688757808766,-122.11106240269218,1367508.2736554556
1593045714447.0,37.40983726199634,-122.11121463589683,1367507.8504981624
1593045715447.0,37.40998464665532,-122.11136686043426,1367507.9110183741
1593045716447.0,37.41012929798045,-122.1115177308806,1367507.951556879
1593045717447.0,37.41027997055813,-122.11167104237288,1367507.6877248713
1593045718447.0,37.41042880634445,-122.11182486813298,1367508.115433266
1593045719447.0,37.41057011282884,-122.1119751775344,1367508.0008305162
1593045720447.0,37.41070851891316,-122.11211141173523,1367507.6103130302
1593045721447.0,37.41085041050259,-122.11226563518844,1367508.4244330165
1593045722447.0,37.410987679028274,-122.11239955984738,1367507.3265277166
1593045723447.0,37.41112343631797,-122.11254753977956,1367507.2396242078
1593045724447.0,37.411258048816585,-122.11269735087015,1367508.0089586182
1593045725447.0,37.4113935106026,-122.11284302019592,1367507.7390095661
1593045726447.0,37.41152962372041,-122.11298840139396,1367508.0130739054
1593045727447.0,37.41167033633275,-122.1131371009671,1367508.016868178
1593045728447.0,37.411811331731066,-122.11328286165377,1367507.7253437906
1593045729447.0,37.4119543618742,-122.11343329555503,1367507.4502102998
1593045730447.0,37.412090310563286,-122.11358533114253,1367508.6694184386
1593045731447.0,37.412228175143014,-122.11372889001339,1367508.4628444677
1593045732447.0,37.41236376748767,-122.11386791896844,1367508.495807862
1593045733447.0,37.41249782032865,-122.11399698948092,1367506.8248385864
1593045734447.0,37.41263418964758,-122.11413232655313,1367508.2524286744
1593045735447.0,37.412767548481646,-122.11427022969295,1367506.7213362795
1593045736447.0,37.412902373610734,-122.11442240346287,1367507.6602001085
1593045737447.0,37.413041266304674,-122.11455620118498,1367507.9732453527
1593045738447.0,37.41317930500681,-122.11470079934878,1367508.085821091
1593045739447.0,37.413319421517265,-122.11485476636948,1367508.1243021346
1593045740447.0,37.413459331153796,-122.11500645315645,1367508.1173218016
1593045741447.0,37.41360065001996,-122.11515709057866,1367507.8702445535
1593045742447.0,37.41373786739246,-122.1152984969835,1367507.8811422635
1593045743447.0,37.41387690669625,-122.11545614781095,1367508.0788298098
1593045744447.0,37.41401739463743,-122.1156222039126,1367507.557396022
1593045745447.0,37.41414772959836,-122.11576807880458,1367507.9629037166
1593045746447.0,37.41427322643693,-122.11591969095765,1367508.8948377403
1593045747447.0,37.41439165798386,-122.11605556783475,1367508.4593030466
1593045748447.0,37.414508314523644,-122.11620228332033,1367507.973590131
1593045749447.0,37.4146239308192,-122.11635199664674,1367507.362931885
1593045750447.0,37.41474216254134,-122.11651464094578,1367505.2702366507
1593045751447.0,37.41486242972394,-122.1166957458816,1367504.967706791
1593045752447.0,37.41499443436668,-122.1168932270729,1367505.1895242843
1593045753447.0,37.415128035609015,-122.11710099960655,1367505.1931229015
1593045754447.0,37.415265925734765,-122.11731306788383,1367506.9945853853
1593045755447.0,37.415398910396874,-122.11752298538697,1367506.8679684778
1593045756447.0,37.41553320186359,-122.11773902789619,1367507.148761018
1593045757447.0,37.41566261307519,-122.11797572304397,1367507.247511574
1593045758447.0,37.415794235671164,-122.11822060564279,1367508.123249313
1593045759447.0,37.415928726832306,-122.11845228231455,1367508.4892952743
1593045760447.0,37.41606322503531,-122.11868625450168,1367507.4096709024
1593045761447.0,37.41619710980086,-122.11892891502042,1367508.6890723796
1593045762447.0,37.41632820832326,-122.11915243182166,1367508.221005454
1593045763447.0,37.41646716704336,-122.11938724063754,1367508.7324488794
1593045764447.0,37.41660254895432,-122.11962855950559,1367508.8932862645
1593045765447.0,37.416739830638996,-122.11986398290477,1367509.0848969868
1593045766447.0,37.41688538333482,-122.12010756025629,1367508.8900767947
1593045767447.0,37.4170203120395,-122.12033871577762,1367507.762701774
1593045768447.0,37.417166299890525,-122.12058462247951,1367507.8875943865
1593045769447.0,37.417308272603286,-122.12081490187887,1367505.5782310353
1593045770447.0,37.41745233054248,-122.12107125198982,1367507.372252302
1593045771447.0,37.41759437675614,-122.12131047075853,1367506.4382339653
1593045772447.0,37.41774478250136,-122.1215644417096,1367507.858490544
1593045773447.0,37.417895268409765,-122.12181500930889,1367508.8580872994
1593045774447.0,37.41804668834191,-122.12205401103505,1367508.2001064424
1593045775447.0,37.41819630060473,-122.1223043801408,1367508.4557605705
1593045776447.0,37.41834805307905,-122.12254649905245,1367508.5434798761
1593045777447.0,37.41849594444751,-122.12279211264674,1367507.9968801816
1593045778447.0,37.41864630712451,-122.12303840556237,1367508.4438790993
1593045779447.0,37.41879301579097,-122.12328732111861,1367508.7689160232
1593045780447.0,37.41893986390214,-122.12354031608861,1367509.6644914176
1593045781447.0,37.419087334709744,-122.12378994353888,1367509.4530462981
1593045782447.0,37.419232893146855,-122.12404336664362,1367509.6153184636
1593045783447.0,37.41938137254955,-122.12428937241889,1367508.8947364173
1593045784447.0,37.419525541204834,-122.12454169404924,1367509.7146441035
1593045785447.0,37.4196702072233,-122.12479063307676,1367510.0689148223
1593045786447.0,37.419808244640066,-122.12501916898422,1367507.3458086133
1593045787447.0,37.41995082038365,-122.12526331028788,1367508.6559061888
1593045788447.0,37.42009338153928,-122.1255036714434,1367508.9210952618
1593045789447.0,37.42023259293977,-122.12573233329651,1367509.5287117139
1593045790447.0,37.420367802605405,-122.12596910052855,1367509.7291715092
1593045791447.0,37.420501430106626,-122.12619757339822,1367510.8959810154
1593045792447.0,37.420632803785516,-122.12642542641828,1367512.727269583
1593045793447.0,37.420765853427966,-122.12664147995264,1367511.687827168
1593045794447.0,37.420902625817014,-122.12686889661559,1367511.7115930552
1593045795447.0,37.42104762432752,-122.12709483131053,1367511.3831866146
1593045796447.0,37.421192353898974,-122.12733046905198,1367510.89049222
1593045797447.0,37.4213384716609,-122.12757562988666,1367510.811733537
1593045798447.0,37.42148724292706,-122.12782721202966,1367512.0707247967
1593045799447.0,37.42163120031735,-122.12806505854607,1367512.047075799
1593045800447.0,37.42177317454071,-122.1283029603116,1367511.415304406
1593045801447.0,37.421914961814274,-122.12855462655858,1367512.2314279585
1593045802447.0,37.42205727263072,-122.12879329645752,1367511.998898406
1593045803447.0,37.422203006920604,-122.12904056403563,1367510.9553645786
1593045804447.0,37.422339870072236,-122.12926723679654,1367507.978289589
1593045805447.0,37.42248570797266,-122.12950168285234,1367506.9197143991
1593045806447.0,37.422630637015814,-122.12976124504317,1367508.922941367
1593045807447.0,37.42277015039729,-122.13000405016989,1367508.9313615612
1593045808447.0,37.422921292266246,-122.13025829615772,1367508.9128253304
1593045809447.0,37.423068094335896,-122.13051538863647,1367509.636306014
1593045810447.0,37.42321733899268,-122.13076612769953,1367509.354405524
1593045811447.0,37.42336168891498,-122.13102333685933,1367509.8071565514
1593045812447.0,37.42350942465087,-122.13127611950814,1367510.2754137178
1593045813447.0,37.42365511319554,-122.1315277141288,1367510.7468009947
1593045814447.0,37.42380459049981,-122.13177452576076,1367509.8795220128
1593045815447.0,37.42395115021252,-122.13202898147424,1367509.6182368882
1593045816447.0,37.42409665666723,-122.13227250058156,1367508.7310226257
1593045817447.0,37.42424990392617,-122.13253103495296,1367509.2142206482
1593045818447.0,37.42440011663486,-122.13279108610745,1367510.012286216
1593045819447.0,37.42455299938112,-122.13304363629432,1367509.6436019023
1593045820447.0,37.424701959323976,-122.13330068991196,1367510.2831539174
1593045821447.0,37.42485356268379,-122.13355674078305,1367510.3078681757
1593045822447.0,37.42500607762981,-122.13381793950663,1367510.8931301257
1593045823447.0,37.42515719679646,-122.13407857536369,1367510.083243154
1593045824447.0,37.42531078831657,-122.13433834694594,1367509.6833350435
1593045825447.0,37.425465886388636,-122.13460297947425,1367509.4107962777
1593045826447.0,37.4256225538436,-122.1348767066813,1367510.0757940253
1593045827447.0,37.425777186233,-122.13514789671862,1367509.9756645104
1593045828447.0,37.42593682130411,-122.13542524802799,1367510.4809970865
1593045829447.0,37.426094041095205,-122.13568281527192,1367511.0002876979
1593045830447.0,37.426251755032254,-122.13596018992612,1367510.7205631232
1593045831447.0,37.42641459724512,-122.13623170796622,1367510.2928317795
1593045832447.0,37.426576272817066,-122.1365044229915,1367509.1107338967
1593045833447.0,37.426737189670135,-122.13676885693505,1367508.8709304403
1593045834447.0,37.42689815237408,-122.13704740784686,1367509.2541144872
1593045835447.0,37.427057508845685,-122.13732862481466,1367509.446257204
1593045836447.0,37.42721805818243,-122.1375981696314,1367508.8065590954
1593045837447.0,37.42737816729118,-122.1378726888761,1367509.0190266795
1593045838447.0,37.427538351076926,-122.13814647674029,1367509.343891681
1593045839447.0,37.4276961872371,-122.13842113294149,1367509.6949775782
1593045840447.0,37.42785371880528,-122.1386890229591,1367509.405458286
1593045841447.0,37.42801365240006,-122.13895552891788,1367508.7609990535
1593045842447.0,37.428169792451904,-122.13921955082648,1367508.9595333545
1593045843447.0,37.42832660879234,-122.13948232649997,1367509.0356647242
1593045844447.0,37.428482581405504,-122.1397394291836,1367508.8833607412
1593045845447.0,37.42863717871881,-122.1399906496709,1367508.8639102813
1593045846447.0,37.42878435585695,-122.14024912784166,1367509.2680888232
1593045847447.0,37.42894574699998,-122.1405153752693,1367514.5540076483
1593045848447.0,37.429086243786486,-122.14076209091169,1367512.0696584622
1593045849447.0,37.429236402365795,-122.14101652370925,1367510.5052620457
1593045850447.0,37.429381727379536,-122.14126855880991,1367509.3828573185
1593045851447.0,37.429528819955216,-122.14152505672355,1367509.526114449
1593045852447.0,37.429676268151155,-122.14177613500821,1367508.649852255
1593045853447.0,37.42982083790428,-122.14203138694111,1367508.5823869042
1593045854447.0,37.42996834041305,-122.14227791465707,1367507.8227397932
1593045855447.0,37.43011222873624,-122.14252528229797,1367507.8050065753
1593045856447.0,37.430254724308185,-122.14277644806002,1367508.2795574705
1593045857447.0,37.430401754624874,-122.14301841331161,1367508.4840578926
1593045858447.0,37.43053784816917,-122.14325715346465,1367508.6232591101
1593045859447.0,37.43068470798464,-122.14350995625468,1367509.2913591547
1593045860447.0,37.430829847194325,-122.14376112685515,1367510.911924182
1593045861447.0,37.430971060969675,-122.14398294282961,1367507.1744298087
1593045862447.0,37.4311149607857,-122.14423503842639,1367508.5606760543
1593045863447.0,37.43125638925378,-122.1444782461386,1367508.697025622
1593045864447.0,37.43139618166131,-122.14471889831542,1367508.997729156
1593045865447.0,37.43153546746309,-122.14495300287281,1367508.8237681205
1593045866447.0,37.431672682295094,-122.14518665039138,1367508.3671420007
1593045867447.0,37.431807492804644,-122.14542061888754,1367508.0733656974
1593045868447.0,37.43194070241976,-122.14564190169736,1367507.1205410631
1593045869447.0,37.432072350464296,-122.14587784537082,1367508.9696434836
1593045870447.0,37.43220429381388,-122.14609507125085,1367507.8262782872
1593045871447.0,37.4323311844087,-122.14632084289168,1367508.251890328
1593045872447.0,37.432459133630246,-122.14653040160213,1367506.591099299
1593045873447.0,37.43258684026702,-122.14675048154507,1367507.6616051584
1593045874447.0,37.43271017071863,-122.14695667308347,1367506.6506107727
1593045875447.0,37.43283264361519,-122.14716515013248,1367505.9064738292
1593045876447.0,37.43295440045885,-122.14737405529839,1367505.4761717222
1593045877447.0,37.43308072423942,-122.14760676837352,1367507.3551104998
1593045878447.0,37.43319914138836,-122.14783198983422,1367507.6553821212
1593045879447.0,37.43333079044756,-122.14806852312604,1367507.6410443091
1593045880447.0,37.43347413021726,-122.14831642512982,1367508.157731184
1593045881447.0,37.433616209457995,-122.14855440436713,1367506.8625259376
1593045882447.0,37.43377009675267,-122.14882416612593,1367507.8052914212
1593045883447.0,37.433925944403,-122.14909661605446,1367508.326853173
1593045884447.0,37.43408680386061,-122.14935214427285,1367507.7652088488
1593045885447.0,37.434259690738116,-122.14963944960378,1367511.70617084
1593045886447.0,37.43440730614467,-122.14989003462767,1367506.664602191
1593045887447.0,37.434568422559266,-122.15017343605288,1367507.1954165536
1593045888447.0,37.434725060800815,-122.15045155405508,1367507.3993989534
1593045889447.0,37.434884600893746,-122.15071840825348,1367507.0833018525
1593045890447.0,37.43504620812351,-122.15097793363692,1367506.274987251
1593045891447.0,37.43521064409306,-122.151221022448,1367503.4382860453
1593045892447.0,37.435374477696826,-122.15148329484988,1367503.9563030123
1593045893447.0,37.43553592493784,-122.15174424404519,1367504.5294451271
1593045894447.0,37.43569654745011,-122.15200032559217,1367504.9692392268
1593045895447.0,37.43585333158991,-122.15226563038436,1367504.8313272847
1593045896447.0,37.43600717828944,-122.15253814140596,1367505.7452177387
1593045897447.0,37.436162113443054,-122.15281157496776,1367504.6133098623
1593045898447.0,37.43632115903335,-122.15307691773026,1367503.2246077054
1593045899447.0,37.43647898311049,-122.15335682931324,1367503.626662429
1593045900447.0,37.43663794758736,-122.15363645547144,1367503.014660326
1593045901447.0,37.43679795966129,-122.15392078270986,1367502.5436766127
1593045902447.0,37.43695830670979,-122.15419769884213,1367501.4544754338
1593045903447.0,37.437121450212445,-122.15447426600883,1367502.0289577837
1593045904447.0,37.43728360416222,-122.15472522884126,1367498.2087461934
1593045905447.0,37.43744742623962,-122.15500766452536,1367499.75673382
1593045906447.0,37.437604911806204,-122.15528782598517,1367501.8948517719
1593045907447.0,37.43776468200353,-122.15555784176225,1367502.2071227513
1593045908447.0,37.43792056205257,-122.1558298640897,1367503.8321661493
1593045909447.0,37.43807483517302,-122.15609129474609,1367503.4118444978
1593045910447.0,37.4382242377827,-122.15635983916029,1367505.3208404486
1593045911447.0,37.43837560261929,-122.15662303680504,1367505.4225727112
1593045912447.0,37.43852620491461,-122.15688258120001,1367505.298736516
1593045913447.0,37.43867858238091,-122.15714072638984,1367504.7223813473
1593045914447.0,37.43882803778243,-122.15740130401804,1367504.3912560346
1593045915447.0,37.438981077223815,-122.15765902324542,1367505.1176227643
1593045916447.0,37.439131085799524,-122.15791510367487,1367504.9593884405
1593045917447.0,37.439282211097215,-122.15817023888286,1367504.9339760256
1593045918447.0,37.439430009664505,-122.15842627464957,1367504.8542615524
1593045919447.0,37.43957590783781,-122.15868756461757,1367505.197032353
1593045920447.0,37.439719545872634,-122.15894573498898,1367505.5398023298
1593045921447.0,37.43985891900315,-122.15920558532854,1367505.2661381525
1593045922447.0,37.43999388571131,-122.1594664791982,1367505.4449593076
1593045923447.0,37.44012442808566,-122.15973321006226,1367505.5962556177
1593045924447.0,37.44025112141737,-122.16000171159754,1367506.1356171255
1593045925447.0,37.44037499700615,-122.1602713636197,1367505.8511006595
1593045926447.0,37.44049451644247,-122.16054812540966,1367506.13228016
1593045927447.0,37.44060553024276,-122.1608283324928,1367506.1077129198
1593045928447.0,37.44071581136742,-122.16110290263612,1367506.6581062458
1593045929447.0,37.44081751231382,-122.16138565178473,1367508.7097329989
1593045930447.0,37.440926966265025,-122.16167024766366,1367510.23709602
1593045931447.0,37.44103081679591,-122.16194871945714,1367508.4715311513
1593045932447.0,37.44112756873771,-122.16223218752192,1367507.8687914298
1593045933447.0,37.44122114613905,-122.16251765439196,1367507.413905872
1593045934447.0,37.441313352396186,-122.16280117397997,1367506.745144735
1593045935447.0,37.44140132814969,-122.16308656379286,1367506.6230744505
1593045936447.0,37.44149136952405,-122.16336266980137,1367505.384334415
1593045937447.0,37.44157109739836,-122.16365474371895,1367504.8072219337
1593045938447.0,37.441648374432134,-122.16394766064145,1367505.0154302993
1593045939447.0,37.44172129158165,-122.16424183270625,1367504.9090233664
1593045940447.0,37.44179377941045,-122.16453293505887,1367504.1700471097
1593045941447.0,37.44186607545694,-122.16482447505979,1367504.4484817635
1593045942447.0,37.44193705575566,-122.16512313097022,1367504.7697145373
1593045943447.0,37.4420053030514,-122.16542574311302,1367506.0206743083
1593045944447.0,37.44207171724684,-122.1657271804428,1367506.1349610204
1593045945447.0,37.44213903545176,-122.16602862916743,1367506.1516346345
1593045946447.0,37.442204718050434,-122.16633164295303,1367505.894764927
1593045947447.0,37.44226744871553,-122.16663562080075,1367504.4303794461
1593045948447.0,37.442325690495046,-122.16694171543445,1367503.7708240605
1593045949447.0,37.442381881521236,-122.16726341753042,1367502.575410484
1593045950447.0,37.442433380561944,-122.16757579935117,1367502.592239285
1593045951447.0,37.44248300798235,-122.16789563109604,1367505.081496758
1593045952447.0,37.4425351278127,-122.16822252276997,1367503.4657926827
1593045953447.0,37.442578540503895,-122.16854513754367,1367504.8990330943
1593045954447.0,37.44262141792625,-122.1688801750054,1367506.5442982567
1593045955447.0,37.4426653435772,-122.16921806029723,1367506.4095090032
1593045956447.0,37.442707485753445,-122.16955961871534,1367505.6281972358
1593045957447.0,37.442750883472286,-122.16989502606368,1367506.0691129575
1593045958447.0,37.44279549184129,-122.17023233302938,1367506.750247873
1593045959447.0,37.44284520451468,-122.17056959822683,1367507.4508186735
1593045960447.0,37.442891184452584,-122.17090596008823,1367508.3851138467
1593045961447.0,37.442937375402806,-122.17124231173477,1367506.7497380173
1593045962447.0,37.44298146332202,-122.17158656433456,1367507.0403629558
1593045963447.0,37.443025944062875,-122.1719286960877,1367507.4231892743
1593045964447.0,37.44307059541038,-122.17227172072421,1367507.4540656982
1593045965447.0,37.44311127297219,-122.17261152784371,1367507.057902211
1593045966447.0,37.44315018801465,-122.17294886518111,1367507.9554366167
1593045967447.0,37.443198048477875,-122.17329949457536,1367507.327841727
1593045968447.0,37.44324104872815,-122.17364282123917,1367506.1878353893
1593045969447.0,37.44328579554423,-122.17398706567677,1367505.6307298501
1593045970447.0,37.443324961238645,-122.17432747979534,1367507.2772910527
1593045971447.0,37.443362765694275,-122.17466122667275,1367509.0136748473
1593045972447.0,37.443404452791995,-122.1750008476919,1367508.3250020377
1593045973447.0,37.44344509639221,-122.17533897448915,1367507.618261881
1593045974447.0,37.44348272359241,-122.175664435325,1367507.7477137186
1593045975447.0,37.443528751256096,-122.17600685211883,1367506.281104535
1593045976447.0,37.443572984266844,-122.1763524479361,1367506.792044205
1593045977447.0,37.443619485736086,-122.17669430567615,1367503.7706376165
1593045978447.0,37.44365979296062,-122.1770244035647,1367505.2671504978
1593045979447.0,37.44370248057364,-122.17735590089474,1367504.4963185554
1593045980447.0,37.44374091369187,-122.1776841332333,1367505.1808069777
1593045981447.0,37.44378422265391,-122.17800338212902,1367505.368855838
1593045982447.0,37.44382246215312,-122.17832965693577,1367506.2701226536
1593045983447.0,37.44385899466627,-122.17864259162178,1367507.4279834465
1593045984447.0,37.44389845597943,-122.17896119901522,1367507.8079789677
1593045985447.0,37.4439410699515,-122.17928247951754,1367507.327215769
1593045986447.0,37.44398093492482,-122.17959844667045,1367507.3260684498
1593045987447.0,37.444024004101,-122.17992132398082,1367507.1312240455
1593045988447.0,37.44406320999033,-122.18022448809955,1367503.3564142075
1593045989447.0,37.44409931653667,-122.18054316644243,1367504.513646826
1593045990447.0,37.44413488156005,-122.18085222197556,1367505.0852405352
1593045991447.0,37.44417049225749,-122.18116978749465,1367505.7256102983
1593045992447.0,37.44421154979711,-122.18148671360635,1367505.6071892793
1593045993447.0,37.444250018306036,-122.18180205723243,1367503.4470146655
1593045994447.0,37.44429117001946,-122.18211317666339,1367505.0192180853
1593045995447.0,37.44433169675911,-122.18242617036344,1367502.8033440765
1593045996447.0,37.444370703219874,-122.18273158202221,1367502.6786770802
1593045997447.0,37.44441189392874,-122.18303679547196,1367501.9808197364
1593045998447.0,37.44444938780691,-122.183344072654,1367502.3456136286
1593045999447.0,37.44449718821542,-122.18365349891758,1367500.2784916312
1593046000447.0,37.444543117511586,-122.18395912894502,1367501.840239057
1593046001447.0,37.44459154460536,-122.18426458593379,1367501.991680716
1593046002447.0,37.444642205677965,-122.1845750721479,1367502.4924463
1593046003447.0,37.44469566366403,-122.18488943012929,1367501.8077956822
1593046004447.0,37.44474857078174,-122.18520385788612,1367502.7382512933
1593046005447.0,37.444805213785244,-122.18552040646578,1367504.1624099026
1593046006447.0,37.44487260784332,-122.18583331835934,1367503.5513641196
1593046007447.0,37.44494523632435,-122.18614861461236,1367503.9786060934
1593046008447.0,37.445019117446925,-122.18646555490987,1367504.1247081268
1593046009447.0,37.44509328177768,-122.18678575420714,1367506.0558441137
1593046010447.0,37.44517363074183,-122.18710049077963,1367507.1971509957
1593046011447.0,37.44525463180651,-122.18741148010633,1367508.7020322646
1593046012447.0,37.4453425763185,-122.18771685607335,1367510.0718108907
1593046013447.0,37.445431366251455,-122.18802093788138,1367511.3535928044
1593046014447.0,37.4455290007302,-122.18831956284917,1367510.7125004993
1593046015447.0,37.445631372030846,-122.18861591835369,1367510.5809906693
1593046016447.0,37.445731495462354,-122.18891904097538,1367510.3361085453
1593046017447.0,37.44583352817711,-122.18922325952514,1367510.179724063
1593046018447.0,37.44594058178416,-122.18952560058382,1367510.7953713876
1593046019447.0,37.44605404118799,-122.18982723327306,1367509.3538032335
1593046020447.0,37.44616614643724,-122.19013225264885,1367509.1196689112
1593046021447.0,37.44628716253669,-122.19043025419953,1367507.2784469193
1593046022447.0,37.446407610552306,-122.19073351684567,1367506.5934914877
1593046023447.0,37.44653443669633,-122.19102962397533,1367504.8469529254
1593046024447.0,37.446661634132916,-122.19132829938125,1367503.4597518367
1593046025447.0,37.446793254169144,-122.19162134604868,1367502.983120225
1593046026447.0,37.446922898337455,-122.19192097585055,1367503.1900576763
1593046027447.0,37.447052887299726,-122.19222111009516,1367503.5071825837
1593046028447.0,37.4471833336015,-122.1925185887403,1367503.872507717
1593046029447.0,37.44731424256902,-122.19281354335818,1367503.7042175862
1593046030447.0,37.44744664477839,-122.19310532946365,1367503.2644598521
1593046031447.0,37.447579370118696,-122.19339740348641,1367503.2054402274
1593046032447.0,37.44770953454968,-122.19369323237855,1367503.2972043334
1593046033447.0,37.44784437048214,-122.19398543919189,1367503.9086992906
1593046034447.0,37.447976279377976,-122.1942813523699,1367503.2027200048
1593046035447.0,37.44810710562365,-122.19458944587004,1367503.7411096692
1593046036447.0,37.44824012576642,-122.19488587724457,1367503.2273651029
1593046037447.0,37.448372612147246,-122.19518948976656,1367504.07892251
1593046038447.0,37.44850554363253,-122.19549140582579,1367504.1882532546
1593046039447.0,37.44863986229972,-122.19578223361616,1367503.597135403
1593046040447.0,37.448772979013505,-122.19608634727108,1367502.7973694592
1593046041447.0,37.44890566701742,-122.19639172321591,1367503.1513588445
1593046042447.0,37.44903767458466,-122.19669715831348,1367503.8949044708
1593046043447.0,37.44916675838191,-122.1970041249278,1367503.6871644172
1593046044447.0,37.449292783401404,-122.1973161534982,1367504.4912993365
1593046045447.0,37.44941634145038,-122.19763236423493,1367504.9945355805
1593046046447.0,37.449535621496324,-122.19794474860613,1367505.1872468386
1593046047447.0,37.44965102620934,-122.19826320165048,1367504.3606604312
1593046048447.0,37.44976282683241,-122.1985805946953,1367504.1642559813
1593046049447.0,37.449869597599104,-122.1989079433952,1367504.750502428
1593046050447.0,37.449974510725205,-122.19923526665794,1367504.001445324
1593046051447.0,37.4500739869416,-122.19956640199499,1367503.9957256317
1593046052447.0,37.450173973846205,-122.19989854683665,1367503.7414783034
1593046053447.0,37.45027178333883,-122.2002296234052,1367501.9666301287
1593046054447.0,37.45036720710986,-122.20057475173991,1367502.3115901581
1593046055447.0,37.45046035822491,-122.20092305968723,1367502.0001544394
1593046056447.0,37.450557044384084,-122.201267460404,1367502.073194394
1593046057447.0,37.45065517585482,-122.20160822776145,1367502.1003777767
1593046058447.0,37.45074972530667,-122.20194955733399,1367502.863055953
1593046059447.0,37.45084375984355,-122.20228865187272,1367502.375740124
1593046060447.0,37.450935527706555,-122.20262544026643,1367502.7316230424
1593046061447.0,37.45102975281531,-122.20295772985297,1367502.6914670987
1593046062447.0,37.45112111342298,-122.20328832730078,1367503.0098171006
1593046063447.0,37.45121629894827,-122.20361636976962,1367502.4716182458
1593046064447.0,37.451309436722966,-122.20395060671068,1367502.294841674
1593046065447.0,37.451403201654166,-122.20428133104006,1367502.9113466938
1593046066447.0,37.45149763250161,-122.20461306452664,1367502.4923077342
1593046067447.0,37.45159324745621,-122.20493582171831,1367501.3601566309
1593046068447.0,37.45168715768758,-122.20526996919747,1367502.7603653644
1593046069447.0,37.451783261903294,-122.20559227207511,1367501.7553572422
1593046070447.0,37.451876216885026,-122.20591922913647,1367501.7315917907
1593046071447.0,37.451977114936305,-122.20623231894604,1367501.3394136676
1593046072447.0,37.45208414986521,-122.20653840194905,1367501.0557350595
1593046073447.0,37.45220031094541,-122.20684503907958,1367501.8654170458
1593046074447.0,37.4523177242764,-122.20714737895479,1367501.7838359477
1593046075447.0,37.452441050718534,-122.20743611435906,1367502.115087036
1593046076447.0,37.45256813805905,-122.2077211718628,1367501.693955696
1593046077447.0,37.452701023452086,-122.20800427902546,1367502.0639660622
1593046078447.0,37.45283829338454,-122.20826622492537,1367501.4054171813
1593046079447.0,37.45297981226065,-122.20852533048954,1367501.3799198589
1593046080447.0,37.453124650353544,-122.20876275891787,1367499.676952297
1593046081447.0,37.453263892512375,-122.20899044925385,1367500.7139684355
1593046082447.0,37.45340404796763,-122.20920339616568,1367500.408808291
1593046083447.0,37.45354305823749,-122.20940172319285,1367501.0178785939
1593046084447.0,37.453684410753254,-122.20959237536806,1367502.4184573258
1593046085447.0,37.453826790011746,-122.20977445923894,1367502.8680351216
1593046086447.0,37.453971671288194,-122.20995455725178,1367504.3500575398
1593046087447.0,37.45412227891238,-122.21013077082817,1367503.660576956
1593046088447.0,37.45426705654524,-122.21030109251885,1367504.2938645105
1593046089447.0,37.454417527226624,-122.21047288542364,1367504.9076884808
1593046090447.0,37.45456797922401,-122.21063681670105,1367504.0348069102
1593046091447.0,37.45471343236612,-122.21080616026086,1367504.2645737743
1593046092447.0,37.454863439914796,-122.21096637893737,1367503.281394216
1593046093447.0,37.45501155512851,-122.21113447013279,1367502.7654323373
1593046094447.0,37.455163278175824,-122.21131197688534,1367502.346675089
1593046095447.0,37.45532080441988,-122.21148305175223,1367503.3193021046
1593046096447.0,37.45547704699719,-122.21166470888821,1367502.9999468972
1593046097447.0,37.45563681400734,-122.21184325967256,1367503.0912049434
1593046098447.0,37.455795657638966,-122.21202273696684,1367502.446322704
1593046099447.0,37.45595803427619,-122.21221075922995,1367502.4830539103
1593046100447.0,37.456127828685396,-122.21240197381921,1367502.7846447912
1593046101447.0,37.456297951381146,-122.21259316103198,1367502.405093548
1593046102447.0,37.45646871726565,-122.21279557511788,1367502.3066354173
1593046103447.0,37.456641004292614,-122.2130025394237,1367501.872917127
1593046104447.0,37.45681784160628,-122.21321392607491,1367502.1887463296
1593046105447.0,37.45700233264502,-122.21342663597882,1367502.9630031404
1593046106447.0,37.45718795035453,-122.2136453616226,1367502.8761441656
1593046107447.0,37.45737885899541,-122.21386264417305,1367502.8743610205
1593046108447.0,37.45757486980683,-122.2140872364414,1367502.8852649545
1593046109447.0,37.45777289333866,-122.21430935367933,1367503.5275302622
1593046110447.0,37.45797459491114,-122.21453350577495,1367502.736700653
1593046111447.0,37.45817924081557,-122.21476141951045,1367502.4191564152
1593046112447.0,37.458384022597585,-122.2149876453977,1367501.8963671972
1593046113447.0,37.458589895372214,-122.2152165480745,1367501.9426375465
1593046114447.0,37.45879498135566,-122.21543447563876,1367501.9435509667
1593046115447.0,37.45900084401651,-122.21565816382211,1367501.8030657829
1593046116447.0,37.45920025336297,-122.21587916957571,1367502.655247752
1593046117447.0,37.4593987041023,-122.2160964126707,1367503.024661918
1593046118447.0,37.45959423071652,-122.21631466639214,1367502.8429633458
1593046119447.0,37.4597842652706,-122.21652030426648,1367502.4989663784
1593046120447.0,37.45997678495874,-122.21672414497961,1367501.9888176084
1593046121447.0,37.4601673902419,-122.21692956069592,1367501.4456039781
1593046122447.0,37.46035120435775,-122.21713415193967,1367501.6239168823
1593046123447.0,37.460528118694846,-122.21733729196124,1367501.9097010766
1593046124447.0,37.46070546668244,-122.21753706947541,1367501.9119270954
1593046125447.0,37.46088243420233,-122.2177356672771,1367502.078984256
1593046126447.0,37.461057921182665,-122.21793698900433,1367502.2754697732
1593046127447.0,37.461235720085774,-122.21813712564548,1367502.1658174414
1593046128447.0,37.46141202697054,-122.21833623459264,1367502.4190593278
1593046129447.0,37.46159133851326,-122.21853464225555,1367501.2405556634
1593046130447.0,37.46176608118278,-122.21873598941775,1367501.4795122363
1593046131447.0,37.46193890187631,-122.21892838063532,1367501.3633163518
1593046132447.0,37.462109157518135,-122.21911646447589,1367500.0743786348
1593046133447.0,37.462279358741334,-122.219313513598,1367500.7233682862
1593046134447.0,37.46245013831245,-122.21950454311857,1367501.0605721846
1593046135447.0,37.46261793892964,-122.2196996288101,1367501.8182699205
1593046136447.0,37.46278720159291,-122.21989152383051,1367501.3948096533
1593046137447.0,37.462959890975014,-122.22008178783176,1367501.434775631
1593046138447.0,37.463128010481725,-122.2202739633652,1367501.356114974
1593046139447.0,37.46329654220465,-122.22046610814898,1367501.3673893106
1593046140447.0,37.46346355596799,-122.22066175303868,1367501.776777816
1593046141447.0,37.46363191430882,-122.22085481833614,1367501.56771331
1593046142447.0,37.46380070068145,-122.22104486785253,1367501.4721589843
1593046143447.0,37.46397090491642,-122.22123248095373,1367501.3189696134
1593046144447.0,37.46413849368138,-122.22142786416238,1367501.7326208905
1593046145447.0,37.46430625731524,-122.22162001506942,1367501.5833155857
1593046146447.0,37.46447460893704,-122.22180733591662,1367500.7761132556
1593046147447.0,37.46463892259097,-122.22199439935297,1367501.0294909598
1593046148447.0,37.464802497282854,-122.22218501877175,1367500.7046306944
1593046149447.0,37.46496134305282,-122.2223683284949,1367501.2449534233
1593046150447.0,37.465120685247115,-122.2225486992231,1367501.093763361
1593046151447.0,37.46527701301166,-122.222724918236,1367501.0517763335
1593046152447.0,37.46543269810706,-122.22290275318146,1367500.700275935
1593046153447.0,37.46558875276739,-122.22307972323527,1367500.6015517313
1593046154447.0,37.46574335015612,-122.22325110545042,1367500.3351919618
1593046155447.0,37.46589366274655,-122.22342546650141,1367500.7545913728
1593046156447.0,37.466046522212274,-122.223591153914,1367498.2625443896
1593046157447.0,37.46619137269216,-122.2237535616935,1367499.0294003724
1593046158447.0,37.46634189924887,-122.22392041011547,1367499.2757991496
1593046159447.0,37.4664929440074,-122.2240896056177,1367499.7191118135
1593046160447.0,37.46664147555702,-122.22426423219014,1367500.2771098486
1593046161447.0,37.46679352892426,-122.22443837156521,1367500.1819708687
1593046162447.0,37.46694982757061,-122.22461241989197,1367500.4871744858
1593046163447.0,37.467109579024566,-122.22479375641743,1367500.4762459074
1593046164447.0,37.46726745024295,-122.22496248561774,1367500.489078266
1593046165447.0,37.4674227583113,-122.22514785874326,1367501.0568427604
1593046166447.0,37.46757983681808,-122.22532691004685,1367500.704944945
1593046167447.0,37.46773316145232,-122.22549727716253,1367500.1522211276
1593046168447.0,37.467885069398264,-122.22567167106898,1367499.5939386066
1593046169447.0,37.468035506779636,-122.22584202199148,1367499.859902598
1593046170447.0,37.46818510999328,-122.22600927896679,1367499.629494324
1593046171447.0,37.46833129506127,-122.22617693669152,1367499.7567823636
1593046172447.0,37.468476088059816,-122.2263441521906,1367500.139006528
1593046173447.0,37.46861735056443,-122.22650310659283,1367500.376977059
1593046174447.0,37.468761920675306,-122.22666188033345,1367500.0598078636
1593046175447.0,37.46890147780393,-122.22682431369581,1367499.9901751878
1593046176447.0,37.4690438934006,-122.22698181172414,1367499.818199933
1593046177447.0,37.46918175589022,-122.22713649396131,1367499.547493239
1593046178447.0,37.46931712561558,-122.22729137775056,1367499.428790067
1593046179447.0,37.469452049465545,-122.22744200016426,1367499.5547255618
1593046180447.0,37.46958336435643,-122.22759306597547,1367499.8220521526
1593046181447.0,37.46971193076221,-122.22774050293575,1367499.4312795654
1593046182447.0,37.46983691976551,-122.2278755509686,1367499.6858069082
1593046183447.0,37.469955294900316,-122.22800760856404,1367499.4113486304
1593046184447.0,37.4700702527335,-122.22813870243857,1367499.0134537562
1593046185447.0,37.47018374409779,-122.22826561430047,1367499.05689878
1593046186447.0,37.47029586636421,-122.2283942366051,1367499.3195211382
1593046187447.0,37.470408506465226,-122.22851832867272,1367499.097652077
1593046188447.0,37.47051883936449,-122.22864916154086,1367500.131347364
1593046189447.0,37.47063643670725,-122.22879037094955,1367499.863014085
1593046190447.0,37.47075178691604,-122.22892605779542,1367500.1439320135
1593046191447.0,37.470870564163384,-122.22905927510818,1367501.1149626973
1593046192447.0,37.47099260891069,-122.22918946241654,1367502.5142352495
1593046193447.0,37.47110949747435,-122.22932281336345,1367500.9925286493
1593046194447.0,37.4712289470188,-122.22945458959686,1367500.314950552
1593046195447.0,37.47135890680968,-122.22959048303866,1367499.4682156213
1593046196447.0,37.47149348108742,-122.22973537340877,1367498.619176578
1593046197447.0,37.471631141733376,-122.22989255788666,1367499.124509399
1593046198447.0,37.47177038849444,-122.23004945750353,1367499.3209844488
1593046199447.0,37.47190942234961,-122.23020893871463,1367498.9265598587
1593046200447.0,37.47204550887884,-122.23036603216383,1367499.3307620904
1593046201447.0,37.47217708967097,-122.23051775057415,1367499.6429068244
1593046202447.0,37.47231395219691,-122.23067949950023,1367500.4543761283
1593046203447.0,37.47243999203103,-122.23082581632941,1367500.2733199038
1593046204447.0,37.472563992634534,-122.23096486187833,1367499.7876433341
1593046205447.0,37.47268607837438,-122.23110079539038,1367499.5178753862
1593046206447.0,37.47280625623883,-122.23123365003133,1367499.906514301
1593046207447.0,37.47292541421548,-122.23136913279976,1367500.4568940792
1593046208447.0,37.47304557154453,-122.23150820307309,1367500.011110095
1593046209447.0,37.47316708574009,-122.23164847023074,1367499.6718830308
1593046210447.0,37.473291629026015,-122.2317889073981,1367498.7933525094
1593046211447.0,37.47342050631509,-122.23193335056796,1367499.1112231747
1593046212447.0,37.47355137114854,-122.23208026160242,1367498.5832403172
1593046213447.0,37.47367967711798,-122.23222963521299,1367498.4248958195
1593046214447.0,37.473810538455496,-122.23237828483627,1367498.3073169463
1593046215447.0,37.473937231842974,-122.23252749113688,1367498.772759315
1593046216447.0,37.47407014806646,-122.23267561017498,1367498.9753572487
1593046217447.0,37.47420485063771,-122.23282769037645,1367498.8153178294
1593046218447.0,37.4743398439151,-122.23298071855282,1367499.0262154485
1593046219447.0,37.47447670315406,-122.23313375137752,1367499.5395350866
1593046220447.0,37.474618111428676,-122.23329091837167,1367498.7646341745
1593046221447.0,37.47476442503667,-122.23344882961548,1367498.1706033149
1593046222447.0,37.47490898596479,-122.23361630693478,1367498.8612416254
1593046223447.0,37.475056264920106,-122.23378138879313,1367498.6153352906
1593046224447.0,37.47520068414254,-122.23395111054576,1367499.3932655756
1593046225447.0,37.47534718376116,-122.23411554101202,1367499.2177959955
1593046226447.0,37.47549434905882,-122.23428576779466,1367498.8250852197
1593046227447.0,37.47564393640965,-122.23445286118314,1367499.0175970863
1593046228447.0,37.47579455077361,-122.23462102327449,1367499.1237805372
1593046229447.0,37.475949110500196,-122.23479407868606,1367499.2650581023
1593046230447.0,37.476096495764374,-122.23496998698852,1367498.410390676
1593046231447.0,37.47625072764744,-122.23513576379858,1367499.248291334
1593046232447.0,37.476405246481264,-122.2353021224926,1367498.7399406182
1593046233447.0,37.47655923729279,-122.23546630762594,1367498.4899505624
1593046234447.0,37.476710755093976,-122.23563602749915,1367498.345658703
1593046235447.0,37.47686088524597,-122.23580766226648,1367498.6366281218
1593046236447.0,37.47701228567628,-122.23597440167545,1367499.024192101
1593046237447.0,37.47716321092294,-122.23614758043419,1367499.635658252
1593046238447.0,37.47731618609968,-122.23632004628222,1367498.845047617
1593046239447.0,37.47746958328049,-122.23648885525752,1367499.2175045349
1593046240447.0,37.47762396220821,-122.23666623135752,1367498.4567744383
1593046241447.0,37.47777926538564,-122.23683814919627,1367498.9027706357
1593046242447.0,37.47793490349542,-122.23701337445794,1367499.0576661383
1593046243447.0,37.47809134401505,-122.23719278281554,1367498.728844851
1593046244447.0,37.47825011363008,-122.23737013061715,1367498.1265330743
1593046245447.0,37.47840627280163,-122.23755078591604,1367498.4802614322
1593046246447.0,37.478561812807285,-122.23773132501815,1367498.5468272069
1593046247447.0,37.47871776107315,-122.2379070568083,1367498.4035906408
1593046248447.0,37.478879050028794,-122.2380836120291,1367498.3130705033
1593046249447.0,37.479048879961496,-122.23825933107533,1367498.2008890798
1593046250447.0,37.479221920173856,-122.23844448042789,1367498.7068965216
1593046251447.0,37.47940026462831,-122.2386371829214,1367498.6589904428
1593046252447.0,37.47958737599493,-122.23883059798713,1367498.3149933836
1593046253447.0,37.47978137250295,-122.23903414974728,1367497.6549960254
1593046254447.0,37.47998571975558,-122.23923224421473,1367497.0506377318
1593046255447.0,37.48019469323616,-122.23943725846729,1367496.6678685436
1593046256447.0,37.480408928521854,-122.2396457179256,1367496.8583787268
1593046257447.0,37.480627908762685,-122.23986976758265,1367497.3298550197
1593046258447.0,37.480856719682365,-122.24007414252337,1367496.470963049
1593046259447.0,37.48108416913797,-122.24028678700432,1367496.3493222885
1593046260447.0,37.48130769963262,-122.24049984097245,1367495.9635225607
1593046261447.0,37.48153351625869,-122.24071190735326,1367496.5082533434
1593046262447.0,37.48176155986709,-122.24091203419485,1367496.6126367475
1593046263447.0,37.48198876839783,-122.2411239489277,1367496.285729205
1593046264447.0,37.48221568596227,-122.24133033045813,1367496.2271472744
1593046265447.0,37.48243585825504,-122.24153820439655,1367496.7013243083
1593046266447.0,37.48265172736434,-122.24172888552899,1367496.536276622
1593046267447.0,37.48286165737462,-122.24191912713647,1367496.4984370493
1593046268447.0,37.4830683760075,-122.24211114423744,1367496.9804080296
1593046269447.0,37.48327188608028,-122.24230630302202,1367497.4525503658
1593046270447.0,37.48347938194985,-122.24249495301565,1367496.462168939
1593046271447.0,37.48369012755254,-122.24269119450118,1367496.7561768428
1593046272447.0,37.48390520065476,-122.24289228592552,1367496.9076632399
1593046273447.0,37.48412854417061,-122.24309462574683,1367496.881999504
1593046274447.0,37.48434560850612,-122.24330264000058,1367496.9406413059
1593046275447.0,37.48456630989131,-122.24350910460407,1367496.2318566188
1593046276447.0,37.48479284257566,-122.24371624653102,1367495.9174927096
1593046277447.0,37.48501475345808,-122.2439227694616,1367496.0038915684
1593046278447.0,37.48523736364796,-122.24413018325018,1367496.0544630173
1593046279447.0,37.48546335378017,-122.24433294283392,1367494.81028462
1593046280447.0,37.485685769252946,-122.24454018205728,1367495.380340854
1593046281447.0,37.485910752698906,-122.24474395552316,1367494.9719627986
1593046282447.0,37.486135025854516,-122.24496104390283,1367495.8055309963
1593046283447.0,37.48635511904267,-122.2451636239008,1367495.3808352735
1593046284447.0,37.486575272735145,-122.24537321086923,1367495.6912095062
1593046285447.0,37.48679733256388,-122.24557808431918,1367495.4598895393
1593046286447.0,37.48701843666535,-122.24577922505745,1367495.1903384617
1593046287447.0,37.487236281616354,-122.24598251361836,1367495.0037450723
1593046288447.0,37.48745241007685,-122.2461835582245,1367495.004647792
1593046289447.0,37.4876630373648,-122.24638384696436,1367494.8256678386
1593046290447.0,37.487870098042066,-122.24658174338462,1367494.694838465
1593046291447.0,37.488076111258536,-122.24678398879036,1367495.056389039
1593046292447.0,37.48827985016046,-122.24697256903323,1367495.121299759
1593046293447.0,37.48848408504613,-122.24716977069095,1367494.9043949682
1593046294447.0,37.488683993331456,-122.24735521448066,1367494.9246093386
1593046295447.0,37.48888057813745,-122.24753920842197,1367495.392861588
1593046296447.0,37.489073418299206,-122.24771813132227,1367495.2419252147
1593046297447.0,37.48926789829384,-122.24789977683169,1367494.9646773003
1593046298447.0,37.489457319092274,-122.24807920026633,1367495.1915932891
1593046299447.0,37.48964774957645,-122.24824781187102,1367494.7779310434
1593046300447.0,37.48983464322169,-122.2484178562743,1367494.8616377753
1593046301447.0,37.49001230425839,-122.24859217867484,1367494.734536571
1593046302447.0,37.49019216979309,-122.24876183266773,1367495.282206115
1593046303447.0,37.49036618782157,-122.24893346891763,1367494.9567380182
1593046304447.0,37.490542074454865,-122.24909293785805,1367494.8109685443
1593046305447.0,37.49071752878405,-122.24925136550824,1367494.6485086277
1593046306447.0,37.49088640449454,-122.24940961345968,1367494.7781297904
1593046307447.0,37.49105261798374,-122.24955683753475,1367494.8025952717
1593046308447.0,37.491218559962405,-122.24968336672634,1367491.9951974514
1593046309447.0,37.49136824526032,-122.24984207294153,1367492.8821213723
1593046310447.0,37.49152386276811,-122.24999008027177,1367493.100822846
1593046311447.0,37.491677925201664,-122.25013656246597,1367493.181644268
1593046312447.0,37.49182862615448,-122.25027934964068,1367493.4649904543
1593046313447.0,37.49197899104564,-122.25041670329188,1367493.7515864028
1593046314447.0,37.49212441586397,-122.25054647929636,1367493.9246547644
1593046315447.0,37.4922680092352,-122.25068220624497,1367493.664630199
1593046316447.0,37.49240932869292,-122.25082006448001,1367494.0603816807
1593046317447.0,37.492550950036154,-122.25095163345469,1367494.7836619248
1593046318447.0,37.49268955916726,-122.2510932746685,1367495.6436227986
1593046319447.0,37.49282937443765,-122.25121747741187,1367495.2125372982
1593046320447.0,37.4929704114109,-122.2513433303476,1367495.1267414994
1593046321447.0,37.49311085789826,-122.25148572050414,1367495.2832336202
1593046322447.0,37.493251143987635,-122.25161008928248,1367494.560623025
1593046323447.0,37.493391351931194,-122.25173445844013,1367494.3580450935
1593046324447.0,37.49353256550425,-122.25187070380706,1367494.6814798713
1593046325447.0,37.49367720436409,-122.25201189673436,1367494.7722613276
1593046326447.0,37.49382905417746,-122.25214481885666,1367494.2962886912
1593046327447.0,37.4939855409395,-122.2522933098684,1367494.9227267248
1593046328447.0,37.494153116930626,-122.25244143621067,1367493.7062236595
1593046329447.0,37.494324901216025,-122.25260568484302,1367493.804573623
1593046330447.0,37.494501651272834,-122.25276890153549,1367493.3397593193
1593046331447.0,37.494684263814264,-122.252931657527,1367493.3415617936
1593046332447.0,37.49487231182245,-122.25309783813105,1367493.3762256277
1593046333447.0,37.49506094569948,-122.25326913904163,1367493.052477066
1593046334447.0,37.495251560023355,-122.25344361960659,1367493.1450535452
1593046335447.0,37.49544176780592,-122.253628979623,1367493.8623887652
1593046336447.0,37.495633347588004,-122.25380515466972,1367493.5977160693
1593046337447.0,37.495824554982576,-122.25398113444594,1367493.5496085638
1593046338447.0,37.49601920269679,-122.2541578326768,1367493.2378927032
1593046339447.0,37.496210887815145,-122.25433642691844,1367493.891704773
1593046340447.0,37.49640111805298,-122.2545064781162,1367493.7030096576
1593046341447.0,37.49659262290813,-122.25468775137524,1367494.3473872547
1593046342447.0,37.49678301552612,-122.25486872718547,1367494.192622488
1593046343447.0,37.49697619515132,-122.25504705447487,1367493.7676670626
1593046344447.0,37.49716632856263,-122.25522943357292,1367493.9823244647
1593046345447.0,37.49735925574686,-122.25540936754562,1367494.1620859585
1593046346447.0,37.49754697352323,-122.25559510886144,1367494.2290462668
1593046347447.0,37.49773845470344,-122.25575895170046,1367493.9258577398
1593046348447.0,37.497926299905885,-122.25593406906005,1367494.0221826474
1593046349447.0,37.4981081926635,-122.25611592385886,1367491.9637339157
1593046350447.0,37.49829707389764,-122.25629957005268,1367491.3610754723
1593046351447.0,37.49847590822479,-122.25647166783394,1367491.380250218
1593046352447.0,37.498669831107804,-122.25664787139891,1367492.7644689225
1593046353447.0,37.498865687495204,-122.25683162833964,1367493.5272823174
1593046354447.0,37.499057204200454,-122.2570064358039,1367493.127444881
1593046355447.0,37.499248788951896,-122.25718529206058,1367493.1834630575
1593046356447.0,37.49944288956419,-122.25736211832928,1367493.0400567185
1593046357447.0,37.49963291166547,-122.25753883099541,1367493.0168618434
1593046358447.0,37.49982332303873,-122.25772054964249,1367492.9456854637
1593046359447.0,37.50001329210286,-122.25788911290567,1367492.6655135292
1593046360447.0,37.500199753750984,-122.25806883795377,1367492.806523657
1593046361447.0,37.500385465956676,-122.2582399792657,1367492.182964476
1593046362447.0,37.50056986016818,-122.25841802812097,1367492.2313196529
1593046363447.0,37.50075356874413,-122.2585865640745,1367492.4500712147
1593046364447.0,37.50094153857951,-122.25875423067765,1367492.543315041
1593046365447.0,37.50112838902157,-122.25892242225119,1367491.7375049142
1593046366447.0,37.501313182487735,-122.25909293726787,1367491.7750422887
1593046367447.0,37.50149813758034,-122.25927061223906,1367492.437729548
1593046368447.0,37.50168321446581,-122.25944276858621,1367492.6428191278
1593046369447.0,37.50186827292201,-122.2596137941456,1367492.9705662788
1593046370447.0,37.502055684153866,-122.25978693501438,1367491.8451676911
1593046371447.0,37.50224732642232,-122.2599640999949,1367491.8344755408
1593046372447.0,37.50244455497485,-122.26013184879625,1367491.416772102
1593046373447.0,37.50264116767709,-122.2603071375867,1367491.2434031945
1593046374447.0,37.50282929120761,-122.26048653505931,1367491.9717024907
1593046375447.0,37.50301682780116,-122.26065867574655,1367492.139803391
1593046376447.0,37.50320560866936,-122.26082911402459,1367492.5191225365
1593046377447.0,37.50339023064464,-122.2609955895654,1367492.230653465
1593046378447.0,37.50357774900618,-122.26116108272159,1367492.6407598597
1593046379447.0,37.503757066216586,-122.26133020915054,1367492.5154794408
1593046380447.0,37.50393179229148,-122.2615042813797,1367491.5235786422
1593046381447.0,37.50410902464532,-122.26167675775653,1367491.307841719
1593046382447.0,37.50428579827378,-122.26186011022602,1367491.720486246
1593046383447.0,37.50445980538627,-122.26203422406128,1367490.9977344058
1593046384447.0,37.504627294807726,-122.26221367194063,1367491.7316746453
1593046385447.0,37.504799444557634,-122.26239126090445,1367490.769848649
1593046386447.0,37.504974161159346,-122.26257561951705,1367490.8328961793
1593046387447.0,37.505148394749384,-122.26275907814309,1367490.5059237313
1593046388447.0,37.50532080815783,-122.26295061001827,1367490.7290049666
1593046389447.0,37.505489430861275,-122.26314121480833,1367490.7967030313
1593046390447.0,37.50565923831433,-122.26332911450237,1367490.8243422466
1593046391447.0,37.50583047350111,-122.26352095274083,1367491.2025239356
1593046392447.0,37.50600092839741,-122.26371908867834,1367491.4322573764
1593046393447.0,37.506175557544914,-122.26391493173493,1367491.7220372818
1593046394447.0,37.50634997916251,-122.26411642832613,1367491.5141319034
1593046395447.0,37.50653125657642,-122.26431449016461,1367491.1526721085
1593046396447.0,37.506715954812066,-122.26452436586455,1367491.773679328
1593046397447.0,37.506907361206785,-122.2647244804074,1367491.3142552923
1593046398447.0,37.50710087420076,-122.26492349885639,1367490.4445068059
1593046399447.0,37.50729665739119,-122.26512425172282,1367490.6694514481
1593046400447.0,37.50749311918048,-122.2653248285934,1367490.4106031873
1593046401447.0,37.507685288431645,-122.26552924950066,1367490.3814129739
1593046402447.0,37.50787245917263,-122.26573808962914,1367491.5123460232
1593046403447.0,37.50805875279373,-122.26593288189765,1367490.931667842
1593046404447.0,37.508247026899,-122.26613480887691,1367490.229448726
1593046405447.0,37.508435523632706,-122.2663339436487,1367490.447700176
1593046406447.0,37.50862562906779,-122.26653523817899,1367490.4482322992
1593046407447.0,37.50882108460803,-122.26674108395218,1367490.259675245
1593046408447.0,37.50901767176379,-122.2669412953539,1367489.900268507
1593046409447.0,37.509211867197195,-122.26715319893768,1367490.5452350837
1593046410447.0,37.50940915002203,-122.2673633849812,1367490.4621456512
1593046411447.0,37.5096065169307,-122.26757670946385,1367490.1805512907
1593046412447.0,37.50980302031663,-122.26779001387067,1367490.3208200426
1593046413447.0,37.51000143231774,-122.26800077552687,1367489.8025481608
1593046414447.0,37.51019694881549,-122.26820844309975,1367489.5217270546
1593046415447.0,37.510393153304754,-122.26841840910458,1367489.7939749216
1593046416447.0,37.510584476613644,-122.26862613496935,1367489.7054756389
1593046417447.0,37.51077483430671,-122.26883533138972,1367490.3805545657
1593046418447.0,37.51096546926822,-122.26903306776859,1367490.119848757
1593046419447.0,37.511147851712515,-122.26924415159517,1367490.423526521
1593046420447.0,37.511333478653235,-122.26945186978035,1367490.5464051
1593046421447.0,37.511509333267966,-122.26965622632477,1367490.2874225064
1593046422447.0,37.511682493504,-122.26985465244633,1367490.2236552546
1593046423447.0,37.51185412065703,-122.27004854585228,1367490.3444767783
1593046424447.0,37.51202130791555,-122.2702350970022,1367490.993206632
1593046425447.0,37.51218401267118,-122.27042457395177,1367490.9050445047
1593046426447.0,37.51235180735096,-122.27061704947856,1367490.9305515003
1593046427447.0,37.51251846907014,-122.27080302020953,1367490.478656744
1593046428447.0,37.512691536545134,-122.27100171635256,1367490.1907856518
1593046429447.0,37.51286689146225,-122.27121919844357,1367489.866517486
1593046430447.0,37.51305192728295,-122.27141250567223,1367490.382589058
1593046431447.0,37.51324372904901,-122.2716152247492,1367489.880430782
1593046432447.0,37.51343510342867,-122.2718217204678,1367489.9637821577
1593046433447.0,37.513632924411105,-122.2720273565059,1367489.9819171568
1593046434447.0,37.513830120782956,-122.27223813360406,1367490.2420325414
1593046435447.0,37.514026141193526,-122.27245223067465,1367490.1707468203
1593046436447.0,37.51422367987501,-122.27267096701169,1367490.6411286658
1593046437447.0,37.51441558418754,-122.2728853240613,1367489.8592354518
1593046438447.0,37.51461416347342,-122.27309638175241,1367489.9799877764
1593046439447.0,37.51480929038443,-122.27330542602101,1367490.4174117895
1593046440447.0,37.515000561173075,-122.27351231151933,1367489.9769445038
1593046441447.0,37.51518988351039,-122.27372207779854,1367490.4018886725
1593046442447.0,37.51537876482248,-122.27392789140023,1367490.151369526
1593046443447.0,37.51556672247001,-122.27413458964062,1367490.3207161494
1593046444447.0,37.51575147778728,-122.27433727715766,1367490.2745617444
1593046445447.0,37.51593976980169,-122.27453735991104,1367490.308972081
1593046446447.0,37.51612659477186,-122.27474094674929,1367489.930711393
1593046447447.0,37.51631688011542,-122.27494817986019,1367489.3955551076
1593046448447.0,37.516503914805185,-122.27515751535948,1367488.6809292906
1593046449447.0,37.516691863360236,-122.2753631810045,1367488.8690976647
1593046450447.0,37.51688199691194,-122.27556672173279,1367488.027146132
1593046451447.0,37.5170723840126,-122.27577403670496,1367488.2112888934
1593046452447.0,37.51726767625039,-122.27597779863703,1367488.8348134735
1593046453447.0,37.51745541750583,-122.27618878428257,1367489.1645472029
1593046454447.0,37.51764763092363,-122.27639498862868,1367489.0346804133
1593046455447.0,37.51783925878085,-122.27659608161919,1367488.1644693275
1593046456447.0,37.51803281411605,-122.2768035315555,1367487.948595644
1593046457447.0,37.518229387228565,-122.27700600611885,1367488.2893902846
1593046458447.0,37.518426520153405,-122.27720566209571,1367487.7787471004
1593046459447.0,37.518623389060465,-122.27741266958579,1367488.278648611
1593046460447.0,37.51881766895778,-122.27761982661335,1367488.5825477457
1593046461447.0,37.51901202524068,-122.2778264205483,1367488.9310040614
1593046462447.0,37.51920618417086,-122.27803370865647,1367488.2219637525
1593046463447.0,37.51940011445089,-122.27824494014787,1367489.081842532
1593046464447.0,37.519589399978884,-122.27845588654326,1367487.689122863
1593046465447.0,37.5197795455879,-122.2786612117423,1367487.5870021214
1593046466447.0,37.519965773124405,-122.27885971477536,1367487.5958052045
1593046467447.0,37.52014777270637,-122.2790539667961,1367486.853739557
1593046468447.0,37.5203287482341,-122.27924575869052,1367487.4564939637
1593046469447.0,37.520503932017576,-122.2794353560298,1367488.307998721
1593046470447.0,37.52068313134622,-122.27961986265146,1367488.3254138292
1593046471447.0,37.52086873414705,-122.27980928504188,1367487.0750641092
1593046472447.0,37.52105401993191,-122.28000507872588,1367487.4409451731
1593046473447.0,37.52124456385615,-122.28020573957336,1367487.3420387486
1593046474447.0,37.52143332268348,-122.28041167549468,1367486.8311375147
1593046475447.0,37.52162504805456,-122.28061851044176,1367486.8224971644
1593046476447.0,37.521815492147894,-122.28082307474646,1367486.6299144058
1593046477447.0,37.522006448772245,-122.28102979309881,1367486.4318830995
1593046478447.0,37.52219231473797,-122.28123759742728,1367487.1607013796
1593046479447.0,37.522382495626985,-122.28144271419472,1367487.6962730964
1593046480447.0,37.52256697065542,-122.28164999577366,1367487.9522163663
1593046481447.0,37.522749040879134,-122.28184404330996,1367486.988186306
1593046482447.0,37.52292963008101,-122.2820356288975,1367487.4819984592
1593046483447.0,37.52310392953524,-122.28222695502073,1367487.7847721225
1593046484447.0,37.52327634423559,-122.28241016798967,1367487.994963539
1593046485447.0,37.5234456542119,-122.28259370430773,1367488.064662653
1593046486447.0,37.52361047068486,-122.28277460768831,1367488.2666919208
1593046487447.0,37.52376724446836,-122.28294174224754,1367488.194823135
1593046488447.0,37.523907913714275,-122.28309771769456,1367486.916082583
1593046489447.0,37.524062192138636,-122.28322486780087,1367488.5669937343
1593046490447.0,37.524194020347245,-122.28335222571936,1367488.09679803
1593046491447.0,37.524318482240965,-122.28346770759153,1367488.2943046163
1593046492447.0,37.52444705411893,-122.28357445141064,1367487.7668722144
1593046493447.0,37.52456766845511,-122.28367305778956,1367486.8949621099
1593046494447.0,37.524679868231175,-122.28377386171287,1367488.376484032
1593046495447.0,37.52479049425254,-122.28386115573724,1367488.2848367842
1593046496447.0,37.524889746178324,-122.28393208357804,1367487.965191262
1593046497447.0,37.52497795465526,-122.28399330579019,1367487.781649397
1593046498447.0,37.52505728099148,-122.2840373475236,1367486.9828511071
1593046499447.0,37.52512294172097,-122.28407040681968,1367487.3043454336
1593046500447.0,37.52517782166559,-122.28408973866026,1367487.2278466548
1593046501447.0,37.52521831685074,-122.28409152717997,1367486.3400919838
1593046502447.0,37.52524906987721,-122.28409993273904,1367485.8132134632
1593046503447.0,37.52527629527185,-122.28411750686939,1367486.460003844
1593046504447.0,37.5253042084935,-122.28413132658918,1367486.9251798696
1593046505447.0,37.52533078281677,-122.28413144691315,1367486.6819491903
1593046506447.0,37.525351432106426,-122.28413413983365,1367486.1407084593
1593046507447.0,37.525359753169944,-122.28414375185363,1367486.6227829016
1593046508447.0,37.52536241797761,-122.28414376912552,1367486.8153132682
1593046509447.0,37.525364554492846,-122.28414650092226,1367486.8617766749
1593046510447.0,37.525361025647435,-122.28415322468959,1367487.5948641861
1593046511447.0,37.52537431067676,-122.28415109343925,1367487.9293971064
1593046512447.0,37.52538721155092,-122.28415638214415,1367488.1667632796
1593046513447.0,37.52541708583022,-122.2841550085685,1367487.9582630277
1593046514447.0,37.52545912405057,-122.28414506123869,1367487.9270083555
1593046515447.0,37.525506057999785,-122.28415477359043,1367487.6717482104
1593046516447.0,37.52555311358707,-122.28419570927947,1367487.5087648192
1593046517447.0,37.52560405202189,-122.28425803921206,1367486.4166758528
1593046518447.0,37.52564702873213,-122.28434645337965,1367485.208056371
1593046519447.0,37.52568035970303,-122.28445993665312,1367485.5295841787
1593046520447.0,37.52571035533929,-122.28458044702484,1367486.581324245
1593046521447.0,37.525730587655126,-122.28470080060498,1367487.3310092129
1593046522447.0,37.525750941439625,-122.28481377924793,1367487.495896242
1593046523447.0,37.52576607824293,-122.28491180973859,1367488.0944043004
1593046524447.0,37.525790053515266,-122.28498718653276,1367488.049418326
1593046525447.0,37.525819788458705,-122.28504482909644,1367486.7503810532
1593046526447.0,37.52585454699902,-122.28509175009192,1367486.5669354307
1593046527447.0,37.5259005462738,-122.2851115532504,1367487.4624301328
1593046528447.0,37.52595095156746,-122.28511434927398,1367486.0732798206
1593046529447.0,37.526007034415656,-122.28511433844147,1367486.2094125822
1593046530447.0,37.526064208582575,-122.28510499064816,1367487.1697403705
1593046531447.0,37.52610815003851,-122.28508548603536,1367488.1967172504
1593046532447.0,37.52615494508092,-122.28505249340355,1367487.258439265
1593046533447.0,37.52620226357605,-122.28503940625171,1367487.7243916243
1593046534447.0,37.52623647339035,-122.285025674467,1367484.9617107096
1593046535447.0,37.526294259164594,-122.28501817596826,1367486.3692666774
1593046536447.0,37.526343337432266,-122.28502018411343,1367486.439019476
1593046537447.0,37.5263826909221,-122.2850353053015,1367486.605017229
1593046538447.0,37.526412957460415,-122.28505964445867,1367486.7468386518
1593046539447.0,37.52642509317494,-122.28510968264034,1367487.3472469554
1593046540447.0,37.52642405280651,-122.28514553591826,1367487.978738955
1593046541447.0,37.52641129429284,-122.28516287420017,1367487.4588105327
1593046542447.0,37.52638974991358,-122.28516572666881,1367486.6446696636
1593046543447.0,37.52637745439267,-122.2851705373256,1367486.3160119464
1593046544447.0,37.52637513837591,-122.28516877105682,1367486.473879899
1593046545447.0,37.526375267309895,-122.28516781753787,1367486.3811040788
1593046546447.0,37.52637293762603,-122.28516050023764,1367485.7820285978
1593046547447.0,37.52637356089435,-122.28516092191262,1367485.40758718
1593046548447.0,37.52637339350505,-122.2851546123064,1367486.0614891136
1593046549447.0,37.5263702595315,-122.2851580178702,1367487.6457162877
1593046550447.0,37.52636828380505,-122.28516218713868,1367488.5370031984
1593046551447.0,37.52636548297399,-122.28516302032403,1367488.999163018
1593046552447.0,37.526362359909044,-122.28516922881133,1367489.7161422505
