utcTimeMillis,x_ned,y_ned,z_ned
1626727759438.0,2799285.978455696,-3159905.149366193,6394513.77616294
1626727760438.0,3864596.261707798,-4362459.8881169995,8828036.565259434
1626727761438.0,3912670.6458469313,-4416738.630357962,8937876.73802437
1626727762438.0,3894604.328015692,-4396341.435500853,8896599.185377948
1626727763438.0,3887248.124869771,-4388037.503281193,8879790.215852799
1626727764438.0,3886293.377404951,-4386951.247751586,8877603.543195013
1626727765438.0,3885957.7509077503,-4386577.8960265275,8876849.297900638
1626727766438.0,3885892.27535964,-4386517.447123845,8876724.970119305
1626727767438.0,3885884.950775039,-4386498.482627164,8876685.047142358
1626727768438.0,3885890.0901758466,-4386499.973511819,8876692.410165403
1626727769438.0,3885883.107927762,-4386500.836006611,8876689.665342877
1626727770438.0,3885871.026006863,-4386498.11487532,8876682.339037262
1626727771438.0,3885879.0119060925,-4386502.053687479,8876684.498732697
1626727772438.0,3885885.824059479,-4386503.406050011,8876687.967813894
1626727773438.0,3885881.6052290658,-4386497.740885072,8876686.067719052
1626727774438.0,3885885.4678187845,-4386502.142356612,8876693.664119191
1626727775438.0,3885882.5350803263,-4386500.35294783,8876693.551411394
1626727776438.0,3885883.885643015,-4386502.412415426,8876701.31041026
1626727777438.0,3885879.2671158775,-4386502.047036094,8876699.59528982
1626727778438.0,3885876.4059436466,-4386498.749015187,8876698.40964089
1626727779438.0,3885876.9443348628,-4386499.9348027995,8876705.061770093
1626727780438.0,3885872.5111674196,-4386500.624203322,8876700.193543715
1626727781438.0,3885870.060413993,-4386503.354859855,8876704.174218418
1626727782438.0,3885868.662338483,-4386505.343476133,8876707.892439803
1626727783438.0,3885867.3827065993,-4386511.060362351,8876714.103762321
1626727784438.0,3885866.2423118204,-4386506.428198501,8876714.841037558
1626727785438.0,3885865.8229013905,-4386506.24488977,8876716.147618892
1626727786438.0,3885864.02532901,-4386505.782359497,8876718.651222765
1626727787438.0,3885860.7750399034,-4386499.057146873,8876717.536909342
1626727788438.0,3885862.6756761484,-4386494.317093039,8876720.994374283
1626727789438.0,3885867.6041895244,-4386489.770435875,8876725.770602854
1626727790438.0,3885871.225480796,-4386483.026066168,8876730.335215643
1626727791438.0,3885870.6112616365,-4386475.092937344,8876734.477927132
1626727792438.0,3885874.5470662815,-4386463.275382371,8876738.17682162
1626727793438.0,3885876.2121512475,-4386453.712585785,8876742.79297554
1626727794438.0,3885885.499880161,-4386452.312777712,8876752.819459103
1626727795438.0,3885891.8007543604,-4386446.163018557,8876759.2806338
1626727796438.0,3885895.288446612,-4386435.83614616,8876767.072664835
1626727797438.0,3885899.8044101507,-4386430.625106256,8876770.236616716
1626727798438.0,3885902.163687466,-4386422.263282867,8876772.87360428
1626727799438.0,3885909.469859812,-4386424.940552694,8876779.676395103
1626727800438.0,3885910.5856069527,-4386418.875635158,8876781.296465885
1626727801438.0,3885908.487871919,-4386418.521396179,8876782.436623655
1626727802438.0,3885909.4490082017,-4386416.84000947,8876782.048821477
1626727803438.0,3885905.901607137,-4386416.399002213,8876780.927580925
1626727804438.0,3885907.9381315443,-4386416.853623503,8876781.481589437
1626727805438.0,3885906.955019016,-4386414.554688933,8876780.345465355
1626727806438.0,3885904.705841138,-4386411.239221555,8876778.674358046
1626727807438.0,3885908.1976153557,-4386415.895008149,8876781.567677803
1626727808438.0,3885908.4879705547,-4386419.580190164,8876782.781225232
1626727809438.0,3885910.898835575,-4386420.989554005,8876784.303366527
1626727810438.0,3885909.6020338545,-4386416.76590448,8876781.952950368
1626727811438.0,3885911.727375733,-4386424.125769208,8876785.90787303
1626727812438.0,3885907.787521994,-4386415.703881018,8876781.882802367
1626727813438.0,3885909.936471092,-4386419.479008392,8876781.343318658
1626727814438.0,3885909.9392450675,-4386414.746022077,8876781.615506284
1626727815438.0,3885908.6163559947,-4386416.501086746,8876783.22128666
1626727816438.0,3885903.808408399,-4386407.730303685,8876778.341855012
1626727817438.0,3885895.7444800767,-4386411.249456271,8876778.05547669
1626727818438.0,3885903.3710943484,-4386376.844830001,8876787.139498595
1626727819438.0,3885902.794250771,-4386392.037648511,8876864.239871612
1626727820438.0,3885943.726031536,-4386411.29330944,8876750.684666283
1626727821438.0,3886030.6094535915,-4386300.531055651,8876989.702667218
1626727822438.0,3885838.3718366856,-4386401.519194662,8876842.127416993
1626727823438.0,3886389.301785395,-4386260.278133467,8877356.475920433
1626727824438.0,3885276.444474064,-4385777.500260397,8876391.924970774
1626727825438.0,3886526.771449892,-4386338.458687254,8877937.174919998
1626727826438.0,3883995.6833792306,-4388204.207178231,8877410.488169625
1626727827438.0,3885049.489596937,-4380864.247422063,8881471.390136471
1626727828438.0,3878580.5671788543,-4388604.334628356,8873939.526734795
1626727829438.0,3885076.6749430057,-4368813.8885823265,8870048.306160621
1626727830438.0,3904279.4713447564,-4385283.708595733,8883602.090855436
1626727831438.0,3854968.6864206446,-4391005.992007977,8901956.436266586
1626727832438.0,3873733.633119188,-4481766.27711843,8826643.990292177
1626727833438.0,4016314.7488030726,-4478364.753143629,8950989.810333835
1626727834438.0,4014411.7937376653,-4256135.442849896,8923764.826760646
1626727835438.0,4143971.2751345905,-4045877.4507834846,8681976.988558246
1626727836438.0,3879355.228191366,-4716838.495878396,8746770.11456202
1626727837438.0,4176411.3765427102,-3938671.4434687626,10210150.10926991
1626727838438.0,3203206.6621109606,-5099081.744493656,7331150.150007635
1626727839438.0,3448889.1305393325,-6034155.574781585,13049572.890305232
1626727840438.0,11937269.98290944,-8330933.179726938,6978384.428445805
1626727841438.0,-10224493.562207721,-19834037.47650237,35554347.218845226
1626727842438.0,13011767.839683708,-5064244.840819687,40378368.44211865
1626727843438.0,-24452617.67559006,-15063521.877673939,6654348.966458648
1626727844438.0,-62529804.429795384,-43590216.19419035,53904314.9372026
1626727845438.0,32408158.823850766,-19120315.669828847,67691312.88088378
1626727846438.0,-160785399.20638922,117698509.13465218,-40150678.967466615
1626727847438.0,76141651.62160593,-10853024.778998852,84834184.63323429
1626727848438.0,748672289.9552438,-239078954.48994467,379727502.5747979
1626727849438.0,789103560.7790377,1320116188.1042848,-613847278.3353041
1626727850438.0,391973648.7522974,3128889774.3895717,-809322219.7312756
1626727851438.0,-3157540324.379404,-7715490062.194749,-1446730244.9145112
1626727852438.0,-2801187885.229518,-5539979287.113615,3044042224.274673
1626727853438.0,2274460673.0439262,2808983370.213793,-7085590801.788162
1626727854438.0,11190840077.026766,7122847051.102755,-9422576741.362633
1626727855438.0,-2628870885.4868145,-36389266879.670616,-31824956118.113827
1626727856438.0,35708366884.491684,32687364617.47914,27450717537.840065
1626727857438.0,-30331920867.09813,194048046279.28287,-42580286611.11781
1626727858438.0,-122674278751.0732,217837254707.77094,130386384356.01688
1626727859438.0,-1670722522.4968262,145733252862.49585,-350665812244.21344
1626727860438.0,-157144006791.7268,662725469522.9106,-337131765480.7261
1626727861438.0,-1355753339194.2634,-1357348029640.9546,-1957594671737.1052
1626727862438.0,-2367156160841.1216,-544365735427.37744,1194474503963.9272
1626727863438.0,-2665394934034.2715,-2039491120065.0815,-4343614382871.3086
1626727864438.0,5179780265441.154,5582771236725.532,1892429008199.9805
1626727865438.0,-5483130277309.201,9796537984257.021,1868044157860.8418
1626727866438.0,-4866435381162.891,-20282486994531.68,25237920572682.367
1626727867438.0,-38051471500281.516,5145200333460.863,-4625126165647.723
1626727868438.0,-53185821104007.8,90616140722637.94,-91969262678851.1
1626727869438.0,187163174700582.72,-155828139160821.5,129825484642759.6
1626727870438.0,207052669436186.88,89925698544895.19,-77324674538026.25
1626727871438.0,-103384420532981.97,-404311817978629.4,-92945672558109.94
1626727872438.0,-146116990725892.16,-264533159311116.38,-174663684080145.56
1626727873438.0,-631858812165909.0,1678372197758575.5,1489143261007353.5
1626727874438.0,-1036060270401312.5,-789400998801175.0,-252830985964023.5
1626727875438.0,-2007453660999466.8,-3045068274909980.0,2854762352973336.5
1626727876438.0,4200940398577861.0,-1431468372881179.0,-3821683782781400.0
1626727877438.0,5709567476009149.0,-8449669185146653.0,136611268179516.0
1626727878438.0,-192917247137611.5,9511521750126816.0,2.4675260908213824e+16
1626727879438.0,-2.5760991294273364e+16,1.5628246292009188e+16,5.206051125588539e+16
1626727880438.0,1.5137632886409384e+16,-2.5735722446810896e+16,2.6228915435697764e+16
1626727881438.0,1.2193532032048963e+17,-6.831157087678848e+16,-1.7880611434401216e+17
1626727882438.0,9.237100851752358e+16,-5.7305011770289944e+16,1.6500754261314515e+17
1626727883438.0,1.44558555123108e+17,1.2419072767957843e+17,1.7484962575885677e+17
1626727884438.0,-4.4439039002468134e+17,7.457511854171139e+17,1.2162024937563507e+17
1626727885438.0,-8.911605090581687e+17,-9.36638322029975e+16,3.8595728597263744e+17
1626727886438.0,-1.4878378890009457e+18,7.92568132041249e+17,2.568776786104514e+18
1626727887438.0,1.9036121598375547e+18,-4.853167750094451e+18,4.513439577079774e+18
1626727888438.0,2.9669945385531003e+18,5.670495132877394e+18,2.2218209808576323e+18
1626727889438.0,1.672104462023083e+18,2.1141072582786486e+19,2.496028500633813e+18
1626727890438.0,-5.930097093887963e+18,1.6329339618472038e+19,-2.181459524546235e+18
1626727891438.0,5.386099229640434e+19,-2.6629968304074318e+19,4.6007365166770405e+19
1626727892438.0,2.524794812335779e+19,-9.959992722009063e+19,8.913718995889629e+19
1626727893438.0,2.462027380614676e+19,2.615314579071172e+20,-2.0241845882971967e+20
1626727894438.0,-1.571347477939296e+20,-9.589438239578535e+19,1.0396760997745787e+18
1626727895438.0,-1.2079606687021954e+20,-4.341598323625387e+20,-5.669537860678115e+19
1626727896438.0,2.258640021851217e+20,3.8977224453071136e+20,5.495379941491459e+20
1626727897438.0,-1.19359595634301e+21,-7.0665083846349e+20,4.1473497180875574e+20
1626727898438.0,-2.588707750574402e+21,-3.647606043036793e+21,1.5015355486101176e+18
1626727899438.0,2.9427430083239975e+21,1.7146174962153176e+21,-1.5949484219141618e+21
1626727900438.0,3.404668922869364e+21,7.110496389191614e+21,-5.449271656241506e+21
1626727901438.0,1.7736538296905451e+21,-1.4316044513192249e+22,-1.3700450139639437e+22
1626727902438.0,1.6061737132262775e+22,2.1589860383777083e+22,-1.0261691951442102e+22
1626727903438.0,-5.170863376520974e+22,-2.228409868687733e+22,-1.2130939848119326e+22
1626727904438.0,-2.6538138391893353e+22,-7.645020422269569e+21,1.2666683341615143e+22
1626727905438.0,-1.0243028583607849e+23,-8.957145049032034e+22,-7.275641666466894e+22
1626727906438.0,6.098042571538472e+22,-7.349492931591439e+21,1.2206332461031988e+23
1626727907438.0,3.920901207229161e+23,-1.6965843205871103e+23,-1.7399245721775384e+23
1626727908438.0,3.9730770435891705e+23,2.6196300675150548e+23,-6.212218061651358e+23
1626727909438.0,1.3916882705678618e+24,-8.584493464437241e+23,5.848363419128524e+23
1626727910438.0,9.166516214232391e+23,-1.5034746386212557e+24,1.620621981158058e+24
1626727911438.0,3.5984122871087355e+23,4.770919894070297e+23,-3.6261678632267616e+24
1626727912438.0,-5.240447487429078e+24,4.9765702282782936e+23,2.424427522902183e+24
1626727913438.0,1.123448010208094e+25,2.521167128158253e+24,-1.4558603479611966e+24
1626727914438.0,-9.909560422945898e+24,-1.678814182842828e+25,5.912869416933278e+24
1626727915438.0,5.190044949576532e+25,4.8915485256378465e+25,2.0377391362302992e+25
1626727916438.0,6.067351984266232e+25,-3.750341784198755e+25,-6.186411822474981e+25
1626727917438.0,-3.1014651554245724e+25,7.765118436328438e+23,1.103084394271578e+25
1626727918438.0,4.339922051389667e+25,1.9244663987806627e+26,7.69806326144296e+25
1626727919438.0,2.0150047536498906e+26,3.0184427239575972e+26,2.9437358790171372e+26
1626727920438.0,3.4316686063697324e+26,-1.0805589507883251e+27,5.186759704829777e+26
1626727921438.0,-2.839936289052852e+26,-8.349719620809824e+26,-6.241658252236881e+26
1626727922438.0,-5.786718871434966e+26,-1.6823592561148886e+27,1.006345936427703e+27
1626727923438.0,3.8618403958453173e+27,-4.856687619517254e+26,6.026523879374598e+27
1626727924438.0,2.125250906732581e+27,-6.140290277263566e+27,1.7768851247397365e+27
1626727925438.0,-1.1965785648703596e+28,-5.12160371354197e+27,-3.7661190002717743e+27
1626727926438.0,1.1894723423934267e+27,-7.312746132517955e+27,1.048731982669077e+28
1626727927438.0,-2.3043533256660496e+28,-2.8974628129749787e+27,1.634623858971694e+28
1626727928438.0,1.952733614080801e+28,1.4992719912062648e+29,-9.160762237754755e+28
1626727929438.0,-2.770131944974182e+28,-1.6622532089596005e+28,-2.0996575101625576e+29
1626727930438.0,8.259991758733521e+28,3.298645588904549e+27,-1.76769116299836e+29
1626727931438.0,-1.7687869220840728e+29,1.8242114674375406e+29,-4.0046563711304035e+29
1626727932438.0,2.7968749927192244e+29,3.649172484044157e+29,5.374454792404416e+29
1626727933438.0,1.5564712844251029e+30,1.0679471530647394e+30,1.907944340268008e+29
1626727934438.0,5.445157207226432e+29,4.225950095586308e+30,-2.2629827973230744e+30
1626727935438.0,5.539280653512337e+30,3.9265452057161576e+29,6.103247736527173e+30
1626727936438.0,-1.7129888469254388e+30,-8.504223936447862e+29,5.16648152504499e+30
1626727937438.0,-1.4878105780447204e+31,1.9749031294148496e+30,8.876957220788703e+30
1626727938438.0,1.3995446980976117e+31,5.323275294725684e+30,-1.2283775486327076e+31
1626727939438.0,1.8938832986773534e+31,-3.060410844056266e+31,-2.991478757822829e+31
1626727940438.0,4.768114215049792e+31,-4.633086378718872e+31,4.307035244586204e+31
1626727941438.0,1.3918973229692337e+31,-1.1378109871275813e+32,4.588572201764807e+31
1626727942438.0,1.912834407034659e+31,-6.203051993469342e+30,-1.0950936207048358e+32
1626727943438.0,-2.8336284456469995e+32,-1.4009942787030416e+32,1.919031206112269e+32
1626727944438.0,-4.0082911826872423e+31,-6.18158372126819e+32,2.725654231637421e+32
1626727945438.0,-1.2080445089499497e+33,6.918498680595742e+30,-7.58505540256289e+32
1626727946438.0,-2.0289113207635915e+33,-1.8880670166751653e+33,1.362388581262051e+33
1626727947438.0,2.8848806094178694e+33,2.37191640959017e+33,-1.5167831325813605e+33
1626727948438.0,6.804381658865559e+33,2.07982541817479e+33,-1.970404626245224e+33
1626727949438.0,-4.7420292699359546e+32,8.407434154012886e+33,5.595089874303516e+33
1626727950438.0,-2.0122701065004493e+34,-3.288075172617627e+33,1.9957751078295113e+34
1626727951438.0,4.400479071217234e+34,4.72477859446297e+34,-1.4254192613972965e+34
1626727952438.0,1.9043183357661425e+34,2.0727829662353035e+34,1.0759204474250434e+34
1626727953438.0,1.7141409456923207e+35,1.4938488829516023e+35,-2.0748693340204156e+35
1626727954438.0,2.1621474323122465e+35,-1.0773857624508449e+35,-1.7414767149993543e+35
1626727955438.0,4.210515992076309e+35,2.7297823615821808e+35,7.963901725546905e+34
1626727956438.0,-7.31088289501263e+35,-9.880108267837429e+35,-4.161475976142183e+35
1626727957438.0,-9.235818724789379e+35,7.112369637825436e+35,-2.9896940309169356e+35
1626727958438.0,2.4928641427845457e+35,1.529930132464113e+36,-1.6882995916571352e+34
1626727959438.0,4.1682110200896046e+36,2.5962974056797353e+35,3.049296847906119e+36
1626727960438.0,3.459195593359687e+36,-7.502485549738583e+36,-3.775166174296441e+36
1626727961438.0,-3.603327704962287e+36,-1.7410987093458674e+36,-1.0025636539986428e+36
1626727962438.0,1.600284995722069e+37,7.041282350648198e+36,1.0542709951429071e+37
1626727963438.0,2.5879178837397734e+37,3.9606687839748833e+37,9.983795244000091e+36
1626727964438.0,-8.87222092258107e+37,-2.9083318174652914e+37,6.009867618749721e+36
1626727965438.0,3.480295467909855e+37,7.590226700527157e+37,-8.5017960729735685e+37
1626727966438.0,-6.405645101242655e+37,1.31410098857354e+38,1.1414960960827755e+38
1626727967438.0,2.3424640122050554e+38,3.648254377429453e+38,1.8142519966705753e+38
1626727968438.0,2.384134535114444e+37,6.641684464214793e+38,-1.9112283504265666e+38
1626727969438.0,-1.40134786553856e+39,1.3926377638586248e+39,1.2527158920408327e+39
1626727970438.0,1.8816676142124016e+39,-1.240467685693507e+39,2.459696583253486e+39
1626727971438.0,-8.324489084878898e+38,-1.3368063804124906e+39,3.274537873926632e+39
1626727972438.0,6.62135283909665e+39,-2.290660299891905e+39,4.8550068430349796e+39
1626727973438.0,-6.57015377023015e+38,-1.072726432536183e+39,-3.967590745665095e+39
1626727974438.0,-2.006759265914444e+40,9.049422551023866e+39,-1.4157342202424374e+40
1626727975438.0,-4.163159266626216e+40,3.399581104936557e+38,2.6398144060537134e+40
1626727976438.0,3.0090831087135154e+40,-3.9338768130239315e+39,1.6499617777171231e+40
1626727977438.0,6.154068993953222e+40,7.073609511495081e+40,-9.772507216797663e+40
1626727978438.0,1.6679052579492743e+41,-2.1049910099214793e+41,-2.2308441383553633e+41
1626727979438.0,-3.3363115126901057e+38,3.531345310653379e+41,-1.0283107176831525e+41
1626727980438.0,-1.794060986565881e+41,-8.547999818841059e+41,-3.871838062889272e+41
1626727981438.0,2.0493747501367973e+41,-4.578245962522574e+41,-1.1309034470228397e+42
1626727982438.0,-4.056832929809587e+41,5.970817913305469e+39,3.466243801084201e+41
1626727983438.0,-4.195809111256029e+41,-3.124500977131638e+42,3.6889115793762235e+42
1626727984438.0,-1.7727019336979463e+42,-3.2357827743191987e+42,-1.1739576187208075e+43
1626727985438.0,4.227422923459099e+42,1.619577215972256e+43,-6.926661199585149e+42
1626727986438.0,1.8554947315934154e+43,-1.4178886413363708e+43,-1.0551825123335174e+43
1626727987438.0,3.6172301299283547e+43,1.9062666028459004e+43,-2.8157195554064035e+43
1626727988438.0,-9.92785579187224e+42,-4.556583163051972e+43,5.033961038278903e+42
1626727989438.0,-1.2686048596411852e+44,-4.249590724977796e+43,5.642012796773404e+43
1626727990438.0,-4.334909113948211e+43,3.2634781512975757e+44,-8.596082370849097e+43
1626727991438.0,1.1148269887787245e+44,2.2457983034923654e+44,-8.891099911839297e+43
1626727992438.0,3.3052507038738613e+44,1.269499678227091e+43,-4.1078922323247695e+44
1626727993438.0,1.2378579462305624e+45,1.3055839999465895e+45,4.608904169817387e+44
1626727994438.0,-1.960674948777242e+45,-1.553071664453334e+45,-1.670509628024724e+45
1626727995438.0,-2.3471148472320097e+45,1.4085084995877575e+45,-2.0985254431805935e+45
1626727996438.0,-6.033446875585642e+45,8.053637445517251e+45,-5.1538537795091487e+45
1626727997438.0,2.3892126474745834e+45,-4.1176744258385607e+45,-3.962621552908121e+45
1626727998438.0,1.0630468413039275e+46,-3.996052193709796e+44,-2.7495675002360153e+46
1626727999438.0,-2.2590752109170203e+46,-5.429456394840455e+46,-2.7592623099584113e+46
1626728000438.0,2.247839049228448e+46,2.305721118705002e+46,5.654200550515191e+46
1626728001438.0,-1.259323781259379e+47,-6.358434681390357e+46,-1.2704024938049636e+47
1626728002438.0,-2.2406156450307277e+47,-1.6218072170953162e+47,4.884073998087602e+45
1626728003438.0,-5.046301503642799e+47,-3.670856603288013e+47,-5.145640541432811e+47
1626728004438.0,-3.1490791662231737e+47,-1.0289271309536078e+47,2.6259405333089885e+46
1626728005438.0,5.757708790215481e+47,1.3597565037954947e+48,-7.23083444014782e+47
1626728006438.0,-2.2388346961506303e+48,2.751868451122022e+47,-1.1579651211272894e+48
1626728007438.0,-9.047377425770234e+47,5.948246282390757e+47,-1.6561713433592012e+48
1626728008438.0,-6.0995051393830205e+47,3.5673763127942436e+48,9.702077763014856e+48
1626728009438.0,-2.0906129190292713e+48,2.2570256080508392e+48,-6.528200473810833e+47
1626728010438.0,-1.0443557273722664e+49,5.455769740376712e+48,5.769841107514067e+48
1626728011438.0,2.4511266319193446e+49,-9.234940895042348e+48,1.1653067365587787e+49
1626728012438.0,3.6938178660940563e+49,-4.3727722791244134e+49,1.9119394538373035e+49
1626728013438.0,-2.448334226792979e+49,-1.257012835097912e+50,-6.05432135433199e+49
1626728014438.0,-2.2105690232354385e+50,-7.003601237488744e+49,8.261691961213179e+49
1626728015438.0,-3.1466000153183128e+50,2.923227433257137e+50,2.968273041699627e+50
1626728016438.0,-3.927958721947145e+50,8.977271570043788e+50,9.442022990402244e+50
1626728017438.0,9.849645057139373e+50,5.5149659764312e+50,5.534500027710937e+50
1626728018438.0,-8.151676365472093e+50,1.035369251078262e+51,-7.999321968720868e+49
1626728019438.0,-1.315388321802119e+50,3.015299006272687e+51,4.199655917137735e+51
1626728020438.0,-2.2260025819816028e+51,5.909491435036757e+51,3.6387900027142355e+51
1626728021438.0,-3.264727903165044e+51,-1.607014692067497e+52,1.460046232072677e+51
1626728022438.0,9.029242876778867e+50,1.5009965961098063e+52,-2.96612897666255e+52
1626728023438.0,2.571229766627147e+52,4.9734585628005674e+51,-5.900501182721033e+52
1626728024438.0,-2.1148203011467035e+52,8.327439559685481e+52,-2.67990237865105e+52
1626728025438.0,3.73228465074476e+51,7.554509842843924e+52,-2.5240085070507926e+52
1626728026438.0,7.574111855874954e+52,3.738037358851124e+52,2.034903163806108e+52
1626728027438.0,-1.3460881071202563e+53,3.0692749676439002e+53,4.38860077593439e+53
1626728028438.0,6.648151534587133e+53,3.08998295930508e+53,6.619745441591543e+53
1626728029438.0,1.3735300251852326e+54,-2.0466494677602152e+54,-5.015373279075614e+53
1626728030438.0,4.0790688238598175e+53,1.7560702544314274e+54,6.4368684438234105e+53
1626728031438.0,-3.240724918227197e+54,-3.960959928848026e+53,-1.345757561910986e+54
1626728032438.0,5.720699240668203e+54,-6.3732675013096e+54,4.719537473448769e+54
1626728033438.0,-6.390375179415951e+54,-7.136891326587379e+54,5.800737946406413e+54
1626728034438.0,-1.077033019203867e+55,2.698579637371033e+55,3.521469590997437e+54
1626728035438.0,-2.6429180884991046e+53,-1.7563831562898903e+55,3.659947673203142e+55
1626728036438.0,-4.8958353964000704e+55,-2.075948326969476e+55,4.5142897711287876e+55
1626728037438.0,-5.587412426497253e+55,9.678309064432344e+55,9.93581302424997e+55
1626728038438.0,8.367939771114279e+55,-1.0345217650748592e+56,1.904486323401401e+56
1626728039438.0,3.1867002275790016e+56,-1.2848926324610921e+56,2.0264753495953066e+56
1626728040438.0,-2.513539273146279e+56,-8.900682003554886e+56,5.513156978276137e+56
1626728041438.0,-6.353298542098695e+56,2.24039226467623e+57,1.578906438169866e+56
1626728042438.0,1.1614271922093173e+57,1.5286492956574511e+57,-1.089957331205612e+57
1626728043438.0,-4.178606449569845e+56,2.859852195655494e+57,7.754636400344445e+56
1626728044438.0,2.6699572472633156e+57,2.0350306795305153e+56,1.0134392303888357e+58
1626728045438.0,9.393443051701546e+57,1.7074291727217632e+58,-3.361856272774741e+57
1626728046438.0,1.514082724701966e+58,-4.529312176042458e+57,1.6839228230792046e+58
1626728047438.0,-3.647312609116291e+58,4.632634554264409e+58,-5.96674200605839e+57
1626728048438.0,1.7763076250027381e+58,-3.4334574954504156e+58,2.682643584242901e+58
1626728049438.0,4.653555632070432e+58,-6.497100794087526e+58,-8.107274191096113e+58
1626728050438.0,-2.030599388273608e+59,8.382134717021812e+58,1.5604546031937545e+58
1626728051438.0,-1.8425514603403627e+59,5.711453046814745e+58,-4.892113265414667e+59
1626728052438.0,-7.458340118433559e+59,-2.6248969922062424e+59,7.097970418137012e+58
1626728053438.0,-1.0730844931484602e+60,-2.51049485206256e+60,6.599924061417306e+59
1626728054438.0,2.527940021614149e+60,2.1834318839035394e+60,1.0491456088834503e+60
1626728055438.0,4.7168721018210196e+60,-1.0471040146631387e+60,1.650738245801058e+60
1626728056438.0,-5.5401034656972205e+60,-7.904930961645029e+60,5.4282734233569046e+60
1626728057438.0,7.948676720622994e+60,-5.449525549518936e+60,1.4973572287623665e+61
1626728058438.0,-1.63281896852771e+61,8.533295599071886e+60,-8.616607590088082e+60
1626728059438.0,2.828600142757877e+61,-2.2472140321857264e+61,-3.5629846678017186e+61
1626728060438.0,4.84497917403785e+61,1.226752262280842e+61,6.225567177301598e+61
1626728061438.0,1.4989406117333853e+62,-7.487245170772892e+60,1.0558952107292491e+62
1626728062438.0,-7.21561124223866e+61,-2.659643640724661e+62,1.6218437079897262e+61
1626728063438.0,-3.148823764241277e+62,-1.7651612988549443e+62,-3.501043916667741e+62
1626728064438.0,3.185906910560516e+62,4.410033447618146e+62,5.586939225355497e+62
1626728065438.0,3.8182488494649325e+61,1.901238909530766e+63,-1.679416960861162e+63
1626728066438.0,2.0608108579262116e+63,1.1562127167495422e+63,2.2982261097498985e+63
1626728067438.0,2.9210921110024264e+63,-3.3068648378491646e+63,-1.3963513125789745e+63
1626728068438.0,-2.5121080583529534e+63,2.2678734293281312e+63,9.308076498058008e+63
1626728069438.0,-7.546204242134083e+63,5.980684807868706e+63,-8.969886467777031e+63
1626728070438.0,6.4068830364709916e+63,8.067876897267241e+63,4.03876358823512e+62
1626728071438.0,-2.3940282793871822e+64,8.323287577621088e+64,4.554579420688358e+64
1626728072438.0,-9.426198794999109e+64,1.9510131406029097e+64,4.9676115341201163e+64
1626728073438.0,-6.116655401558961e+64,-2.4987636131429864e+65,-1.1118810127108755e+65
1626728074438.0,-6.674255666472887e+64,-1.4285858662407027e+65,-1.521186790115346e+65
1626728075438.0,-3.9882325485468654e+65,2.3583906438346257e+64,2.0382176014967542e+65
1626728076438.0,5.22653719789734e+65,-2.679919030278412e+65,-8.460268522601677e+65
1626728077438.0,-1.174535393914087e+66,-2.8054835758736797e+66,-6.22661852213348e+64
1626728078438.0,-1.2620778286236838e+66,-6.374190322855201e+65,-9.693595410529783e+65
1626728079438.0,-1.8295219051045657e+66,-3.3838059144805866e+66,2.2466304008242822e+66
1626728080438.0,-7.181429536521451e+66,-4.056656100848471e+66,7.460662026550974e+66
1626728081438.0,-1.7034337249445436e+66,1.083731979051249e+67,7.72940267413303e+66
1626728082438.0,-1.2040476272192816e+67,3.557098735354405e+66,-2.0712852383290594e+67
1626728083438.0,2.0935690928074383e+66,1.870471639280872e+67,-1.0683369006838472e+67
1626728084438.0,4.318670683665388e+67,6.112751447013249e+66,5.78174939274765e+67
1626728085438.0,6.813748195660447e+66,5.769764068182406e+67,-3.697372338066579e+67
1626728086438.0,-3.4377444634028795e+66,8.706038070853255e+67,-2.3361618940858664e+68
1626728087438.0,-4.1240726793532487e+68,-5.838114165071846e+68,-5.246964781559943e+67
1626728088438.0,7.351307538888321e+68,-7.574116780382542e+68,-2.593696712039679e+68
1626728089438.0,5.035300936104033e+68,-4.234912998650632e+68,1.345879968642773e+68
1626728090438.0,8.633978040113475e+68,5.851804614327375e+68,6.752194604675045e+68
1626728091438.0,1.7643179402888275e+69,1.4132680563104117e+69,2.5184244568463125e+67
1626728092438.0,-5.440763834980867e+69,6.460373936519416e+69,-8.097563602184067e+69
1626728093438.0,-5.826299109862404e+69,-1.874739680763897e+70,1.811573970094719e+70
1626728094438.0,1.4498757774484454e+68,1.2119791796642112e+70,-2.537700224709682e+70
1626728095438.0,-3.786068895467844e+69,3.578044526776889e+69,-5.832145469796142e+69
1626728096438.0,-2.771527002655721e+70,-4.605363403004567e+70,2.862605517436992e+70
1626728097438.0,-1.2564607536111762e+71,-2.944229980871474e+69,-1.1440139811044918e+71
1626728098438.0,1.15246860759194e+71,1.421538348029007e+71,1.4602360671245593e+69
1626728099438.0,-4.608412056021295e+71,-3.2929903325648334e+71,4.023015010510046e+70
1626728100438.0,-9.707940961501851e+70,-4.488012934245796e+71,-1.73470697326655e+70
1626728101438.0,-2.009432641582377e+71,-1.4825246366791679e+72,-6.097844831732829e+71
1626728102438.0,1.964431921183012e+72,1.7480805437422767e+72,1.0026575654084751e+72
1626728103438.0,1.2313507378040184e+72,-3.4303545329776263e+72,-2.148581451330699e+72
1626728104438.0,9.053800532041245e+71,-9.949105130296213e+72,-2.5470146099091216e+72
1626728105438.0,1.2029348834484799e+73,1.1891084767819073e+73,1.6877133158274645e+73
1626728106438.0,-3.156319660965053e+70,7.575218072362232e+72,1.4018503300821654e+73
1626728107438.0,2.6515038779784566e+73,-2.5098994787119223e+73,-4.905625428284733e+72
1626728108438.0,3.16208332269614e+73,6.884708527266448e+73,-5.635131272039676e+73
1626728109438.0,3.077902901618329e+73,-1.4001154388212025e+74,1.5206692265430046e+74
1626728110438.0,-2.751905852978902e+74,2.36214954290948e+74,6.237812017991027e+73
1626728111438.0,-2.3781473655586654e+74,-1.8032882010585997e+74,-1.2437297414097562e+74
1626728112438.0,3.6299056482580043e+74,1.7157057704642587e+74,1.152037757147986e+74
1626728113438.0,2.4324676955534494e+74,-5.209600037827096e+73,1.2387132057902308e+75
1626728114438.0,8.40163043856365e+74,1.5615089577479303e+74,-1.8331671970217892e+75
1626728115438.0,-3.611830973719543e+75,-6.266430113507002e+74,-4.554669686292609e+75
1626728116438.0,-2.514866397079157e+74,2.6263168861873604e+75,-8.323239469203114e+75
1626728117438.0,-1.1754059846272972e+76,3.1507077611009236e+75,1.8241533119844028e+76
1626728118438.0,1.1889678026299646e+76,-1.1622452593806888e+76,-1.3072989938851423e+76
1626728119438.0,5.503012791587306e+76,-1.1727892352485045e+76,8.246727992854111e+75
1626728120438.0,1.4892339051990495e+76,5.6743639504742036e+76,-2.0048005815582494e+76
1626728121438.0,8.953454647107799e+76,-1.0850528086012384e+77,-8.545646540720039e+76
1626728122438.0,-7.973766436810524e+76,-1.4542763603710188e+77,-4.665008099697943e+76
1626728123438.0,-7.38666528894188e+76,3.663290954499597e+77,-6.992204474266255e+76
1626728124438.0,-4.580416788797267e+77,-1.5938126593555269e+77,-2.7279715978275384e+77
1626728125438.0,5.501208251587294e+77,-1.2779979899496757e+78,1.1298464369032359e+78
1626728126438.0,-2.4026637265627187e+78,1.3972129428107618e+78,3.0610076113579715e+78
1626728127438.0,-2.296590573260878e+78,3.571768408253526e+78,-9.397506610556012e+77
1626728128438.0,-4.838738361043575e+78,-9.350848049136343e+77,1.9352271966926625e+78
1626728129438.0,-7.414463988231859e+78,8.1227389813933e+78,1.1317683747016523e+79
1626728130438.0,1.4502155309817677e+79,-1.73116071056605e+79,-1.4857198674381267e+79
1626728131438.0,3.1423784232159385e+79,2.044177975870865e+78,6.471620566937556e+78
1626728132438.0,-2.0109628486994774e+79,7.969153409945098e+79,8.979697519844553e+79
1626728133438.0,-8.695744547156635e+79,1.2311769134195096e+80,1.096091800196795e+80
1626728134438.0,2.1726211026654568e+80,-1.1077612108301134e+80,5.643709513196078e+79
1626728135438.0,2.4971592908750567e+79,4.902762863314495e+80,-1.9656341120583932e+80
1626728136438.0,1.251195590015913e+80,1.84782692989166e+80,-9.611612914928649e+79
1626728137438.0,3.374904330801895e+80,-3.9192695384983685e+79,6.741201202619044e+80
1626728138438.0,-1.959676703574127e+81,-1.7609398315897574e+81,1.0357784306634949e+81
1626728139438.0,8.394800478688203e+80,-3.083135974960189e+80,6.388543387284202e+80
1626728140438.0,7.901917493955208e+81,-7.702854912156148e+81,2.9605401604485265e+81
1626728141438.0,1.0558337224820026e+82,-5.7160490364441636e+81,2.6501724159332085e+81
1626728142438.0,8.182509857074196e+80,-1.2592622935244826e+82,-1.1267960703091942e+82
1626728143438.0,-4.6979382227497215e+82,-2.7213716895727212e+82,1.4789305013042943e+82
1626728144438.0,-6.692900856183245e+82,-2.084565838373967e+82,3.662906718156099e+82
1626728145438.0,-1.1173259880843685e+83,1.4203716100843212e+83,1.4068246498252244e+83
1626728146438.0,8.184820181680201e+82,1.661937413076914e+83,-1.9409273009481765e+83
1626728147438.0,-2.7776266841712047e+83,-7.995782317650478e+83,-6.558884052999751e+82
1626728148438.0,-6.79097503070612e+82,1.8269287922230028e+83,1.489832511086292e+82
1626728149438.0,4.0973725192575394e+83,-2.259468976404032e+83,4.3151326599465704e+83
1626728150438.0,2.1552474616731587e+84,-2.5528968646794496e+84,4.7058715826898915e+83
1626728151438.0,-7.965631329954981e+83,3.368987824467028e+84,-4.343235174473505e+84
1626728152438.0,-6.21300122312303e+84,5.584937850198722e+84,7.164782827980511e+83
1626728153438.0,1.4046483805616549e+85,3.530100954492507e+84,-4.953703548509155e+84
1626728154438.0,4.285982450443977e+84,1.7168035724917832e+85,8.758410171827346e+84
1626728155438.0,1.7820778951216644e+85,-1.1768776998797994e+85,-3.885563321416342e+85
1626728156438.0,4.670192153817655e+85,-1.8058373109438322e+83,1.0769997986406328e+86
1626728157438.0,8.36276961701915e+84,1.1883589482492358e+86,-1.0990934005748399e+86
1626728158438.0,-6.362544314746222e+85,1.2999625451510888e+86,-1.1756338470623625e+86
1626728159438.0,-1.2928084856492636e+86,3.690500762491148e+86,-3.9719636206816746e+86
1626728160438.0,-2.8783692131066503e+86,4.441291012508561e+86,-1.709589173793319e+86
1626728161438.0,8.882433729527565e+86,3.6382797492011067e+86,-1.1599930601400614e+87
1626728162438.0,1.8011595698361698e+87,1.687204680182467e+87,-3.170125736629465e+87
1626728163438.0,2.94453625271119e+87,-1.7359588684331851e+87,-9.109610313081677e+86
1626728164438.0,7.257047089855533e+87,5.329321815485533e+87,-7.11389086971863e+86
1626728165438.0,4.927831998993981e+87,4.862142585525393e+87,1.738474003931227e+88
1626728166438.0,-1.4160685549885326e+88,-1.5689548492609082e+88,2.2255984692033185e+87
1626728167438.0,1.772327807331988e+87,-2.2150237768941742e+88,2.6932573764472614e+88
1626728168438.0,3.622977408354651e+88,4.522318706593783e+86,-3.867469666730553e+88
1626728169438.0,-5.966150326466912e+88,8.940504499657788e+88,2.2574418354421282e+89
1626728170438.0,-5.753637224749212e+88,2.422720467411163e+89,2.6925374729286654e+89
1626728171438.0,-1.2156484255957399e+89,-3.15438191374463e+89,1.608702746641571e+89
1626728172438.0,1.4188104630232087e+88,4.6816692543766385e+89,6.788304605617888e+89
1626728173438.0,2.774363498325442e+89,6.950502117107366e+89,-3.092453012942369e+89
1626728174438.0,-1.014290545984394e+90,-1.4570580165836507e+90,1.8767675798026095e+90
1626728175438.0,-1.0423107085803701e+90,-6.86394527800549e+89,1.0566532075561377e+90
1626728176438.0,-4.219730488228001e+90,1.6079761737804724e+90,-4.228519450790251e+90
1626728177438.0,9.891613975633178e+90,7.566245350278878e+90,-8.675097294876812e+90
1626728178438.0,-5.754884159517945e+89,4.336979156999142e+90,2.3531347762545562e+91
1626728179438.0,8.307034446389962e+89,-4.987339841037286e+90,3.5699736082708306e+91
1626728180438.0,3.0438851909831576e+91,-6.800398565418243e+91,-5.716342365808229e+91
1626728181438.0,-7.917341429245906e+91,4.370218837152841e+91,-1.2215715024915086e+92
1626728182438.0,4.5426557525625055e+91,8.037546859064621e+91,-1.0223599707042915e+92
1626728183438.0,-4.5499073624680413e+92,2.5849316664414023e+92,3.373882384321897e+92
1626728184438.0,-2.1911774207610212e+92,-6.73659450335053e+92,-2.176377556819918e+92
1626728185438.0,6.838996765783214e+92,-1.84303462035414e+91,-1.9319665600889611e+93
1626728186438.0,1.4488898106763615e+93,1.2104112817378705e+93,-1.6335338420408018e+93
1626728187438.0,3.4067717348621842e+93,1.0176390574044271e+93,-6.418256745460583e+93
1626728188438.0,3.883913521275899e+93,5.490672076819514e+92,3.1542655950747474e+92
1626728189438.0,-1.5435329567251116e+94,-7.733347211055804e+93,8.026338351354339e+93
1626728190438.0,-4.802087248853795e+93,-1.298769480116619e+94,9.71950100954004e+93
1626728191438.0,3.906515173878808e+94,-4.6636742966567645e+94,-1.6820301810123442e+93
1626728192438.0,5.896815901798767e+94,-3.8596235000166765e+94,-1.0008949448917085e+95
1626728193438.0,9.565763901456168e+93,-1.0817489099404052e+95,-3.2415419905432096e+94
1626728194438.0,2.9213561591450146e+95,4.691897645674689e+93,-6.749467113701689e+94
1626728195438.0,9.858405934074144e+94,4.021775284890881e+95,-3.4353782695178204e+95
1626728196438.0,6.839786414912857e+95,-2.211118673939158e+95,7.562378400514984e+95
1626728197438.0,5.852235414254631e+95,1.8944363446952272e+95,3.39328047828701e+95
1626728198438.0,1.3959267673375545e+96,-1.8584270690439486e+96,1.8309118314940003e+96
1626728199438.0,-4.795918567615538e+95,6.258112629956831e+96,2.419667147804983e+96
1626728200438.0,2.6183151381571756e+96,-2.667771603297242e+96,9.876344298433374e+95
1626728201438.0,3.964900817148354e+95,3.215366397505517e+95,2.6128821149041263e+96
1626728202438.0,-1.7531472202226726e+97,2.3345743274806035e+97,1.2331675416262821e+97
1626728203438.0,-1.6801526359171423e+97,1.4183572686872115e+97,6.95409491531291e+95
1626728204438.0,-3.82350929321764e+97,6.17707068839341e+96,-4.890950158108254e+97
1626728205438.0,-7.605670553874852e+97,-1.6416601677521622e+97,-1.2343992738836487e+98
1626728206438.0,-2.0983005571642833e+97,2.5429071064421362e+98,-1.398260429940296e+98
1626728207438.0,-1.028081733623831e+98,-2.2497610087235253e+97,1.92838440829913e+97
1626728208438.0,-1.393953661106129e+98,6.230112295497531e+98,-8.351267121383412e+98
1626728209438.0,-3.136592384171806e+98,-4.226621903567987e+98,6.973556560058485e+98
1626728210438.0,-2.5519489837862723e+97,2.2379348224648875e+99,-1.03981912081787e+99
1626728211438.0,6.850726331439135e+98,-2.924537724146649e+99,1.9654139166047069e+99
1626728212438.0,2.0266786891849372e+99,-5.3771289337274995e+99,2.6153325899759776e+99
1626728213438.0,-1.1509021366056143e+99,1.2979336747508733e+100,-7.609805493229737e+99
1626728214438.0,2.659597001516229e+100,-1.457144813937642e+100,9.10927521722952e+99
1626728215438.0,3.813432155337796e+100,4.889603604895254e+99,-5.374675571960426e+100
1626728216438.0,2.617109495229547e+100,6.567420427270212e+100,-8.5912918969942945e+99
1626728217438.0,-9.527458178594879e+100,1.0565539790421236e+101,-1.2288373117650842e+101
1626728218438.0,3.084081250851024e+100,-6.291720619262397e+100,1.468251566262013e+101
1626728219438.0,-1.5867336929238086e+101,-9.326648417453424e+100,-2.5974065944019836e+101
1626728220438.0,3.968115122046487e+101,1.038316107487702e+101,-2.985057456124696e+101
1626728221438.0,6.015594357645622e+101,1.386748601778163e+100,-7.661330851289673e+101
1626728222438.0,2.0880544110573032e+102,-3.0364741428580564e+101,-2.465096109716476e+102
1626728223438.0,-1.4419687689467708e+101,1.3832454948254221e+102,-1.554450318706083e+102
1626728224438.0,4.476577270583134e+102,-6.150192094566066e+102,1.0608524619573842e+102
1626728225438.0,1.8227170147263291e+102,9.160675706188174e+102,6.852110451981371e+102
1626728226438.0,-1.3499850724455648e+103,-7.465820366526109e+102,-1.0190017018958135e+103
1626728227438.0,-4.178051929949979e+103,-2.8118977750159465e+103,-8.252610414330944e+102
1626728228438.0,1.4502332891672143e+103,-8.318331767285554e+102,6.051445695286701e+103
1626728229438.0,-5.630482615001438e+103,-9.63093914309179e+103,8.071289858951782e+103
1626728230438.0,-8.336814323793675e+103,1.4215017622703138e+104,7.661214067864372e+102
1626728231438.0,2.9612409319402424e+104,-1.700507971530363e+104,-1.1473470038496407e+104
1626728232438.0,-5.706528713259326e+104,-2.521774359600546e+104,9.8247198488293e+104
1626728233438.0,1.0861638963473229e+105,-1.6264309552685708e+105,1.9188240512372637e+105
1626728234438.0,-8.685001337166728e+104,-5.639066490346133e+104,-1.0464676614838008e+105
1626728235438.0,-4.0256930421639883e+105,-4.1684686257300046e+105,8.72872330271439e+104
1626728236438.0,5.2217579995140903e+104,1.6635839273830055e+105,-2.203844274271624e+105
1626728237438.0,4.930845926489403e+105,-4.298305194090013e+105,3.68360549521304e+105
1626728238438.0,-1.7949615095143144e+106,-1.1844140154471914e+106,2.581580202572464e+106
1626728239438.0,6.200568340140214e+106,-6.285799791705386e+105,-2.6660525146930763e+106
1626728240438.0,-1.5725602619073066e+106,-1.954591431792025e+106,7.063266450057521e+106
1626728241438.0,-1.2608117686459725e+107,-2.610904751294185e+107,-7.357543756143444e+106
1626728242438.0,7.997688565010108e+106,9.957857353654051e+106,1.6708258040061135e+107
1626728243438.0,1.8156636037189534e+107,1.8642565887649495e+107,3.6131493563724e+107
1626728244438.0,2.3970704167915125e+107,8.415343349506324e+106,-1.3943726804945256e+107
1626728245438.0,-7.188775505856615e+107,1.837973659118835e+107,2.2720157892459293e+106
1626728246438.0,-9.462732518491797e+107,-1.3279831230300312e+108,1.7658023648825073e+108
1626728247438.0,-3.068129861596205e+108,-6.510246802056838e+107,-6.527618202349917e+107
1626728248438.0,-5.935723545466446e+107,-6.110961114901964e+108,-5.5043487597070874e+107
1626728249438.0,-9.134307825516402e+107,1.0618248391907115e+109,7.178164052136715e+108
1626728250438.0,-1.0540729149237497e+109,-1.4842153779168787e+109,1.8477080737463168e+109
1626728251438.0,-1.5040748737717806e+109,-3.5231361589522835e+109,2.351425913861526e+109
1626728252438.0,4.684149003064907e+109,-4.801250335890387e+109,-2.457940382607366e+109
1626728253438.0,-4.972642710704975e+108,-7.143484097046853e+109,-1.1364132300398176e+110
1626728254438.0,1.2521618571624257e+110,-1.2097089988007816e+109,1.582885493717307e+110
1626728255438.0,-1.8714985996369778e+110,-8.468790851842362e+109,-1.5305100163932826e+109
1626728256438.0,-5.72040069778449e+110,2.5427998011329166e+110,-5.6695375347098907e+110
1626728257438.0,-2.9148092371013963e+110,-3.4093179707757466e+110,1.8218855228206776e+111
1626728258438.0,-1.6009883076965466e+111,5.6404718921416604e+110,-1.9157790726356516e+111
1626728259438.0,1.8395007326032304e+111,-4.5573631487887257e+111,-1.7160970621202493e+111
1626728260438.0,5.290229927660418e+111,5.637226161254085e+111,2.4906621145717846e+111
1626728261438.0,-7.128109885149129e+111,-3.991880382968452e+111,1.156683554191104e+112
1626728262438.0,1.0637983822410481e+112,-9.293110351710597e+111,-5.007613926220885e+111
1626728263438.0,6.323637081080447e+112,-2.1959668552145327e+112,-5.2549085169738936e+112
1626728264438.0,-5.226551905670738e+112,-2.354944548758603e+111,1.114476116285872e+111
1626728265438.0,-1.2957756328010402e+113,5.977548317339826e+112,8.773575545877075e+112
1626728266438.0,4.627158810382596e+112,5.233024045154012e+112,-6.12387048503441e+111
1626728267438.0,-4.84563722900579e+113,8.5818324781656e+112,4.6960867167242556e+113
1626728268438.0,-2.9889687407516545e+113,-6.537470044921113e+113,3.542803111035155e+113
1626728269438.0,9.323391783953139e+113,3.407433949121987e+113,-1.296068260833433e+114
1626728270438.0,1.735470934069998e+114,1.80615743378643e+114,1.0075476780005825e+114
1626728271438.0,-1.8144727308473714e+112,1.487797559796136e+114,6.910642281623996e+114
1626728272438.0,-6.501301226846417e+114,-6.165485807905745e+114,8.615985485449754e+114
1626728273438.0,-6.819183987706121e+114,8.145309276750878e+113,-2.6123435632354404e+114
1626728274438.0,-2.0821901140215201e+114,-7.992030569489048e+114,1.7375472753309047e+115
1626728275438.0,-2.4614720297270156e+115,9.466107381053996e+114,1.164995600420623e+115
1626728276438.0,4.862088640999584e+115,2.905466543785118e+115,3.731904079483796e+115
1626728277438.0,1.7937677933947086e+116,-5.0032677246156e+115,9.9872244088386e+115
1626728278438.0,1.5289704618222948e+116,1.9905020250530675e+116,1.1447875720326975e+116
1626728279438.0,-2.487370823192877e+116,-4.2780500227533424e+114,9.332721432482803e+115
1626728280438.0,4.842596515468555e+116,5.355928200776979e+115,4.758313694922459e+116
1626728281438.0,-7.080607798629766e+116,6.0964883361222985e+116,-5.9996970527517055e+116
1626728282438.0,4.754371808531796e+116,-2.878140422550708e+117,-1.1718281039462651e+117
1626728283438.0,-5.608728633381766e+117,3.0601983947871146e+117,-3.658963011825838e+117
1626728284438.0,-2.957579114228364e+117,9.052237037000205e+117,-5.118502132662965e+116
1626728285438.0,-3.093438484029705e+117,3.121337954460857e+117,2.9301664296413964e+117
1626728286438.0,9.87734659433771e+117,2.964481841862057e+117,-4.819606857613966e+117
1626728287438.0,-1.9769056282471614e+118,2.487369736583689e+118,-1.8300848392595649e+118
1626728288438.0,-3.438841808474401e+118,-2.0963973556219386e+118,5.527414215176686e+118
1626728289438.0,-2.0754500205802983e+119,1.1181348422906653e+119,2.1034717793822253e+119
1626728290438.0,1.1448349984650564e+119,-1.3676654196881417e+119,-1.6051602195094728e+119
1626728291438.0,3.33487204275107e+119,-8.343876154532262e+118,3.2568255897579e+119
1626728292438.0,-3.699096005158623e+119,7.943909630397722e+119,5.487027016430302e+118
1626728293438.0,4.336261613628713e+119,-2.6692584067157955e+119,1.0639214527493825e+120
1626728294438.0,1.0109479759658231e+118,-1.1450859072359559e+120,1.0311781469295387e+120
1626728295438.0,2.421457658766989e+120,-6.896653388554221e+120,8.195796518737411e+119
1626728296438.0,3.436489420627554e+120,-1.5859097989019722e+119,3.1345539321325424e+120
1626728297438.0,-3.376014730578688e+120,6.602154887704671e+120,1.3076351185438475e+121
1626728298438.0,2.4936103262541986e+120,-1.8560877736378255e+121,1.2876660742026878e+121
1626728299438.0,4.904787385494228e+121,1.163026401013336e+121,-6.244647751630537e+120
1626728300438.0,1.134368221458556e+121,2.557104539803071e+121,1.5381557563932925e+120
1626728301438.0,-6.192641208959248e+121,2.3615794417367618e+121,1.128970888745348e+122
1626728302438.0,-1.784096358595965e+122,1.881246083587455e+121,1.9981366586814294e+122
1626728303438.0,-2.8452080997023235e+122,-2.781636803281763e+122,-4.100776320526352e+122
1626728304438.0,4.1814499749835885e+122,-3.59286149995579e+122,1.0971445968096927e+122
1626728305438.0,-1.261032273775574e+123,8.663149498697336e+122,1.4684140187345006e+123
1626728306438.0,8.475853168211684e+122,4.161727339500991e+122,1.7684749307099115e+123
1626728307438.0,-8.29488229944254e+122,2.4573765202910446e+123,-1.1898892596498471e+123
1626728308438.0,-4.9002628822241344e+123,6.792182824225566e+123,1.3353391938695583e+123
1626728309438.0,1.5019083048172094e+124,-2.990255937493731e+123,2.233083280393411e+123
1626728310438.0,4.915734989810654e+123,8.256840969450248e+123,-3.319140576231001e+123
1626728311438.0,-2.8033797977478863e+124,-2.496330602580159e+124,6.104597964319762e+124
1626728312438.0,-4.271745566462061e+124,2.7611047873512426e+124,3.255722357228349e+124
1626728313438.0,1.0898252821133667e+125,1.7637337099873878e+124,-2.2631700633207776e+125
1626728314438.0,-1.129691669767042e+125,1.1142727969224411e+125,-6.793396925611136e+124
1626728315438.0,-1.841546136962345e+125,-2.1208056217732264e+125,-1.303725841111683e+125
1626728316438.0,-7.873920587919231e+125,5.944364968345477e+125,-6.1685803992837494e+125
1626728317438.0,9.319692612574733e+125,7.990891790964113e+123,-1.0827224786823353e+126
1626728318438.0,3.5857099859704836e+125,-3.64945673153563e+125,7.640204183819669e+125
1626728319438.0,1.6903621108320095e+126,1.625716158787742e+126,4.519256560188509e+126
1626728320438.0,5.1862869951542855e+126,-5.004357700069851e+126,-2.1944026687351325e+126
1626728321438.0,1.5362568170896214e+126,1.8589780648520099e+127,6.355805504022593e+125
1626728322438.0,-1.980693503775042e+127,1.3375667072932208e+127,6.927824843425769e+126
1626728323438.0,-4.463911747710777e+127,-2.779592838605554e+127,-3.421180265707654e+127
1626728324438.0,6.743717124621935e+126,1.824478022245592e+127,-2.7655253556415777e+127
1626728325438.0,-1.1350948884892474e+127,2.2791306764689223e+127,-5.57902565531449e+127
1626728326438.0,-1.7942230499089467e+128,-4.864045443979443e+127,-7.907664101816827e+127
1626728327438.0,2.135031661064058e+128,-3.781021192872405e+128,2.4059058473531825e+127
1626728328438.0,-5.702689408811675e+128,2.3686448060977913e+128,2.1577847408009362e+127
1626728329438.0,1.520924200943348e+128,5.534834208626883e+127,7.847286861064108e+128
1626728330438.0,1.7223391076540045e+128,1.0283796543232572e+129,1.7993381792287466e+128
1626728331438.0,-1.2022417998540255e+129,8.403155786875328e+128,2.7803263981397476e+128
1626728332438.0,-2.03136551477795e+129,-5.1632588225441753e+129,2.65313655441259e+129
1626728333438.0,-3.710074562399878e+129,1.4392078783832092e+130,1.4894362490044487e+130
1626728334438.0,3.3148620689434943e+129,-1.1663505026970408e+130,-2.010090067317456e+130
1626728335438.0,1.1824123788558723e+130,-1.5539281960423533e+130,-3.795202384695204e+130
1626728336438.0,1.8558476407472545e+130,-1.5347129196254347e+130,3.9931612684706146e+130
1626728337438.0,4.1463933382520595e+130,2.833991917012341e+130,1.2605752829019562e+130
1626728338438.0,-1.907048455546434e+131,7.589710578838483e+130,2.122686487370278e+129
1626728339438.0,-1.0702809907382848e+131,7.110090031695248e+130,-9.52868509518277e+130
1626728340438.0,1.5455718671032211e+131,-2.953207869562598e+131,2.842102710550707e+131
1626728341438.0,2.443005083926621e+131,1.0452824858561181e+132,1.3860471932307518e+132
1626728342438.0,-2.220212453855868e+131,1.2027120885178546e+132,-8.042081583597941e+131
1626728343438.0,3.5888244606715217e+132,3.096289011094151e+132,3.1007152076511065e+131
1626728344438.0,3.776541518356462e+132,-7.541511246773433e+131,-9.10459197767599e+131
1626728345438.0,1.244886088379798e+133,5.589152624000322e+130,3.2468412810001024e+131
1626728346438.0,-3.3147593928980957e+133,9.326684512464402e+132,1.4711106074944304e+133
1626728347438.0,-7.557190078784418e+132,-4.846665462311772e+133,2.6104986600472605e+133
1626728348438.0,-1.2989393294841231e+132,-2.531417177538945e+133,-2.292660521066411e+133
1626728349438.0,1.8387691952626165e+133,-1.3733583728558033e+134,3.2153250975829946e+133
1626728350438.0,-2.2533791346227977e+134,-1.2365865328896496e+133,1.8238088124499983e+134
1626728351438.0,-2.7529243198636424e+134,1.648558237095531e+134,-5.0612730979531155e+134
1626728352438.0,-5.602267530536266e+134,-7.822123859964793e+134,-3.830514889072682e+134
1626728353438.0,1.5832434395480482e+134,1.1698910274563958e+135,4.501815028703417e+134
1626728354438.0,-1.5974913450619423e+135,1.8355101814447954e+135,2.7906152724096933e+134
1626728355438.0,-3.134744779473442e+135,-3.436901257937362e+135,-2.076598324269286e+135
1626728356438.0,-9.629068796008506e+135,4.557522408086859e+135,4.1471140035939946e+135
1626728357438.0,7.531104574417617e+135,-1.4755046383541123e+135,1.0779091475294094e+136
1626728358438.0,-2.1597965788204095e+136,1.1948394346675468e+136,-1.4686703382214725e+136
1626728359438.0,2.627330716708229e+136,-7.479548186384475e+136,-3.8644623977323735e+136
1626728360438.0,-4.7178607684381574e+135,-4.515443188649277e+136,3.423346159272698e+136
1626728361438.0,-1.4508437209112076e+137,-7.506138171555493e+136,-2.404933656482915e+136
1626728362438.0,-2.156881070036086e+137,9.210193147129671e+136,1.579510322788168e+137
1626728363438.0,-3.3371636420662868e+137,-2.084351606918408e+137,-2.4318168085301958e+137
1626728364438.0,-1.1899609514729807e+138,7.052680351231713e+137,7.993854263124624e+137
1626728365438.0,3.082326484454167e+137,9.274484610529311e+136,1.1290029057654106e+138
1626728366438.0,9.902428498575531e+137,1.811740450614373e+138,-2.5030121385185586e+138
1626728367438.0,5.640979473641478e+137,2.40390254638355e+138,-4.2010026796709537e+138
1626728368438.0,4.8570608969421415e+138,2.2726028707117432e+138,-4.3524231483639475e+138
1626728369438.0,9.800891465305025e+138,5.6845451428747146e+137,1.1692629583700969e+139
1626728370438.0,-8.901522848290759e+137,1.415329059671743e+139,-2.0237826690430687e+139
1626728371438.0,1.416744890529927e+139,-3.97106441535256e+138,6.428498160598403e+139
1626728372438.0,2.438747081185841e+139,-4.0418036564964575e+139,-6.815446591805404e+139
1626728373438.0,-5.399599275792121e+139,-7.009878144741304e+139,-4.924268231040661e+139
1626728374438.0,5.176633160450489e+139,7.187471902911754e+139,2.7655262316588804e+140
1626728375438.0,-3.1839177786821344e+140,2.3295970777419974e+140,2.0837030031105898e+140
1626728376438.0,6.837587904383148e+140,-1.0110795082538159e+141,-3.6353566640986802e+140
1626728377438.0,,,
1626728378438.0,,,
1626728379438.0,,,
1626728380438.0,,,
1626728381438.0,,,
1626728382438.0,,,
1626728383438.0,,,
1626728384438.0,,,
1626728385438.0,,,
1626728386438.0,,,
1626728387438.0,,,
1626728388438.0,,,
1626728389438.0,,,
1626728390438.0,,,
1626728391438.0,,,
1626728392438.0,,,
1626728393438.0,,,
1626728394438.0,,,
1626728395438.0,,,
1626728396438.0,,,
1626728397438.0,,,
1626728398438.0,,,
1626728399438.0,,,
1626728400438.0,,,
1626728401438.0,,,
1626728402438.0,,,
1626728403438.0,,,
1626728404438.0,,,
1626728405438.0,,,
1626728406438.0,,,
1626728407438.0,,,
1626728408438.0,,,
1626728409438.0,,,
1626728410438.0,,,
1626728411438.0,,,
1626728412438.0,,,
1626728413438.0,,,
1626728414438.0,,,
1626728415438.0,,,
1626728416438.0,,,
1626728417438.0,,,
1626728418438.0,,,
1626728419438.0,,,
1626728420438.0,,,
1626728421438.0,,,
1626728422438.0,,,
1626728423438.0,,,
1626728424438.0,,,
1626728425438.0,,,
1626728426438.0,,,
1626728427438.0,,,
1626728428438.0,,,
1626728429438.0,,,
1626728430438.0,,,
1626728431438.0,,,
1626728432438.0,,,
1626728433438.0,,,
1626728434438.0,,,
1626728435438.0,,,
1626728436438.0,,,
1626728437438.0,,,
1626728438438.0,,,
1626728439438.0,,,
1626728440438.0,,,
1626728441438.0,,,
1626728442438.0,,,
1626728443438.0,,,
1626728444438.0,,,
1626728445438.0,,,
1626728446438.0,,,
1626728447438.0,,,
1626728448438.0,,,
1626728449438.0,,,
1626728450438.0,,,
1626728451438.0,,,
1626728452438.0,,,
1626728453438.0,,,
1626728454438.0,,,
1626728455438.0,,,
1626728456438.0,,,
1626728457438.0,,,
1626728458438.0,,,
1626728459438.0,,,
1626728460438.0,,,
1626728461438.0,,,
1626728462438.0,,,
1626728463438.0,,,
1626728464438.0,,,
1626728465438.0,,,
1626728466438.0,,,
1626728467438.0,,,
1626728468438.0,,,
1626728469438.0,,,
1626728470438.0,,,
1626728471438.0,,,
1626728472438.0,,,
1626728473438.0,,,
1626728474438.0,,,
1626728475438.0,,,
1626728476438.0,,,
1626728477438.0,,,
1626728478438.0,,,
1626728479438.0,,,
1626728480438.0,,,
1626728481438.0,,,
1626728482438.0,,,
1626728483438.0,,,
1626728484438.0,,,
1626728485438.0,,,
1626728486438.0,,,
1626728487438.0,,,
1626728488438.0,,,
1626728489438.0,,,
1626728490438.0,,,
1626728491438.0,,,
1626728492438.0,,,
1626728493438.0,,,
1626728494438.0,,,
1626728495438.0,,,
1626728496438.0,,,
1626728497438.0,,,
1626728498438.0,,,
1626728499438.0,,,
1626728500438.0,,,
1626728501438.0,,,
1626728502438.0,,,
1626728503438.0,,,
1626728504438.0,,,
1626728505438.0,,,
1626728506438.0,,,
1626728507438.0,,,
1626728508438.0,,,
1626728509438.0,,,
1626728510438.0,,,
1626728511438.0,,,
1626728512438.0,,,
1626728513438.0,,,
1626728514438.0,,,
1626728515438.0,,,
1626728516438.0,,,
1626728517438.0,,,
1626728518438.0,,,
1626728519438.0,,,
1626728520438.0,,,
1626728521438.0,,,
1626728522438.0,,,
1626728523438.0,,,
1626728524438.0,,,
1626728525438.0,,,
1626728526438.0,,,
1626728527438.0,,,
1626728528438.0,,,
1626728529438.0,,,
1626728530438.0,,,
1626728531438.0,,,
1626728532438.0,,,
1626728533438.0,,,
1626728534438.0,,,
1626728535438.0,,,
1626728536438.0,,,
1626728537438.0,,,
1626728538438.0,,,
1626728539438.0,,,
1626728540438.0,,,
1626728541438.0,,,
1626728542438.0,,,
1626728543438.0,,,
1626728544438.0,,,
1626728545438.0,,,
1626728546438.0,,,
1626728547438.0,,,
1626728548438.0,,,
1626728549438.0,,,
1626728550438.0,,,
1626728551438.0,,,
1626728552438.0,,,
1626728553438.0,,,
1626728554438.0,,,
1626728555438.0,,,
1626728556438.0,,,
1626728557438.0,,,
1626728558438.0,,,
1626728559438.0,,,
1626728560438.0,,,
1626728561438.0,,,
1626728562438.0,,,
1626728563438.0,,,
1626728564438.0,,,
1626728565438.0,,,
1626728566438.0,,,
1626728567438.0,,,
1626728568438.0,,,
1626728569438.0,,,
1626728570438.0,,,
1626728571438.0,,,
1626728572438.0,,,
1626728573438.0,,,
1626728574438.0,,,
1626728575438.0,,,
1626728576438.0,,,
1626728577438.0,,,
1626728578438.0,,,
1626728579438.0,,,
1626728580438.0,,,
1626728581438.0,,,
1626728582438.0,,,
1626728583438.0,,,
1626728584438.0,,,
1626728585438.0,,,
1626728586438.0,,,
1626728587438.0,,,
1626728588438.0,,,
1626728589438.0,,,
1626728590438.0,,,
1626728591438.0,,,
1626728592438.0,,,
1626728593438.0,,,
1626728594438.0,,,
1626728595438.0,,,
1626728596438.0,,,
1626728597438.0,,,
1626728598438.0,,,
1626728599438.0,,,
1626728600438.0,,,
1626728601438.0,,,
1626728602438.0,,,
1626728603438.0,,,
1626728604438.0,,,
1626728605438.0,,,
1626728606438.0,,,
1626728607438.0,,,
1626728608438.0,,,
1626728609438.0,,,
1626728610438.0,,,
1626728611438.0,,,
1626728612438.0,,,
1626728613438.0,,,
1626728614438.0,,,
1626728615438.0,,,
1626728616438.0,,,
1626728617438.0,,,
1626728618438.0,,,
1626728619438.0,,,
1626728620438.0,,,
1626728621438.0,,,
1626728622438.0,,,
1626728623438.0,,,
1626728624438.0,,,
1626728625438.0,,,
1626728626438.0,,,
1626728627438.0,,,
1626728628438.0,,,
1626728629438.0,,,
1626728630438.0,,,
1626728631438.0,,,
1626728632438.0,,,
1626728633438.0,,,
1626728634438.0,,,
1626728635438.0,,,
1626728636438.0,,,
1626728637438.0,,,
1626728638438.0,,,
1626728639438.0,,,
1626728640438.0,,,
1626728641438.0,,,
1626728642438.0,,,
1626728643438.0,,,
1626728644438.0,,,
1626728645438.0,,,
1626728646438.0,,,
1626728647438.0,,,
1626728648438.0,,,
1626728649438.0,,,
1626728650438.0,,,
1626728651438.0,,,
1626728652438.0,,,
1626728653438.0,,,
1626728654438.0,,,
1626728655438.0,,,
1626728656438.0,,,
1626728657438.0,,,
1626728658438.0,,,
1626728659438.0,,,
1626728660438.0,,,
1626728661438.0,,,
1626728662438.0,,,
1626728663438.0,,,
1626728664438.0,,,
1626728665438.0,,,
1626728666438.0,,,
1626728667438.0,,,
1626728668438.0,,,
1626728669438.0,,,
1626728670438.0,,,
1626728671438.0,,,
1626728672438.0,,,
1626728673438.0,,,
1626728674438.0,,,
1626728675438.0,,,
1626728676438.0,,,
1626728677438.0,,,
1626728678438.0,,,
1626728679438.0,,,
1626728680438.0,,,
1626728681438.0,,,
1626728682438.0,,,
1626728683438.0,,,
1626728684438.0,,,
1626728685438.0,,,
1626728686438.0,,,
1626728687438.0,,,
1626728688438.0,,,
1626728689438.0,,,
1626728690438.0,,,
1626728691438.0,,,
1626728692438.0,,,
1626728693438.0,,,
1626728694438.0,,,
1626728695438.0,,,
1626728696438.0,,,
1626728697438.0,,,
1626728698438.0,,,
1626728699438.0,,,
1626728700438.0,,,
1626728701438.0,,,
1626728702438.0,,,
1626728703438.0,,,
1626728704438.0,,,
1626728705438.0,,,
1626728706438.0,,,
1626728707438.0,,,
1626728708438.0,,,
1626728709438.0,,,
1626728710438.0,,,
1626728711438.0,,,
1626728712438.0,,,
1626728713438.0,,,
1626728714438.0,,,
1626728715438.0,,,
1626728716438.0,,,
1626728717438.0,,,
1626728718438.0,,,
1626728719438.0,,,
1626728720438.0,,,
1626728721438.0,,,
1626728722438.0,,,
1626728723438.0,,,
1626728724438.0,,,
1626728725438.0,,,
1626728726438.0,,,
1626728727438.0,,,
1626728728438.0,,,
1626728729438.0,,,
1626728730438.0,,,
1626728731438.0,,,
1626728732438.0,,,
1626728733438.0,,,
1626728734438.0,,,
1626728735438.0,,,
1626728736438.0,,,
1626728737438.0,,,
1626728738438.0,,,
1626728739438.0,,,
1626728740438.0,,,
1626728741438.0,,,
1626728742438.0,,,
1626728743438.0,,,
1626728744438.0,,,
1626728745438.0,,,
1626728746438.0,,,
1626728747438.0,,,
1626728748438.0,,,
1626728749438.0,,,
1626728750438.0,,,
1626728751438.0,,,
1626728752438.0,,,
1626728753438.0,,,
1626728754438.0,,,
1626728755438.0,,,
1626728756438.0,,,
1626728757438.0,,,
1626728758438.0,,,
1626728759438.0,,,
1626728760438.0,,,
1626728761438.0,,,
1626728762438.0,,,
1626728763438.0,,,
1626728764438.0,,,
1626728765438.0,,,
1626728766438.0,,,
1626728767438.0,,,
1626728768438.0,,,
1626728769438.0,,,
1626728770438.0,,,
1626728771438.0,,,
1626728772438.0,,,
1626728773438.0,,,
1626728774438.0,,,
1626728775438.0,,,
1626728776438.0,,,
1626728777438.0,,,
1626728778438.0,,,
1626728779438.0,,,
1626728780438.0,,,
1626728781438.0,,,
1626728782438.0,,,
1626728783438.0,,,
1626728784438.0,,,
1626728785438.0,,,
1626728786438.0,,,
1626728787438.0,,,
1626728788438.0,,,
1626728789438.0,,,
1626728790438.0,,,
1626728791438.0,,,
1626728792438.0,,,
1626728793438.0,,,
1626728794438.0,,,
1626728795438.0,,,
1626728796438.0,,,
1626728797438.0,,,
1626728798438.0,,,
1626728799438.0,,,
1626728800438.0,,,
1626728801438.0,,,
1626728802438.0,,,
1626728803438.0,,,
1626728804438.0,,,
1626728805438.0,,,
1626728806438.0,,,
1626728807438.0,,,
1626728808438.0,,,
1626728809438.0,,,
1626728810438.0,,,
1626728811438.0,,,
1626728812438.0,,,
1626728813438.0,,,
1626728814438.0,,,
1626728815438.0,,,
1626728816438.0,,,
1626728817438.0,,,
1626728818438.0,,,
1626728819438.0,,,
1626728820438.0,,,
1626728821438.0,,,
1626728822438.0,,,
1626728823438.0,,,
1626728824438.0,,,
1626728825438.0,,,
1626728826438.0,,,
1626728827438.0,,,
1626728828438.0,,,
1626728829438.0,,,
1626728830438.0,,,
1626728831438.0,,,
1626728832438.0,,,
1626728833438.0,,,
1626728834438.0,,,
1626728835438.0,,,
1626728836438.0,,,
1626728837438.0,,,
1626728838438.0,,,
1626728839438.0,,,
1626728840438.0,,,
1626728841438.0,,,
1626728842438.0,,,
1626728843438.0,,,
1626728844438.0,,,
1626728845438.0,,,
1626728846438.0,,,
1626728847438.0,,,
1626728848438.0,,,
1626728849438.0,,,
1626728850438.0,,,
1626728851438.0,,,
1626728852438.0,,,
1626728853438.0,,,
1626728854438.0,,,
1626728855438.0,,,
1626728856438.0,,,
1626728857438.0,,,
1626728858438.0,,,
1626728859438.0,,,
1626728860438.0,,,
1626728861438.0,,,
1626728862438.0,,,
1626728863438.0,,,
1626728864438.0,,,
1626728865438.0,,,
1626728866438.0,,,
1626728867438.0,,,
1626728868438.0,,,
1626728869438.0,,,
1626728870438.0,,,
1626728871438.0,,,
1626728872438.0,,,
1626728873438.0,,,
1626728874438.0,,,
1626728875438.0,,,
1626728876438.0,,,
1626728877438.0,,,
1626728878438.0,,,
1626728879438.0,,,
1626728880438.0,,,
1626728881438.0,,,
1626728882438.0,,,
1626728883438.0,,,
1626728884438.0,,,
1626728885438.0,,,
1626728886438.0,,,
1626728887438.0,,,
1626728888438.0,,,
1626728889438.0,,,
1626728890438.0,,,
1626728891438.0,,,
1626728892438.0,,,
1626728893438.0,,,
1626728894438.0,,,
1626728895438.0,,,
1626728896438.0,,,
1626728897438.0,,,
1626728898438.0,,,
1626728899438.0,,,
1626728900438.0,,,
1626728901438.0,,,
1626728902438.0,,,
1626728903438.0,,,
1626728904438.0,,,
1626728905438.0,,,
1626728906438.0,,,
1626728907438.0,,,
1626728908438.0,,,
1626728909438.0,,,
1626728910438.0,,,
1626728911438.0,,,
1626728912438.0,,,
1626728913438.0,,,
1626728914438.0,,,
1626728915438.0,,,
1626728916438.0,,,
1626728917438.0,,,
1626728918438.0,,,
1626728919438.0,,,
1626728920438.0,,,
1626728921438.0,,,
1626728922438.0,,,
1626728923438.0,,,
1626728924438.0,,,
1626728925438.0,,,
1626728926438.0,,,
1626728927438.0,,,
1626728928438.0,,,
1626728929438.0,,,
1626728930438.0,,,
1626728931438.0,,,
1626728932438.0,,,
1626728933438.0,,,
1626728934438.0,,,
1626728935438.0,,,
1626728936438.0,,,
1626728937438.0,,,
1626728938438.0,,,
1626728939438.0,,,
1626728940438.0,,,
1626728941438.0,,,
1626728942438.0,,,
1626728943438.0,,,
1626728944438.0,,,
1626728945438.0,,,
1626728946438.0,,,
1626728947438.0,,,
1626728948438.0,,,
1626728949438.0,,,
1626728950438.0,,,
1626728951438.0,,,
1626728952438.0,,,
1626728953438.0,,,
1626728954438.0,,,
1626728955438.0,,,
1626728956438.0,,,
1626728957438.0,,,
1626728958438.0,,,
1626728959438.0,,,
1626728960438.0,,,
1626728961438.0,,,
1626728962438.0,,,
1626728963438.0,,,
1626728964438.0,,,
1626728965438.0,,,
1626728966438.0,,,
1626728967438.0,,,
1626728968438.0,,,
1626728969438.0,,,
1626728970438.0,,,
1626728971438.0,,,
1626728972438.0,,,
1626728973438.0,,,
1626728974438.0,,,
1626728975438.0,,,
1626728976438.0,,,
1626728977438.0,,,
1626728978438.0,,,
1626728979438.0,,,
1626728980438.0,,,
1626728981438.0,,,
1626728982438.0,,,
1626728983438.0,,,
1626728984438.0,,,
1626728985438.0,,,
1626728986438.0,,,
1626728987438.0,,,
1626728988438.0,,,
1626728989438.0,,,
1626728990438.0,,,
1626728991438.0,,,
1626728992438.0,,,
1626728993438.0,,,
1626728994438.0,,,
1626728995438.0,,,
1626728996438.0,,,
1626728997438.0,,,
1626728998438.0,,,
1626728999438.0,,,
1626729000438.0,,,
1626729001438.0,,,
1626729002438.0,,,
1626729003438.0,,,
1626729004438.0,,,
1626729005438.0,,,
1626729006438.0,,,
1626729007438.0,,,
1626729008438.0,,,
1626729009438.0,,,
1626729010438.0,,,
1626729011438.0,,,
1626729012438.0,,,
1626729013438.0,,,
1626729014438.0,,,
1626729015438.0,,,
1626729016438.0,,,
1626729017438.0,,,
1626729018438.0,,,
1626729019438.0,,,
1626729020438.0,,,
1626729021438.0,,,
1626729022438.0,,,
1626729023438.0,,,
1626729024438.0,,,
1626729025438.0,,,
1626729026438.0,,,
1626729027438.0,,,
1626729028438.0,,,
1626729029438.0,,,
1626729030438.0,,,
1626729031438.0,,,
1626729032438.0,,,
1626729033438.0,,,
1626729034438.0,,,
1626729035438.0,,,
1626729036438.0,,,
1626729037438.0,,,
1626729038438.0,,,
1626729039438.0,,,
1626729040438.0,,,
1626729041438.0,,,
1626729042438.0,,,
1626729043438.0,,,
1626729044438.0,,,
1626729045438.0,,,
1626729046438.0,,,
1626729047438.0,,,
1626729048438.0,,,
1626729049438.0,,,
1626729050438.0,,,
1626729051438.0,,,
1626729052438.0,,,
1626729053438.0,,,
1626729054438.0,,,
1626729055438.0,,,
1626729056438.0,,,
1626729057438.0,,,
1626729058438.0,,,
1626729059438.0,,,
1626729060438.0,,,
1626729061438.0,,,
1626729062438.0,,,
1626729063438.0,,,
1626729064438.0,,,
1626729065438.0,,,
1626729066438.0,,,
1626729067438.0,,,
1626729068438.0,,,
1626729069438.0,,,
1626729070438.0,,,
1626729071438.0,,,
1626729072438.0,,,
1626729073438.0,,,
1626729074438.0,,,
1626729075438.0,,,
1626729076438.0,,,
1626729077438.0,,,
1626729078438.0,,,
1626729079438.0,,,
1626729080438.0,,,
1626729081438.0,,,
1626729082438.0,,,
1626729083438.0,,,
1626729084438.0,,,
1626729085438.0,,,
1626729086438.0,,,
1626729087438.0,,,
1626729088438.0,,,
1626729089438.0,,,
1626729090438.0,,,
1626729091438.0,,,
1626729092438.0,,,
1626729093438.0,,,
1626729094438.0,,,
1626729095438.0,,,
1626729096438.0,,,
1626729097438.0,,,
1626729098438.0,,,
1626729099438.0,,,
1626729100438.0,,,
1626729101438.0,,,
1626729102438.0,,,
1626729103438.0,,,
1626729104438.0,,,
1626729105438.0,,,
1626729106438.0,,,
1626729107438.0,,,
1626729108438.0,,,
1626729109438.0,,,
1626729110438.0,,,
1626729111438.0,,,
1626729112438.0,,,
1626729113438.0,,,
1626729114438.0,,,
1626729115438.0,,,
1626729116438.0,,,
1626729117438.0,,,
1626729118438.0,,,
1626729119438.0,,,
1626729120438.0,,,
1626729121438.0,,,
1626729122438.0,,,
1626729123438.0,,,
1626729124438.0,,,
1626729125438.0,,,
1626729126438.0,,,
1626729127438.0,,,
1626729128438.0,,,
1626729129438.0,,,
1626729130438.0,,,
1626729131438.0,,,
1626729132438.0,,,
1626729133438.0,,,
1626729134438.0,,,
1626729135438.0,,,
1626729136438.0,,,
1626729137438.0,,,
1626729138438.0,,,
1626729139438.0,,,
1626729140438.0,,,
1626729141438.0,,,
1626729142438.0,,,
1626729143438.0,,,
1626729144438.0,,,
1626729145438.0,,,
1626729146438.0,,,
1626729147438.0,,,
1626729148438.0,,,
1626729149438.0,,,
1626729150438.0,,,
1626729151438.0,,,
1626729152438.0,,,
1626729153438.0,,,
1626729154438.0,,,
1626729155438.0,,,
1626729156438.0,,,
1626729157438.0,,,
1626729158438.0,,,
1626729159438.0,,,
1626729160438.0,,,
1626729161438.0,,,
1626729162438.0,,,
1626729163438.0,,,
1626729164438.0,,,
1626729165438.0,,,
1626729166438.0,,,
1626729167438.0,,,
1626729168438.0,,,
1626729169438.0,,,
1626729170438.0,,,
1626729171438.0,,,
1626729172438.0,,,
1626729173438.0,,,
1626729174438.0,,,
1626729175438.0,,,
1626729176438.0,,,
1626729177438.0,,,
1626729178438.0,,,
1626729179438.0,,,
1626729180438.0,,,
1626729181438.0,,,
1626729182438.0,,,
1626729183438.0,,,
1626729184438.0,,,
1626729185438.0,,,
1626729186438.0,,,
1626729187438.0,,,
1626729188438.0,,,
1626729189438.0,,,
1626729190438.0,,,
1626729191438.0,,,
1626729192438.0,,,
1626729193438.0,,,
1626729194438.0,,,
1626729195438.0,,,
1626729196438.0,,,
1626729197438.0,,,
1626729198438.0,,,
1626729199438.0,,,
1626729200438.0,,,
1626729201438.0,,,
1626729202438.0,,,
1626729203438.0,,,
1626729204438.0,,,
1626729205438.0,,,
1626729206438.0,,,
1626729207438.0,,,
1626729208438.0,,,
1626729209438.0,,,
1626729210438.0,,,
1626729211438.0,,,
1626729212438.0,,,
1626729213438.0,,,
1626729214438.0,,,
1626729215438.0,,,
1626729216438.0,,,
1626729217438.0,,,
1626729218438.0,,,
1626729219438.0,,,
1626729220438.0,,,
1626729221438.0,,,
1626729222438.0,,,
1626729223438.0,,,
1626729224438.0,,,
1626729225438.0,,,
1626729226438.0,,,
1626729227438.0,,,
1626729228438.0,,,
1626729229438.0,,,
1626729230438.0,,,
1626729231438.0,,,
1626729232438.0,,,
1626729233438.0,,,
1626729234438.0,,,
1626729235438.0,,,
1626729236438.0,,,
1626729237438.0,,,
1626729238438.0,,,
1626729239438.0,,,
1626729240438.0,,,
1626729241438.0,,,
1626729242438.0,,,
1626729243438.0,,,
1626729244438.0,,,
1626729245438.0,,,
1626729246438.0,,,
1626729247438.0,,,
1626729248438.0,,,
1626729249438.0,,,
1626729250438.0,,,
1626729251438.0,,,
1626729252438.0,,,
1626729253438.0,,,
1626729254438.0,,,
1626729255438.0,,,
1626729256438.0,,,
1626729257438.0,,,
1626729258438.0,,,
1626729259438.0,,,
1626729260438.0,,,
1626729261438.0,,,
1626729262438.0,,,
1626729263438.0,,,
1626729264438.0,,,
1626729265438.0,,,
1626729266438.0,,,
1626729267438.0,,,
1626729268438.0,,,
1626729269438.0,,,
1626729270438.0,,,
1626729271438.0,,,
1626729272438.0,,,
1626729273438.0,,,
1626729274438.0,,,
1626729275438.0,,,
1626729276438.0,,,
1626729277438.0,,,
1626729278438.0,,,
1626729279438.0,,,
1626729280438.0,,,
1626729281438.0,,,
1626729282438.0,,,
1626729283438.0,,,
1626729284438.0,,,
1626729285438.0,,,
1626729286438.0,,,
1626729287438.0,,,
1626729288438.0,,,
1626729289438.0,,,
1626729290438.0,,,
1626729291438.0,,,
1626729292438.0,,,
1626729293438.0,,,
1626729294438.0,,,
1626729295438.0,,,
1626729296438.0,,,
1626729297438.0,,,
1626729298438.0,,,
1626729299438.0,,,
1626729300438.0,,,
1626729301438.0,,,
1626729302438.0,,,
1626729303438.0,,,
1626729304438.0,,,
1626729305438.0,,,
1626729306438.0,,,
1626729307438.0,,,
1626729308438.0,,,
1626729309438.0,,,
1626729310438.0,,,
1626729311438.0,,,
1626729312438.0,,,
1626729313438.0,,,
1626729314438.0,,,
1626729315438.0,,,
1626729316438.0,,,
1626729317438.0,,,
1626729318438.0,,,
1626729319438.0,,,
1626729320438.0,,,
1626729321438.0,,,
1626729322438.0,,,
1626729323438.0,,,
1626729324438.0,,,
1626729325438.0,,,
1626729326438.0,,,
1626729327438.0,,,
1626729328438.0,,,
1626729329438.0,,,
1626729330438.0,,,
1626729331438.0,,,
1626729332438.0,,,
1626729333438.0,,,
1626729334438.0,,,
1626729335438.0,,,
1626729336438.0,,,
1626729337438.0,,,
1626729338438.0,,,
1626729339438.0,,,
1626729340438.0,,,
1626729341438.0,,,
1626729342438.0,,,
1626729343438.0,,,
1626729344438.0,,,
1626729345438.0,,,
1626729346438.0,,,
1626729347438.0,,,
1626729348438.0,,,
1626729349438.0,,,
1626729350438.0,,,
1626729351438.0,,,
1626729352438.0,,,
1626729353438.0,,,
1626729354438.0,,,
1626729355438.0,,,
1626729356438.0,,,
1626729357438.0,,,
1626729358438.0,,,
1626729359438.0,,,
1626729360438.0,,,
1626729361438.0,,,
1626729362438.0,,,
1626729363438.0,,,
1626729364438.0,,,
1626729365438.0,,,
1626729366438.0,,,
1626729367438.0,,,
1626729368438.0,,,
1626729369438.0,,,
1626729370438.0,,,
1626729371438.0,,,
1626729372438.0,,,
1626729373438.0,,,
1626729374438.0,,,
1626729375438.0,,,
1626729376438.0,,,
1626729377438.0,,,
1626729378438.0,,,
1626729379438.0,,,
1626729380438.0,,,
1626729381438.0,,,
1626729382438.0,,,
1626729383438.0,,,
1626729384438.0,,,
1626729385438.0,,,
1626729386438.0,,,
1626729387438.0,,,
1626729388438.0,,,
1626729389438.0,,,
1626729390438.0,,,
1626729391438.0,,,
1626729392438.0,,,
1626729393438.0,,,
1626729394438.0,,,
1626729395438.0,,,
1626729396438.0,,,
1626729397438.0,,,
1626729398438.0,,,
1626729399438.0,,,
1626729400438.0,,,
1626729401438.0,,,
1626729402438.0,,,
1626729403438.0,,,
1626729404438.0,,,
1626729405438.0,,,
1626729406438.0,,,
1626729407438.0,,,
1626729408438.0,,,
1626729409438.0,,,
1626729410438.0,,,
1626729411438.0,,,
1626729412438.0,,,
1626729413438.0,,,
1626729414438.0,,,
1626729415438.0,,,
1626729416438.0,,,
1626729417438.0,,,
1626729418438.0,,,
1626729419438.0,,,
1626729420438.0,,,
1626729421438.0,,,
1626729422438.0,,,
1626729423438.0,,,
1626729424438.0,,,
1626729425438.0,,,
1626729426438.0,,,
1626729427438.0,,,
1626729428438.0,,,
1626729429438.0,,,
1626729430438.0,,,
1626729431438.0,,,
1626729432438.0,,,
1626729433438.0,,,
1626729434438.0,,,
1626729435438.0,,,
1626729436438.0,,,
1626729437438.0,,,
1626729438438.0,,,
1626729439438.0,,,
1626729440438.0,,,
1626729441438.0,,,
1626729442438.0,,,
1626729443438.0,,,
1626729444438.0,,,
1626729445438.0,,,
1626729446438.0,,,
1626729447438.0,,,
1626729448438.0,,,
1626729449438.0,,,
1626729450438.0,,,
1626729451438.0,,,
1626729452438.0,,,
1626729453438.0,,,
1626729454438.0,,,
1626729455438.0,,,
1626729456438.0,,,
1626729457438.0,,,
1626729458438.0,,,
1626729459438.0,,,
1626729460438.0,,,
1626729461438.0,,,
1626729462438.0,,,
1626729463438.0,,,
1626729464438.0,,,
1626729465438.0,,,
1626729466438.0,,,
1626729467438.0,,,
1626729468438.0,,,
1626729469438.0,,,
1626729470438.0,,,
1626729471438.0,,,
1626729472438.0,,,
1626729473438.0,,,
1626729474438.0,,,
1626729475438.0,,,
1626729476438.0,,,
1626729477438.0,,,
1626729478438.0,,,
1626729479438.0,,,
1626729480438.0,,,
1626729481438.0,,,
1626729482438.0,,,
1626729483438.0,,,
1626729484438.0,,,
1626729485438.0,,,
1626729486438.0,,,
1626729487438.0,,,
1626729488438.0,,,
1626729489438.0,,,
1626729490438.0,,,
1626729491438.0,,,
1626729492438.0,,,
1626729493438.0,,,
1626729494438.0,,,
1626729495438.0,,,
1626729496438.0,,,
1626729497438.0,,,
1626729498438.0,,,
1626729499438.0,,,
1626729500438.0,,,
1626729501438.0,,,
1626729502438.0,,,
1626729503438.0,,,
1626729504438.0,,,
1626729505438.0,,,
1626729506438.0,,,
1626729507438.0,,,
1626729508438.0,,,
1626729509438.0,,,
1626729510438.0,,,
1626729511438.0,,,
1626729512438.0,,,
1626729513438.0,,,
1626729514438.0,,,
1626729515438.0,,,
1626729516438.0,,,
1626729517438.0,,,
1626729518438.0,,,
1626729519438.0,,,
1626729520438.0,,,
1626729521438.0,,,
1626729522438.0,,,
1626729523438.0,,,
1626729524438.0,,,
1626729525438.0,,,
1626729526438.0,,,
1626729527438.0,,,
1626729528438.0,,,
1626729529438.0,,,
1626729530438.0,,,
1626729531438.0,,,
1626729532438.0,,,
1626729533438.0,,,
1626729534438.0,,,
1626729535438.0,,,
1626729536438.0,,,
1626729537438.0,,,
1626729538438.0,,,
1626729539438.0,,,
1626729540438.0,,,
1626729541438.0,,,
1626729542438.0,,,
1626729543438.0,,,
1626729544438.0,,,
1626729545438.0,,,
1626729546438.0,,,
1626729547438.0,,,
1626729548438.0,,,
1626729549438.0,,,
1626729550438.0,,,
1626729551438.0,,,
1626729552438.0,,,
1626729553438.0,,,
1626729554438.0,,,
1626729555438.0,,,
1626729556438.0,,,
1626729557438.0,,,
1626729558438.0,,,
1626729559438.0,,,
1626729560438.0,,,
1626729561438.0,,,
1626729562438.0,,,
1626729563438.0,,,
1626729564438.0,,,
1626729565438.0,,,
1626729566438.0,,,
1626729567438.0,,,
1626729568438.0,,,
1626729569438.0,,,
1626729570438.0,,,
1626729571438.0,,,
1626729572438.0,,,
1626729573438.0,,,
1626729574438.0,,,
1626729575438.0,,,
1626729576438.0,,,
1626729577438.0,,,
1626729578438.0,,,
1626729579438.0,,,
1626729580438.0,,,
1626729581438.0,,,
1626729582438.0,,,
1626729583438.0,,,
1626729584438.0,,,
1626729585438.0,,,
1626729586438.0,,,
1626729587438.0,,,
1626729588438.0,,,
1626729589438.0,,,
1626729590438.0,,,
1626729591438.0,,,
1626729592438.0,,,
1626729593438.0,,,
1626729594438.0,,,
1626729595438.0,,,
1626729596438.0,,,
1626729597438.0,,,
1626729598438.0,,,
1626729599438.0,,,
1626729600438.0,,,
1626729601438.0,,,
1626729602438.0,,,
1626729603438.0,,,
1626729604438.0,,,
1626729605438.0,,,
1626729606438.0,,,
1626729607438.0,,,
1626729608438.0,,,
1626729609438.0,,,
1626729610438.0,,,
1626729611438.0,,,
1626729612438.0,,,
1626729613438.0,,,
1626729614438.0,,,
1626729615438.0,,,
1626729616438.0,,,
1626729617438.0,,,
1626729618438.0,,,
1626729619438.0,,,
1626729620438.0,,,
1626729621438.0,,,
1626729622438.0,,,
1626729623438.0,,,
1626729624438.0,,,
1626729625438.0,,,
1626729626438.0,,,
1626729627438.0,,,
1626729628438.0,,,
1626729629438.0,,,
1626729630438.0,,,
1626729631438.0,,,
1626729632438.0,,,
1626729633438.0,,,
1626729634438.0,,,
1626729635438.0,,,
1626729636438.0,,,
1626729637438.0,,,
1626729638438.0,,,
1626729639438.0,,,
1626729640438.0,,,
1626729641438.0,,,
1626729642438.0,,,
1626729643438.0,,,
1626729644438.0,,,
1626729645438.0,,,
1626729646438.0,,,
1626729647438.0,,,
1626729648438.0,,,
1626729649438.0,,,
1626729650438.0,,,
1626729651438.0,,,
1626729652438.0,,,
1626729653438.0,,,
1626729654438.0,,,
1626729655438.0,,,
