utcTimeMillis,Latitude,Longitude,Altitude
1593045251447.0,37.44505991835499,-122.07252474189671,-526885.0637194508
1593045252447.0,37.43148001259034,-122.07253073736429,-107294.40146973754
1593045253447.0,37.42735326131236,-122.07252341804596,32464.03311681134
1593045254447.0,37.42615563478433,-122.07251220702722,74088.2694596568
1593045255447.0,37.426115923003934,-122.07249320232208,75208.2061024061
1593045256447.0,37.42652602207551,-122.07247749533528,60868.4894314076
1593045257447.0,37.42703580673283,-122.07248694436866,43033.1088367333
1593045258447.0,37.42749909639473,-122.07251140321453,27222.05752368197
1593045259447.0,37.42786478121685,-122.0725427957032,15374.642436870918
1593045260447.0,37.4281294858672,-122.07259106313143,7517.798953393114
1593045261447.0,37.428290555738464,-122.07266235821494,2857.5251430286335
1593045262447.0,37.42837215407726,-122.07276087435933,422.3802105681822
1593045263447.0,37.42839885570016,-122.07288921944908,-630.9788774603172
1593045264447.0,37.42839989306009,-122.07303754280399,-921.4983665371774
1593045265447.0,37.42838768284792,-122.07318586725259,-854.0853360978839
1593045266447.0,37.42838170240192,-122.07334216212622,-658.8226943015421
1593045267447.0,37.428376930307124,-122.0735159919983,-452.8595748765489
1593045268447.0,37.42837462095327,-122.07369573044005,-285.8629511915426
1593045269447.0,37.42837300803974,-122.07387492010726,-171.15628424107302
1593045270447.0,37.42837062551584,-122.07405406207256,-100.47135430983079
1593045271447.0,37.42836950242529,-122.07425256988788,-59.29913680293801
1593045272447.0,37.42836978467272,-122.07444797867423,-39.48462035733032
1593045273447.0,37.428380117039104,-122.07464538806613,-32.48385903731931
1593045274447.0,37.42838641952618,-122.0748507945432,-31.85339493016189
1593045275447.0,37.42839088230914,-122.07506169632477,-34.3436001017896
1593045276447.0,37.42839463398871,-122.07527053221355,-37.7859569031174
1593045277447.0,37.42839535343309,-122.07548524881584,-40.13354459807208
1593045278447.0,37.42839652773159,-122.07569758211524,-42.19306646899902
1593045279447.0,37.428394997481945,-122.07589555383049,-44.689402374575145
1593045280447.0,37.428396941860036,-122.07610190181344,-45.29770183205289
1593045281447.0,37.42838812551934,-122.0763121341256,-45.47640216793943
1593045282447.0,37.42836617896934,-122.0765113720663,-45.59275540322135
1593045283447.0,37.42833205225345,-122.07670913669818,-45.661834306650285
1593045284447.0,37.42828648292475,-122.0769005822019,-45.75696414016077
1593045285447.0,37.42823880144015,-122.0770838807068,-45.93186097058215
1593045286447.0,37.428199473860836,-122.07725843394255,-46.27752769118975
1593045287447.0,37.428163150297976,-122.07742808809945,-46.5822341456708
1593045288447.0,37.42814408592568,-122.07758702157537,-46.797612595935334
1593045289447.0,37.428144038048565,-122.07771680566513,-47.28343242654005
1593045290447.0,37.42814582424883,-122.07784085735777,-46.22719863434503
1593045291447.0,37.42813987830583,-122.07793198181804,-44.942973740460616
1593045292447.0,37.42813348609569,-122.07798766963194,-45.90784622560846
1593045293447.0,37.428129975228565,-122.07805859242409,-46.42448425224096
1593045294447.0,37.42811285809306,-122.07811401776624,-46.42302448831875
1593045295447.0,37.42806384946426,-122.07816887262601,-45.58261651622343
1593045296447.0,37.42799065480395,-122.07820031064108,-46.41085472807572
1593045297447.0,37.42790555768302,-122.07821459691436,-45.98515724454212
1593045298447.0,37.42780374661739,-122.07821519718618,-46.75176283446701
1593045299447.0,37.42769444474787,-122.07819713352973,-47.45002798612978
1593045300447.0,37.4275816614494,-122.07818280583544,-47.92974404850335
1593045301447.0,37.427454750305884,-122.07815117274326,-48.30908080051458
1593045302447.0,37.42732420741656,-122.0781316853567,-47.524067545234175
1593045303447.0,37.427186868042995,-122.0781046014733,-49.285541151459334
1593045304447.0,37.42704324509147,-122.07806625141922,-50.98991700643583
1593045305447.0,37.426891704928714,-122.07805549564134,-49.619930706176284
1593045306447.0,37.42673165191337,-122.07804726603557,-48.77918412981554
1593045307447.0,37.42656734650723,-122.0780445709392,-49.1245603555534
1593045308447.0,37.426401745932274,-122.07806355767008,-47.15780251608468
1593045309447.0,37.42623323861259,-122.07807148110729,-45.97508518117569
1593045310447.0,37.42605798289351,-122.07807299823091,-46.278664185385125
1593045311447.0,37.42588337284752,-122.07808796728976,-45.038567456465245
1593045312447.0,37.42570953039199,-122.07811105470822,-44.748092273340404
1593045313447.0,37.42554621694363,-122.07812340979353,-46.55362664144508
1593045314447.0,37.42539449373765,-122.0781442533004,-46.65782207563362
1593045315447.0,37.42526487235098,-122.07816274469897,-46.91409832566745
1593045316447.0,37.42516193882218,-122.07817482601767,-47.18882440280574
1593045317447.0,37.42508597418599,-122.07818561083575,-46.492960086448015
1593045318447.0,37.42503585606747,-122.07819527190695,-43.886175492564405
1593045319447.0,37.425001073883884,-122.07818658264988,-44.18648773023355
1593045320447.0,37.42498475070006,-122.07818454742856,-45.29338894057739
1593045321447.0,37.424982695259814,-122.0781662228029,-46.54700520664215
1593045322447.0,37.42498611291596,-122.07815198500944,-45.4586970276259
1593045323447.0,37.42498188883909,-122.0781356292092,-46.99956493994283
1593045324447.0,37.42498166191271,-122.07813298394007,-46.16692005848789
1593045325447.0,37.424982142289565,-122.0781185117511,-48.22417684893518
1593045326447.0,37.42498843178181,-122.07810434937777,-49.069577835757
1593045327447.0,37.4249876004325,-122.07810232131234,-50.15223042153022
1593045328447.0,37.42499775943327,-122.07810741329136,-48.39598722459826
1593045329447.0,37.425006842209115,-122.07812104553133,-48.057178790919544
1593045330447.0,37.42500308839622,-122.07812427115664,-47.36913829959637
1593045331447.0,37.42500477618825,-122.07812236168122,-48.224288701056516
1593045332447.0,37.425009971174724,-122.07811927068684,-47.692204632576626
1593045333447.0,37.424990557985616,-122.07811722328783,-47.82538201167482
1593045334447.0,37.42496849374623,-122.07811803040036,-47.362138020972445
1593045335447.0,37.424937457317114,-122.07810914968626,-47.41981735403425
1593045336447.0,37.42489084096143,-122.07810771918192,-47.6997705049111
1593045337447.0,37.424821211442286,-122.07810850795852,-47.853359327217056
1593045338447.0,37.42472808550446,-122.07810953309301,-45.911123854191736
1593045339447.0,37.42462153827246,-122.07809990811006,-46.124907191385205
1593045340447.0,37.42450346727248,-122.07809544530184,-46.961789318264955
1593045341447.0,37.42437723080991,-122.07809264030621,-47.35809739510746
1593045342447.0,37.42424889368078,-122.0780934461591,-46.96928756468802
1593045343447.0,37.42412257480595,-122.078097227056,-46.22498361455898
1593045344447.0,37.424001273535836,-122.07811271610629,-44.07841440624331
1593045345447.0,37.42388441986819,-122.07811341863362,-43.43113502229661
1593045346447.0,37.42377261736082,-122.07810810685523,-43.594237617178166
1593045347447.0,37.423676840556574,-122.07810277470008,-44.71387366153141
1593045348447.0,37.42359464991686,-122.07810497644543,-44.72907845979318
1593045349447.0,37.42353478748868,-122.07811941407746,-46.53117515784784
1593045350447.0,37.42350053524681,-122.07816372391302,-45.54172984434276
1593045351447.0,37.42347736841628,-122.07821339816145,-45.32249380143746
1593045352447.0,37.423474301969556,-122.07831323690469,-44.21233324265563
1593045353447.0,37.42346529802393,-122.07842258835137,-45.68533935716349
1593045354447.0,37.42345202064421,-122.07856667824933,-46.089216210948976
1593045355447.0,37.423439093186744,-122.07872606147484,-47.10260957452251
1593045356447.0,37.42342816487127,-122.07892123531497,-46.952174250265664
1593045357447.0,37.42341893168291,-122.07912568537607,-46.77428520848403
1593045358447.0,37.42341072640264,-122.07934463713194,-45.2271933892255
1593045359447.0,37.42339200854256,-122.07956532111827,-44.85936700234692
1593045360447.0,37.423375203693816,-122.07978898452407,-44.953118769245386
1593045361447.0,37.42335796252424,-122.08001171329188,-44.01999582741996
1593045362447.0,37.42334217605692,-122.08024188297829,-41.96218045127952
1593045363447.0,37.42332373588634,-122.08045767453426,-41.348374704673766
1593045364447.0,37.42330512850938,-122.0806800223904,-39.56386534242156
1593045365447.0,37.423284972573505,-122.08088834500835,-38.636745589163546
1593045366447.0,37.423268489064206,-122.08109093632864,-37.909922187054704
1593045367447.0,37.423257358180535,-122.081289937451,-37.11915967950531
1593045368447.0,37.42324110188005,-122.08148138779174,-36.803532536834695
1593045369447.0,37.423221315313526,-122.08166799511672,-37.30090005971417
1593045370447.0,37.42320528205971,-122.08185454452031,-36.73726523829285
1593045371447.0,37.42319024300901,-122.08202050939782,-38.67821374769714
1593045372447.0,37.42317468128646,-122.08219259746224,-38.68156823284725
1593045373447.0,37.423157665705034,-122.08236505882874,-39.5756739946054
1593045374447.0,37.42314595507121,-122.0825376541979,-39.63544199552643
1593045375447.0,37.423127703369644,-122.08271105809666,-39.213239398585145
1593045376447.0,37.423114156309985,-122.08287052504585,-40.6232008255512
1593045377447.0,37.423109817975,-122.0830478349267,-39.12700965375181
1593045378447.0,37.42310976472108,-122.0832102966883,-39.437470403015176
1593045379447.0,37.42310911865413,-122.08337165987221,-40.12500321803566
1593045380447.0,37.42310741396782,-122.08353613963722,-39.25001973208846
1593045381447.0,37.423116554474575,-122.08369853152362,-40.97060912428203
1593045382447.0,37.423121907301585,-122.0838717105561,-41.12016449595018
1593045383447.0,37.42312784520607,-122.08405207519979,-40.18103973122193
1593045384447.0,37.42313631432643,-122.08424206761266,-39.32811014114353
1593045385447.0,37.423149725222146,-122.08444244081576,-38.62748417911628
1593045386447.0,37.423168284849325,-122.0846477546475,-39.57850382394345
1593045387447.0,37.42318979767109,-122.0848594680082,-39.71570229072449
1593045388447.0,37.42321997523174,-122.08507341452113,-40.417329247706405
1593045389447.0,37.42324743637602,-122.08528479994044,-39.01203084759233
1593045390447.0,37.42328248986402,-122.08550064665963,-37.27787110185789
1593045391447.0,37.42330952804944,-122.08570648203406,-36.50102610657292
1593045392447.0,37.42334427184241,-122.08591179611278,-34.71790621585791
1593045393447.0,37.42337640217147,-122.08610644557926,-34.52259570246269
1593045394447.0,37.42341487838956,-122.08629158164077,-34.63582282934528
1593045395447.0,37.423460012204785,-122.08649216765932,-33.089333431628916
1593045396447.0,37.4235015568271,-122.0866962070592,-31.0782450485178
1593045397447.0,37.42354421807555,-122.08688176659027,-32.3555881987784
1593045398447.0,37.423576403053396,-122.08706207107288,-35.873468965959376
1593045399447.0,37.423619318755385,-122.08725379786078,-36.29008701120767
1593045400447.0,37.42366245770468,-122.08744914025152,-36.45440663706432
1593045401447.0,37.42370469683431,-122.08765659674339,-37.376513701255874
1593045402447.0,37.423746760025544,-122.08787013116982,-38.79103913042563
1593045403447.0,37.42379198085898,-122.08808803972931,-39.641195264751204
1593045404447.0,37.42383512715138,-122.0883049002715,-40.35797837615058
1593045405447.0,37.423879335111785,-122.08852472187073,-39.607328001515796
1593045406447.0,37.42391866743355,-122.0887427673334,-37.25250398042088
1593045407447.0,37.42395435781444,-122.08894630058157,-37.57389064497599
1593045408447.0,37.423976736870756,-122.08913602212989,-35.06727155664912
1593045409447.0,37.423997172338005,-122.08931682097099,-35.35428978270602
1593045410447.0,37.423998340385246,-122.08948108263053,-35.60902647839198
1593045411447.0,37.42399143064165,-122.08962865454333,-35.952344049096865
1593045412447.0,37.423983571948874,-122.08976055171556,-36.27062938764463
1593045413447.0,37.423968398511306,-122.08988379848883,-36.17298937952792
1593045414447.0,37.42395398875811,-122.0899932146476,-35.038426892726896
1593045415447.0,37.42393574461299,-122.09008059076699,-33.90863133159312
1593045416447.0,37.423934600111075,-122.09015692227857,-34.619386998310986
1593045417447.0,37.4239657386375,-122.09021742970432,-34.49633581245658
1593045418447.0,37.42402182853871,-122.09027827393206,-32.95415398890908
1593045419447.0,37.42409713619424,-122.09032085033418,-31.606443028743847
1593045420447.0,37.42416635553571,-122.09036832195645,-32.64936449014483
1593045421447.0,37.42423943345785,-122.09043698983987,-31.21685291086497
1593045422447.0,37.42431053332693,-122.0905182153935,-32.927909677170774
1593045423447.0,37.424385217703815,-122.09060232703044,-36.166405598546945
1593045424447.0,37.42446374139343,-122.09071704954839,-36.58378918286792
1593045425447.0,37.424538219001064,-122.0908400803364,-34.42396160887132
1593045426447.0,37.424596338203315,-122.09096854810873,-36.1141453804712
1593045427447.0,37.424647037320696,-122.09111128101779,-35.08441335145547
1593045428447.0,37.42468970022198,-122.09126344446943,-33.9493215392166
1593045429447.0,37.42472813927867,-122.09142944931543,-33.22527687566139
1593045430447.0,37.42475875610432,-122.09159966480796,-31.53913251022141
1593045431447.0,37.42478492074877,-122.09175682556901,-32.0519606442417
1593045432447.0,37.424809063999604,-122.0918971161498,-33.83369551300161
1593045433447.0,37.424850723424015,-122.09204683452772,-34.28304010240077
1593045434447.0,37.42489444975282,-122.09220119468559,-35.25562577683008
1593045435447.0,37.42494874476393,-122.09237021066998,-34.339567412499534
1593045436447.0,37.425001689314655,-122.09253501031439,-34.291678765959475
1593045437447.0,37.4250668132106,-122.09268708921907,-34.598034104946855
1593045438447.0,37.42513458697985,-122.09284953887384,-34.361938420687785
1593045439447.0,37.42519775128499,-122.09300893919394,-36.23834283537874
1593045440447.0,37.425268937505095,-122.09315277275279,-34.97858872307716
1593045441447.0,37.42534387751603,-122.09328036432318,-37.204013264391996
1593045442447.0,37.425416114637756,-122.09342100426693,-38.307288573182035
1593045443447.0,37.42549540908874,-122.09356528591404,-36.84210347345583
1593045444447.0,37.425586551966695,-122.09370813610111,-34.240576441261794
1593045445447.0,37.425672243705904,-122.09384435565367,-34.13322592097174
1593045446447.0,37.42575433433888,-122.09397033285514,-34.14417078588886
1593045447447.0,37.42583346092161,-122.09409047278798,-34.96490210208538
1593045448447.0,37.42591827483343,-122.09419753562281,-33.25813887958895
1593045449447.0,37.42600206264914,-122.09430954923307,-32.2658547671416
1593045450447.0,37.426085376529144,-122.09441250677936,-31.317126794533763
1593045451447.0,37.426175887079246,-122.09450944152844,-31.310729479081342
1593045452447.0,37.426276831122756,-122.09461775380954,-31.0979524642919
1593045453447.0,37.426382333387984,-122.09470510241955,-30.23853504720167
1593045454447.0,37.426491674975075,-122.09479769523345,-29.245551452543165
1593045455447.0,37.42660860945376,-122.09489179840833,-30.216190767831066
1593045456447.0,37.42673193660724,-122.09497910040882,-31.48886738967766
1593045457447.0,37.426850590638395,-122.09504943752115,-32.47386465974521
1593045458447.0,37.4269642477822,-122.09510694544883,-33.96785900640916
1593045459447.0,37.42706240144544,-122.09517096271423,-34.170950338467144
1593045460447.0,37.42715069341523,-122.09524612732159,-32.980198617623174
1593045461447.0,37.42722947970179,-122.09531602746077,-30.614841551851548
1593045462447.0,37.42730694547225,-122.09540408062254,-30.345371452133524
1593045463447.0,37.42738998901402,-122.09550551215236,-31.149260855436555
1593045464447.0,37.427478279844564,-122.09561159696045,-31.435775832407405
1593045465447.0,37.42755522921055,-122.09571850875585,-33.162340374168394
1593045466447.0,37.427625944289936,-122.09584627203799,-32.22797402877066
1593045467447.0,37.42768817420639,-122.09596763839258,-33.032801495406844
1593045468447.0,37.42773192565491,-122.09610008150109,-33.146174629246914
1593045469447.0,37.42777849353218,-122.09622332025879,-34.49190815346779
1593045470447.0,37.42782097487936,-122.09638559769733,-31.665169319736926
1593045471447.0,37.42785303680456,-122.09654275965063,-30.660434857076194
1593045472447.0,37.42786792567982,-122.09670082733074,-29.723235120187795
1593045473447.0,37.42788743927586,-122.09685682056153,-29.514619812315516
1593045474447.0,37.42789602366775,-122.09701125877635,-28.31717566775645
1593045475447.0,37.42790036468161,-122.09716433447198,-27.117035004245313
1593045476447.0,37.42789215544236,-122.0972998441336,-27.30342759057356
1593045477447.0,37.42789187778501,-122.09743910714259,-25.6977907482591
1593045478447.0,37.4278832777209,-122.09755036150588,-22.450212245477573
1593045479447.0,37.42786221487551,-122.09766845998352,-24.1446446417084
1593045480447.0,37.42783997864757,-122.09776872924154,-26.04181797104436
1593045481447.0,37.42782483630787,-122.09785760409098,-27.271037997559688
1593045482447.0,37.427808937666015,-122.09792988237392,-26.984745351151407
1593045483447.0,37.427792183675926,-122.09800256366373,-27.145168297732614
1593045484447.0,37.42777371138072,-122.09809770301378,-28.143096097131835
1593045485447.0,37.427754689362715,-122.0982082881528,-28.43348652675142
1593045486447.0,37.42774183316029,-122.09832071764019,-29.441927709064814
1593045487447.0,37.42772642368343,-122.09843963807148,-29.989982889454684
1593045488447.0,37.42770913969821,-122.09855469707466,-31.33635846824539
1593045489447.0,37.42768692251889,-122.09868466675232,-31.80759978884112
1593045490447.0,37.42766457430958,-122.09881295642597,-31.314864400824657
1593045491447.0,37.427646666144625,-122.09895255015664,-30.320395725409085
1593045492447.0,37.427630833668516,-122.09909164439306,-28.4277469091456
1593045493447.0,37.427612460701674,-122.09919590515251,-30.131464991303233
1593045494447.0,37.42759493919101,-122.09928854842087,-30.593705546373055
1593045495447.0,37.427577189592114,-122.09935168068243,-29.132206995861054
1593045496447.0,37.42756381177368,-122.09939756342384,-27.97022040351028
1593045497447.0,37.42755307546784,-122.09942922869251,-26.414045524762585
1593045498447.0,37.42754911712786,-122.0994587021276,-27.57412793132221
1593045499447.0,37.427549325169764,-122.099490537182,-29.025698592103616
1593045500447.0,37.42755596438877,-122.09953969002773,-27.746757053920785
1593045501447.0,37.42758984080608,-122.09958784994215,-30.757608211110387
1593045502447.0,37.42763985525133,-122.09961978455267,-31.83126305941828
1593045503447.0,37.4277178946191,-122.09964094615964,-33.14015465345477
1593045504447.0,37.427803544131514,-122.09967110666462,-33.5303701230121
1593045505447.0,37.42789119721407,-122.09969597800479,-34.03987025054217
1593045506447.0,37.42798917596261,-122.09973960408527,-35.3833274040792
1593045507447.0,37.428094654343255,-122.09979845665376,-35.17285518025302
1593045508447.0,37.42821929827782,-122.09984589211214,-35.04980270356915
1593045509447.0,37.428358343556155,-122.09991735748619,-33.80105034882785
1593045510447.0,37.42849654711433,-122.09998625606438,-33.4224214411291
1593045511447.0,37.428639471911595,-122.10005178404002,-32.591175669993625
1593045512447.0,37.42878241951378,-122.10011008876035,-31.660564458989143
1593045513447.0,37.42892623389768,-122.10016897479278,-31.477130150727753
1593045514447.0,37.429074877302014,-122.10023896276171,-29.453268331606385
1593045515447.0,37.42922070821333,-122.10029448749364,-30.108091210829237
1593045516447.0,37.42936751336025,-122.10036080483373,-29.974353577591618
1593045517447.0,37.42950858451784,-122.10042821276527,-29.37702029786466
1593045518447.0,37.42962982579946,-122.10047880076313,-28.30307613404327
1593045519447.0,37.42975254129302,-122.10052770735804,-27.5307627946343
1593045520447.0,37.42986993413337,-122.10054833048349,-29.81192726090604
1593045521447.0,37.430000602231175,-122.10055393281266,-31.19699064850822
1593045522447.0,37.43012625353094,-122.10053708010633,-30.361063203603006
1593045523447.0,37.430234920760924,-122.10049456827258,-32.01300399919732
1593045524447.0,37.43034732602827,-122.10044861221701,-32.70945467502894
1593045525447.0,37.43045427961645,-122.10040135042351,-33.60011715279281
1593045526447.0,37.43055042988013,-122.10034417048281,-33.29152771182826
1593045527447.0,37.43063782883152,-122.1002999863927,-31.518928996665917
1593045528447.0,37.430711470272485,-122.10030147428442,-29.02842872636491
1593045529447.0,37.43076158282269,-122.10032300322271,-28.33773762129167
1593045530447.0,37.43079740636966,-122.10037257537209,-27.05948373213897
1593045531447.0,37.43083037827867,-122.10045064862531,-26.090967496111908
1593045532447.0,37.43087086374333,-122.10050893824912,-25.317888230156292
1593045533447.0,37.43093260752863,-122.10054593719181,-24.76130293493316
1593045534447.0,37.431015938253424,-122.1005709124704,-24.682058030512767
1593045535447.0,37.43110738687266,-122.10056727661502,-25.799969577044923
1593045536447.0,37.4311980243043,-122.10055705127814,-28.29997524752344
1593045537447.0,37.4312892956493,-122.10054975246554,-29.2338947131613
1593045538447.0,37.43137844247466,-122.10053675528934,-30.313481585955543
1593045539447.0,37.431479954444775,-122.1005278679261,-30.966959837973977
1593045540447.0,37.43158958204586,-122.10051891602842,-31.64482677264348
1593045541447.0,37.43169511766007,-122.10050646948916,-30.576886661811585
1593045542447.0,37.4318034885166,-122.10048723428534,-31.28722468482529
1593045543447.0,37.43191114610734,-122.10047107322939,-31.02547621484746
1593045544447.0,37.43201921582913,-122.10045617439702,-30.38318932508239
1593045545447.0,37.43211892210995,-122.10043695477746,-29.11749808479818
1593045546447.0,37.43219534771112,-122.10039907671128,-29.42257432766937
1593045547447.0,37.432260216154276,-122.100345102649,-25.316103606273487
1593045548447.0,37.432311698139074,-122.1002570478483,-25.136363975860124
1593045549447.0,37.432334780807366,-122.10014245053571,-26.269092278588243
1593045550447.0,37.432339229485336,-122.10003541513525,-25.656593564842268
1593045551447.0,37.43232246690699,-122.09991385815948,-26.959526126361894
1593045552447.0,37.43229680177683,-122.09978019283052,-26.061179327745215
1593045553447.0,37.4322517653436,-122.09961947144083,-26.136174098447704
1593045554447.0,37.432215128815464,-122.09945427396785,-25.344689389452572
1593045555447.0,37.432183363050896,-122.09927044495377,-23.90201923068181
1593045556447.0,37.43216382112638,-122.09910522598855,-23.364687570343914
1593045557447.0,37.43214249314388,-122.09891575606136,-24.770716760178303
1593045558447.0,37.43212029449939,-122.09873685303599,-24.398979880074194
1593045559447.0,37.43210587137577,-122.09857683502909,-24.562752130352848
1593045560447.0,37.4320943628768,-122.09842897384226,-22.592494895689594
1593045561447.0,37.432081381010384,-122.09828359606684,-20.89351731366985
1593045562447.0,37.43206503363358,-122.09813535541612,-20.30442809773559
1593045563447.0,37.43204364741483,-122.09799436138945,-20.461675696151044
1593045564447.0,37.432032583139275,-122.09786945218008,-20.539555109092255
1593045565447.0,37.432025332994286,-122.09777012685772,-18.674623795343347
1593045566447.0,37.43204668804514,-122.0976927390817,-19.98053494549999
1593045567447.0,37.432078436323444,-122.09764987926836,-20.822426378667707
1593045568447.0,37.432125539818706,-122.09763041442083,-22.594166259407984
1593045569447.0,37.43215690824269,-122.09765372662231,-22.28649212446061
1593045570447.0,37.43217988468153,-122.09769884242857,-23.71528279045831
1593045571447.0,37.43219619293595,-122.09775141550283,-23.341648066002136
1593045572447.0,37.43221121601175,-122.0978213353981,-21.48627192631262
1593045573447.0,37.4322254120998,-122.09788798624133,-21.343508967862444
1593045574447.0,37.432239723490056,-122.09797027299007,-21.838163108925563
1593045575447.0,37.432254890884565,-122.09807608467409,-22.30638017036638
1593045576447.0,37.43226907165533,-122.09819078865408,-22.753596382923963
1593045577447.0,37.43228062990052,-122.09830733965813,-23.617912983015692
1593045578447.0,37.43228819704423,-122.09841518471336,-24.3903892884693
1593045579447.0,37.43228375544619,-122.09850509987938,-24.441384398936357
1593045580447.0,37.43224920912876,-122.09857268714707,-22.915733555934327
1593045581447.0,37.432209510117346,-122.09862072386868,-21.53867448215911
1593045582447.0,37.43217510883736,-122.09863576001123,-22.340843447989908
1593045583447.0,37.43215739762709,-122.09865086186011,-21.082495915443243
1593045584447.0,37.43215444661643,-122.09867162220267,-20.845144317394986
1593045585447.0,37.43215602853833,-122.098724910363,-21.474059639089496
1593045586447.0,37.43216693091745,-122.09882917624641,-20.41494574267026
1593045587447.0,37.43217708251951,-122.09895574044725,-22.412653760833184
1593045588447.0,37.43218831958177,-122.099099832218,-25.05432888233775
1593045589447.0,37.432194943808476,-122.09927863609397,-26.219492414216436
1593045590447.0,37.432194540015814,-122.09946113491128,-25.567909532035532
1593045591447.0,37.432203543509544,-122.09963896041089,-26.26379830704138
1593045592447.0,37.43221592009699,-122.0998201412869,-25.149865130531595
1593045593447.0,37.43223450512275,-122.0999848733654,-25.47121616047384
1593045594447.0,37.43225089432164,-122.10011806879157,-24.5057149097313
1593045595447.0,37.432262847252936,-122.1002236525025,-22.403915630511534
1593045596447.0,37.4322679729777,-122.10030070197432,-20.457328453813993
1593045597447.0,37.432269384899115,-122.10035283361822,-18.742842139761635
1593045598447.0,37.432263636502064,-122.10038804872757,-19.292293156048224
1593045599447.0,37.43223957371104,-122.10042730080933,-20.82722768595662
1593045600447.0,37.43218060848736,-122.10047464450705,-23.434475402317045
1593045601447.0,37.43209297818285,-122.10051814915964,-24.64920468693662
1593045602447.0,37.43198766800943,-122.10053412059067,-25.993241555824916
1593045603447.0,37.43186316769542,-122.100553592788,-26.599344906696334
1593045604447.0,37.4317305529629,-122.10057941641668,-26.70644627263948
1593045605447.0,37.431588535099635,-122.10060731812594,-26.347523075018504
1593045606447.0,37.43144972379742,-122.10063813352059,-25.859098570838103
1593045607447.0,37.431311022066076,-122.10068114549463,-23.987057616447444
1593045608447.0,37.43117911137075,-122.10069949045983,-24.31315044265795
1593045609447.0,37.431050472222196,-122.10072196854489,-22.45196133814031
1593045610447.0,37.430937342988386,-122.10073012295523,-21.95182182906935
1593045611447.0,37.43082417259882,-122.10073611160546,-20.12864146567325
1593045612447.0,37.430710742858224,-122.10074964165285,-19.052194263751385
1593045613447.0,37.430586020409294,-122.10076281971823,-19.79644852998959
1593045614447.0,37.4304499108026,-122.10079203938304,-18.62879481345151
1593045615447.0,37.430309014752176,-122.10082782406666,-18.153343235610794
1593045616447.0,37.430170585509856,-122.10088290140335,-18.165542217783468
1593045617447.0,37.430018193365015,-122.10096163677987,-17.820413320339043
1593045618447.0,37.42986731274051,-122.10105566745892,-18.19170216739732
1593045619447.0,37.42971577187306,-122.10115222409948,-19.333582512725645
1593045620447.0,37.42957126179135,-122.10123538111068,-20.28450272972586
1593045621447.0,37.42944516946074,-122.10133692299789,-19.248428781265037
1593045622447.0,37.42935227722676,-122.10146185158946,-16.769823566385917
1593045623447.0,37.429287927809014,-122.10160994292403,-15.914371565090862
1593045624447.0,37.42925711375516,-122.10177249212144,-17.35247524498849
1593045625447.0,37.42926964727393,-122.10194553353544,-18.624979267247216
1593045626447.0,37.429334981894016,-122.10211559207332,-19.90074178895036
1593045627447.0,37.42943318027523,-122.10227739045497,-20.069326488952
1593045628447.0,37.429553428816476,-122.10243201378502,-19.19284151523258
1593045629447.0,37.42968246996588,-122.10259930442876,-19.605997613883904
1593045630447.0,37.42981569323444,-122.10277723267063,-20.590897463897402
1593045631447.0,37.42995946178779,-122.10296598780332,-21.85011359699725
1593045632447.0,37.43011748913703,-122.10316884126398,-23.48300459128437
1593045633447.0,37.430291804784844,-122.10336878197371,-24.445444452155225
1593045634447.0,37.430477831567934,-122.10358141647507,-25.708531122665406
1593045635447.0,37.43067515041583,-122.10379142276823,-26.574519393032723
1593045636447.0,37.43087502969772,-122.10400282725229,-26.57920030887974
1593045637447.0,37.431073844774694,-122.1042096531479,-26.43767246267977
1593045638447.0,37.431268345418005,-122.10441205728988,-26.949216373645832
1593045639447.0,37.43145629551585,-122.10460841827104,-25.991118494554094
1593045640447.0,37.431633021862716,-122.10479837558951,-26.0613489157654
1593045641447.0,37.43180135252751,-122.10499749776434,-25.702240886984843
1593045642447.0,37.43197391807133,-122.10520231900638,-26.307551592605783
1593045643447.0,37.43215423558988,-122.10538947502098,-26.527697289317807
1593045644447.0,37.43235199944542,-122.10558820322184,-26.256246243543302
1593045645447.0,37.43254826951533,-122.10579035302591,-27.47859447188245
1593045646447.0,37.43275595828408,-122.10600380441325,-28.86412008272239
1593045647447.0,37.432958225861924,-122.10620771900307,-30.49745060323135
1593045648447.0,37.43316376854652,-122.10642356880189,-30.458845586563093
1593045649447.0,37.43337646010026,-122.10664809368241,-30.73860817863565
1593045650447.0,37.43358349867901,-122.10687059087485,-31.06439102847689
1593045651447.0,37.433787333941,-122.10708756161863,-30.39976767254882
1593045652447.0,37.433998136218435,-122.1073090846118,-29.245664922217166
1593045653447.0,37.43420032621161,-122.10752772584559,-29.544831642009864
1593045654447.0,37.434404708428914,-122.10774998992468,-28.728161824694258
1593045655447.0,37.43460029075341,-122.10794959095804,-29.27392075756694
1593045656447.0,37.43479650250995,-122.10815247935108,-29.460910207461488
1593045657447.0,37.434994668127715,-122.10836250528313,-28.855843276370653
1593045658447.0,37.435185893166626,-122.1085646667643,-29.517349143337075
1593045659447.0,37.43537278445768,-122.10876199022277,-30.43784500475939
1593045660447.0,37.435563579269065,-122.1089501726782,-30.26000859126626
1593045661447.0,37.43574537720043,-122.10914271260417,-30.73395858984407
1593045662447.0,37.435925395246116,-122.10933395054194,-30.301031590128673
1593045663447.0,37.43610680909106,-122.10952518329086,-29.362855189194303
1593045664447.0,37.43628681663424,-122.1097149401367,-29.615817252525314
1593045665447.0,37.43647247867658,-122.10991195804591,-30.256095681840858
1593045666447.0,37.43665648628691,-122.11010879853563,-30.086043075405357
1593045667447.0,37.43684319752492,-122.1102919712254,-31.091942531879873
1593045668447.0,37.437030817385974,-122.11047898148075,-29.68271367383768
1593045669447.0,37.43721030673278,-122.11067189011163,-29.45085935075214
1593045670447.0,37.437392364050694,-122.11086948805051,-29.60263500312431
1593045671447.0,37.43757714120062,-122.11107325208496,-30.098573329754828
1593045672447.0,37.43776667646678,-122.11126659134341,-30.113324207907507
1593045673447.0,37.43795714316433,-122.11147130723606,-29.77757161720051
1593045674447.0,37.43815569492311,-122.11167226526692,-29.0426744282957
1593045675447.0,37.43834885127719,-122.11187921780521,-28.888837010772285
1593045676447.0,37.43853864307986,-122.11207963448213,-28.69377299653736
1593045677447.0,37.438723681923555,-122.11227126079433,-29.291200757377386
1593045678447.0,37.438915568506204,-122.11246888618192,-29.417299836893886
1593045679447.0,37.43910774739791,-122.11267334871718,-29.59638958360696
1593045680447.0,37.439305303393894,-122.11286894528764,-29.15066156093449
1593045681447.0,37.439495861784586,-122.11307498247596,-28.26157781113709
1593045682447.0,37.43968588587464,-122.11327586105422,-28.805088039319717
1593045683447.0,37.439880470627095,-122.11348683204803,-30.187362148434165
1593045684447.0,37.44007874542488,-122.11370102066029,-30.75648884596872
1593045685447.0,37.44028122199701,-122.11391535341438,-30.55366139400593
1593045686447.0,37.440485802819616,-122.11413525995626,-29.54138279981651
1593045687447.0,37.44069173992756,-122.11435505502288,-29.8189667321295
1593045688447.0,37.440900371423346,-122.11456989518946,-29.840068773445005
1593045689447.0,37.441106499177835,-122.11478596725775,-29.42935073987292
1593045690447.0,37.441309620816,-122.1149979999755,-28.79345176234623
1593045691447.0,37.4415104507557,-122.11519945798528,-29.056484279678905
1593045692447.0,37.44170339314053,-122.11540454346562,-29.0591409089609
1593045693447.0,37.44189554520539,-122.11561349664247,-29.166677766190613
1593045694447.0,37.44208843297899,-122.11581655122166,-28.732164200630447
1593045695447.0,37.44227701198494,-122.11601226545365,-28.133413719944173
1593045696447.0,37.44246188354486,-122.116206103203,-28.642898766357902
1593045697447.0,37.442643907148145,-122.11640807888118,-28.46442314049945
1593045698447.0,37.442829496627084,-122.11661064583717,-27.806558797258482
1593045699447.0,37.443018515929985,-122.11679904199752,-28.099743409797853
1593045700447.0,37.443203738604296,-122.11699166462854,-28.293981247427507
1593045701447.0,37.4433931109453,-122.11719169654783,-28.961122900686117
1593045702447.0,37.44358247301716,-122.1173905025325,-29.150008377539333
1593045703447.0,37.44377813314205,-122.11758935595043,-29.938801260879686
1593045704447.0,37.44397145529877,-122.11779045742857,-30.719436659863934
1593045705447.0,37.44415786929946,-122.11798803572205,-29.935732402637452
1593045706447.0,37.444343330414334,-122.11818081719912,-29.81248679876972
1593045707447.0,37.44452608978966,-122.11838150015507,-30.34758710756012
1593045708447.0,37.44470703404614,-122.11857428143324,-30.019661076898654
1593045709447.0,37.44488605636097,-122.11875877079451,-29.911930912151337
1593045710447.0,37.44506802754409,-122.11894155171314,-30.611091245446314
1593045711447.0,37.44525006751359,-122.11913177965096,-31.77196063801353
1593045712447.0,37.44543022411119,-122.11932243347465,-31.022326222569564
1593045713447.0,37.44561302959226,-122.11950891159171,-30.21287076593928
1593045714447.0,37.44579533685726,-122.11969436173311,-30.32485316519071
1593045715447.0,37.44597602687915,-122.11987998550829,-30.14278249654743
1593045716447.0,37.446154012118114,-122.12006328830121,-29.889248620854328
1593045717447.0,37.44633459293511,-122.12024806927293,-30.070631849937897
1593045718447.0,37.44651372003874,-122.12043509533198,-29.821753293912376
1593045719447.0,37.44668640913548,-122.12061874719757,-29.943337778950184
1593045720447.0,37.44685607158965,-122.12078653644255,-30.243661409697935
1593045721447.0,37.447027688545035,-122.12097040773821,-29.532966225261784
1593045722447.0,37.44719569028784,-122.12113623259758,-30.30910684802481
1593045723447.0,37.44736142083708,-122.12131436614277,-30.433961393213178
1593045724447.0,37.44752496875097,-122.12149531618257,-29.80644306270036
1593045725447.0,37.44768721140852,-122.12167234322769,-30.07046169545954
1593045726447.0,37.44784993940023,-122.12184851543236,-30.100860145360965
1593045727447.0,37.44801902746443,-122.12202826153998,-30.415736277055547
1593045728447.0,37.44819130184012,-122.12220634469837,-30.78666374306164
1593045729447.0,37.448366725331624,-122.12238881572868,-31.015139483044084
1593045730447.0,37.44853531757534,-122.12257331990261,-29.780740500087273
1593045731447.0,37.448703279653905,-122.12274961450771,-29.539417617227304
1593045732447.0,37.448869146807176,-122.1229198089292,-29.341747395718727
1593045733447.0,37.44903219228475,-122.12307984967482,-30.702991445541606
1593045734447.0,37.44919727878309,-122.12324102604981,-29.903112138710814
1593045735447.0,37.44935837216143,-122.12340553643992,-31.45620756304742
1593045736447.0,37.44951948415069,-122.12358667704294,-31.139339321207842
1593045737447.0,37.44968495909132,-122.12375211736189,-31.01622465800364
1593045738447.0,37.44985217542113,-122.12392647370756,-30.925017701125306
1593045739447.0,37.450021945315626,-122.12411228169475,-30.761307791530495
1593045740447.0,37.45019223522723,-122.12429729905425,-30.575672901055494
1593045741447.0,37.45036325326637,-122.12448073134729,-30.72212261568081
1593045742447.0,37.45053029448801,-122.12465417952775,-30.697367562541345
1593045743447.0,37.4506979001022,-122.12484284178343,-30.486920439957952
1593045744447.0,37.45087008606113,-122.12504395617799,-30.80222950509076
1593045745447.0,37.451034275820305,-122.12522749905803,-30.123390812295405
1593045746447.0,37.4511900935454,-122.1254132760854,-28.626977643260748
1593045747447.0,37.451334993701316,-122.12558036820106,-28.44709503003996
1593045748447.0,37.451475658476674,-122.12575473336936,-28.80444138002031
1593045749447.0,37.451611135412,-122.12593221877557,-29.51775491966753
1593045750447.0,37.45174524911695,-122.12612315937088,-31.804635854699843
1593045751447.0,37.45188287362095,-122.12633811317971,-33.33227836816509
1593045752447.0,37.45203841388927,-122.12657517444846,-34.27736269966583
1593045753447.0,37.452204762204715,-122.12682586784402,-35.20079744430794
1593045754447.0,37.45237750162082,-122.12708611873578,-33.97787483055515
1593045755447.0,37.452544350346514,-122.12734519851841,-33.45031307264777
1593045756447.0,37.45270829872982,-122.12760881363745,-32.604621232914035
1593045757447.0,37.45286387361837,-122.12789392159355,-31.83535816608953
1593045758447.0,37.45302131679603,-122.12819170447551,-30.680775804765887
1593045759447.0,37.45318696304233,-122.12847851189962,-29.9113079939154
1593045760447.0,37.45335590940952,-122.12876442512685,-30.51066744025413
1593045761447.0,37.45352273867824,-122.12906013313108,-29.38487901080946
1593045762447.0,37.4536843871612,-122.12933757977434,-29.512576287222185
1593045763447.0,37.45385226518023,-122.12962252393704,-28.904960423310158
1593045764447.0,37.45401581538444,-122.1299143430588,-28.812216805076538
1593045765447.0,37.454180600885095,-122.13020092532697,-28.820389060896403
1593045766447.0,37.45435437313858,-122.13049521485996,-29.26333572488626
1593045767447.0,37.454519980709016,-122.13077782448806,-30.524412827844337
1593045768447.0,37.45469490816309,-122.13107364433482,-30.724711659106664
1593045769447.0,37.454866820075786,-122.131355538525,-32.898962672989626
1593045770447.0,37.455040730175874,-122.13166322788959,-31.813729802634953
1593045771447.0,37.45521428381526,-122.13195718074742,-32.54212404650255
1593045772447.0,37.45539723219858,-122.1322645724411,-31.3719084128139
1593045773447.0,37.45558258025253,-122.13256935660839,-30.246937508862484
1593045774447.0,37.45576846395817,-122.13286186119915,-30.54515511261621
1593045775447.0,37.455951931102845,-122.13316351391461,-30.315284249197298
1593045776447.0,37.45613516136787,-122.13345889694746,-30.163748705294015
1593045777447.0,37.45631471450764,-122.1337571104324,-30.545320329695148
1593045778447.0,37.45649540871093,-122.13405669554771,-30.140808536556637
1593045779447.0,37.45667319082999,-122.13435870651456,-29.700332893641942
1593045780447.0,37.45685015451745,-122.1346656865022,-28.808399850245635
1593045781447.0,37.45702857267871,-122.13497004762534,-28.774710224434646
1593045782447.0,37.457205493227775,-122.13527794765714,-28.611911570875417
1593045783447.0,37.457385846754306,-122.13557818138403,-29.166948940384632
1593045784447.0,37.45756189103309,-122.13588408577807,-28.56456025488895
1593045785447.0,37.457738751746405,-122.13618772312577,-28.01793410003998
1593045786447.0,37.457908026081185,-122.13646940102191,-30.10539474592865
1593045787447.0,37.458081634888195,-122.13676367627441,-29.14601451241853
1593045788447.0,37.45825530377798,-122.13705602674248,-28.69035789879891
1593045789447.0,37.45842540527608,-122.13733615552538,-27.994482064241858
1593045790447.0,37.458591146679815,-122.13762234084149,-27.80893173386299
1593045791447.0,37.45875471128112,-122.13790069704419,-26.800891015545385
1593045792447.0,37.45891447736851,-122.13817698952084,-25.06144404338731
1593045793447.0,37.4590754732499,-122.13843956770074,-25.73022790665701
1593045794447.0,37.459237527051386,-122.13871299227307,-25.98447173327007
1593045795447.0,37.45941180131753,-122.1389844134182,-26.687537088785394
1593045796447.0,37.45958712985,-122.13926553733744,-27.608546195474084
1593045797447.0,37.45976171099618,-122.13956035676931,-28.123237229365483
1593045798447.0,37.45994060494793,-122.13986583285119,-27.09746461705752
1593045799447.0,37.46011632456839,-122.1401588491953,-26.763235828854075
1593045800447.0,37.46029144072259,-122.14045099518523,-26.877299333601684
1593045801447.0,37.460465958455856,-122.1407570069834,-25.780516950356628
1593045802447.0,37.4606404214862,-122.1410496737057,-25.462486157419292
1593045803447.0,37.4608161842909,-122.14134899556832,-26.263554072893726
1593045804447.0,37.46098282653702,-122.14162787772904,-29.109700178084708
1593045805447.0,37.461157442269645,-122.14191153229201,-30.73504024458279
1593045806447.0,37.46133371391433,-122.14222154551534,-29.455450893739076
1593045807447.0,37.461503761390986,-122.1425181365912,-29.415577737598184
1593045808447.0,37.461684837452445,-122.14282577010647,-29.455826993019365
1593045809447.0,37.46186332302772,-122.14313807435353,-28.871589618566468
1593045810447.0,37.46204525728151,-122.14344407089155,-28.934630312256797
1593045811447.0,37.4622221243679,-122.14375575217653,-28.410140165424522
1593045812447.0,37.46240139156896,-122.14406417509721,-27.742167250701208
1593045813447.0,37.46257818685694,-122.14437019057287,-27.143563749034282
1593045814447.0,37.46275882388256,-122.14467117438824,-27.756824719461957
1593045815447.0,37.46293664591428,-122.14497981002471,-28.091177660448604
1593045816447.0,37.46311359338697,-122.14527759656998,-28.926212566633705
1593045817447.0,37.46329770643555,-122.14558894122194,-28.655100713275154
1593045818447.0,37.463480389662735,-122.14590489830354,-27.95113368017073
1593045819447.0,37.46366593731651,-122.14621377091228,-28.13736085950917
1593045820447.0,37.463847983079305,-122.14652521590173,-27.544610035494767
1593045821447.0,37.46403032806979,-122.14683529244309,-27.472472671133534
1593045822447.0,37.46421409893114,-122.14715142678348,-26.97732280116263
1593045823447.0,37.464397019777515,-122.14746814199705,-27.613175429912665
1593045824447.0,37.46458345155653,-122.14778389344514,-28.0867601276402
1593045825447.0,37.46477248150324,-122.1481037463965,-28.458152892590594
1593045826447.0,37.46496293145564,-122.14843433841682,-27.961443300975084
1593045827447.0,37.46515083957893,-122.14876510005887,-27.94982017941705
1593045828447.0,37.465345451206296,-122.1491022959399,-27.395748667439843
1593045829447.0,37.46553862432314,-122.14941938017152,-26.72496569803767
1593045830447.0,37.46573220881574,-122.14975338013366,-26.730574416614168
1593045831447.0,37.465929959111726,-122.15008340963215,-27.12237593457003
1593045832447.0,37.46612630346445,-122.15041547168494,-28.12804129493804
1593045833447.0,37.46632157078095,-122.1507387085015,-28.501334658539495
1593045834447.0,37.46651780789254,-122.15107502231021,-28.14691624170215
1593045835447.0,37.46671178786431,-122.15141643856442,-27.88269280096633
1593045836447.0,37.4669068692987,-122.15174700531325,-28.281319168698165
1593045837447.0,37.46710167367639,-122.15208051843585,-28.052936721901045
1593045838447.0,37.46729673389465,-122.15241351709298,-27.66330070558856
1593045839447.0,37.46748904729053,-122.15274766191357,-27.18679678391181
1593045840447.0,37.4676813348696,-122.15307432787972,-27.301445962872315
1593045841447.0,37.46787549597843,-122.15339822710072,-27.894219175774882
1593045842447.0,37.468066290537024,-122.1537203802708,-27.75866981004103
1593045843447.0,37.46825745931156,-122.15404043756863,-27.5445800631504
1593045844447.0,37.46844833977462,-122.1543528469456,-27.519326016165135
1593045845447.0,37.46863550144755,-122.15465774763014,-27.49777236899194
1593045846447.0,37.46881365622919,-122.15496984274732,-27.197434744868875
1593045847447.0,37.469004978304554,-122.15529039652459,-22.428864031492314
1593045848447.0,37.469177428507116,-122.1555935298482,-24.062281377752647
1593045849447.0,37.46935836571227,-122.15590109789211,-25.976344062939575
1593045850447.0,37.46953574797666,-122.15620652230605,-27.607791374038776
1593045851447.0,37.46971333283157,-122.15651670645033,-28.01300740213233
1593045852447.0,37.469892763305204,-122.15682281720491,-28.87906121100168
1593045853447.0,37.47007043436256,-122.15713288189527,-28.92992883246232
1593045854447.0,37.470250308965284,-122.15743438467948,-29.404884726219297
1593045855447.0,37.47042573453026,-122.15773529079823,-29.317159423947277
1593045856447.0,37.470599013884076,-122.1580393180253,-28.757971843261583
1593045857447.0,37.47077592209955,-122.15833471749481,-28.42803410541547
1593045858447.0,37.47094245697928,-122.15862506780712,-28.211188639246537
1593045859447.0,37.47111822332653,-122.15892912922547,-27.617373447412405
1593045860447.0,37.471294045681375,-122.15923365772316,-26.120653006360808
1593045861447.0,37.471465212957895,-122.1595083393846,-29.083995457614133
1593045862447.0,37.47163963515161,-122.15981001735666,-28.25730495201238
1593045863447.0,37.47181165128701,-122.1601060615564,-27.97176217178769
1593045864447.0,37.47198220189863,-122.16039919368025,-27.601325115342487
1593045865447.0,37.47215179662183,-122.16068512323292,-27.64773236984178
1593045866447.0,37.47231943924552,-122.16096965394604,-27.96394351549515
1593045867447.0,37.472483892902154,-122.16125399689246,-28.19064319918812
1593045868447.0,37.472646694587894,-122.16152487310868,-28.989086520248748
1593045869447.0,37.47280682132675,-122.16180874097067,-27.45567018794738
1593045870447.0,37.47296700338229,-122.16207509308961,-28.15732354181558
1593045871447.0,37.47312140157903,-122.16234810117278,-27.898270198470897
1593045872447.0,37.47327652561764,-122.16260469759287,-29.2773444217469
1593045873447.0,37.47343094736307,-122.16287024544893,-28.560035931053275
1593045874447.0,37.47358164608419,-122.16312230709326,-29.317876782978107
1593045875447.0,37.47372969353688,-122.16337468143597,-30.029883829691943
1593045876447.0,37.47387641100103,-122.16362593044289,-30.579778304898646
1593045877447.0,37.4740248109046,-122.16390061230632,-29.277136200603618
1593045878447.0,37.47416562988154,-122.16417281292283,-29.165628993379055
1593045879447.0,37.47432077395166,-122.16445829017812,-29.42707027730601
1593045880447.0,37.47449289986865,-122.16475815763971,-29.20352400409076
1593045881447.0,37.47466829800852,-122.16504842504021,-30.504042978995535
1593045882447.0,37.474856075774746,-122.16537036496888,-30.1487068723008
1593045883447.0,37.47504785232863,-122.16570134170593,-29.77090001343329
1593045884447.0,37.47524486358931,-122.16601696084716,-30.168262818522074
1593045885447.0,37.47545589132502,-122.1663641403559,-26.575067689738876
1593045886447.0,37.475641980325555,-122.16667687721018,-30.062152361365825
1593045887447.0,37.475838404796576,-122.16701812588053,-29.900316884688326
1593045888447.0,37.47603037715232,-122.16735896200086,-29.481605743958404
1593045889447.0,37.47622567477131,-122.16768788592806,-29.42778305930018
1593045890447.0,37.476423625309074,-122.16800619591221,-29.920603142695168
1593045891447.0,37.476625368893316,-122.16830409380995,-32.33618242284134
1593045892447.0,37.47682575602734,-122.16861864874151,-32.14395769974744
1593045893447.0,37.47702308763411,-122.16893284857193,-31.580778375167675
1593045894447.0,37.47721411187426,-122.16924295502037,-31.078836757175324
1593045895447.0,37.47739921751724,-122.16956293627948,-31.004203073964348
1593045896447.0,37.47758290948197,-122.1698918490878,-30.10978915649569
1593045897447.0,37.47776799873712,-122.17022392930205,-30.853340175411745
1593045898447.0,37.4779610274202,-122.17054819304997,-32.20158169426709
1593045899447.0,37.478155312420945,-122.1708865489385,-32.135245230078255
1593045900447.0,37.478351597847485,-122.17122627452133,-32.75115585125603
1593045901447.0,37.47854771243473,-122.1715718861417,-33.29463697836436
1593045902447.0,37.478744605755,-122.1719105803409,-34.352128481878765
1593045903447.0,37.47894397683057,-122.17224876651227,-34.12378817795701
1593045904447.0,37.47914132568183,-122.17256105055286,-37.27445803795077
1593045905447.0,37.47934149185168,-122.17290160379528,-36.24364258317489
1593045906447.0,37.47953569561891,-122.17324182804542,-34.23660756267507
1593045907447.0,37.47972959378595,-122.17357282412071,-33.477278054490384
1593045908447.0,37.47991932775808,-122.17390257983831,-31.75539905074611
1593045909447.0,37.480105568172064,-122.17422059504186,-31.73630345795883
1593045910447.0,37.48028677169971,-122.1745439987928,-30.016872532069666
1593045911447.0,37.48046884204518,-122.17486291746089,-29.682862166576935
1593045912447.0,37.480651257527605,-122.17517771138229,-29.84881613373582
1593045913447.0,37.48083545898717,-122.17549093864245,-30.47240793332944
1593045914447.0,37.48101786167933,-122.17580619559988,-30.917413243912204
1593045915447.0,37.48120368515831,-122.17611946280903,-30.442476922777214
1593045916447.0,37.48138766772014,-122.17643067734537,-30.50928503787555
1593045917447.0,37.481571356224094,-122.17674095866946,-30.549634517169785
1593045918447.0,37.481752338498936,-122.17705153690045,-30.60983176434134
1593045919447.0,37.481930005440894,-122.17736785583303,-30.278486223340455
1593045920447.0,37.482104979778704,-122.17768163778803,-29.841174809408734
1593045921447.0,37.4822736736144,-122.17799634446682,-30.000696642609856
1593045922447.0,37.48243600466627,-122.17831260799557,-29.77215426849229
1593045923447.0,37.48259234794224,-122.17863573254472,-29.537749518210614
1593045924447.0,37.48274445297284,-122.1789616692605,-29.00416625860929
1593045925447.0,37.48289294133845,-122.1792898039359,-29.06388573122773
1593045926447.0,37.48303688823312,-122.17962553123466,-28.67435247339913
1593045927447.0,37.483170634352,-122.17996621040817,-28.533844927903225
1593045928447.0,37.4833029292482,-122.18030230963345,-27.93654490029266
1593045929447.0,37.483426980537104,-122.18064506664712,-26.188270874381917
1593045930447.0,37.4835595301567,-122.18099069625966,-24.593019644839828
1593045931447.0,37.48368546407121,-122.18132986046176,-25.70426618456569
1593045932447.0,37.48380388152329,-122.18167369850676,-26.50841191637462
1593045933447.0,37.48391738604701,-122.18202080486138,-27.021842377733748
1593045934447.0,37.48402912789213,-122.18236566421992,-27.61800093698679
1593045935447.0,37.48413629839568,-122.1827128145228,-27.841118118667357
1593045936447.0,37.484246027139996,-122.18305004332726,-28.934367091563722
1593045937447.0,37.4843448663622,-122.18340164773248,-29.610153486812163
1593045938447.0,37.48443830938483,-122.18375675810724,-29.49345606154173
1593045939447.0,37.484525392518144,-122.18411453035178,-29.617083752460275
1593045940447.0,37.48461267796201,-122.18446992950909,-30.30177080875834
1593045941447.0,37.48470032391586,-122.18482450527796,-30.257634355357688
1593045942447.0,37.4847875396187,-122.1851860046281,-30.0781982008475
1593045943447.0,37.4848710474029,-122.185552803131,-29.102320853794364
1593045944447.0,37.484952177511836,-122.18591913295579,-28.90768463107787
1593045945447.0,37.48503286249367,-122.18628551263437,-28.89520612279218
1593045946447.0,37.485112150754254,-122.186652947217,-29.161572405457566
1593045947447.0,37.4851875791598,-122.18702179610119,-30.515754815497903
1593045948447.0,37.48525837680193,-122.18739373703113,-31.391879828483216
1593045949447.0,37.485326015438176,-122.18778229557701,-32.63002238897508
1593045950447.0,37.48538896709968,-122.1881634840148,-32.866297208695144
1593045951447.0,37.485448702872944,-122.18855138263157,-30.742898331204067
1593045952447.0,37.48551119741268,-122.18894739051005,-31.766408366248346
1593045953447.0,37.485564091251256,-122.18934109062796,-30.618059728752947
1593045954447.0,37.48561608195445,-122.18974698145696,-28.984772205119103
1593045955447.0,37.485668880066214,-122.19015821290287,-28.75903724786746
1593045956447.0,37.48572099679561,-122.19057386733414,-29.315300782793635
1593045957447.0,37.48577435017725,-122.19098295487852,-29.1590796130055
1593045958447.0,37.485830109154364,-122.19139329646127,-28.493332114142387
1593045959447.0,37.48589032464491,-122.19180297221254,-27.863563665682815
1593045960447.0,37.48594747854639,-122.19221155862628,-27.002355818335882
1593045961447.0,37.48600307904278,-122.19262016031851,-28.363133004053722
1593045962447.0,37.48605653608632,-122.19303735150565,-28.330839182453726
1593045963447.0,37.4861096451337,-122.19345316729951,-28.033606993228652
1593045964447.0,37.4861634663988,-122.1938704127909,-27.93809407667044
1593045965447.0,37.48621318349735,-122.19428442879851,-28.220644972681736
1593045966447.0,37.48626111882589,-122.19469529423726,-27.426339659228514
1593045967447.0,37.48631771463022,-122.19511917277299,-27.840301338605745
1593045968447.0,37.48637090122133,-122.19553814209787,-28.81364903795851
1593045969447.0,37.48642517655685,-122.19595643493126,-29.467089016295937
1593045970447.0,37.486474016431465,-122.19637078220796,-28.133613919339737
1593045971447.0,37.486519651068306,-122.19677733516411,-26.4248964526166
1593045972447.0,37.486569726534555,-122.1971887387364,-26.688803139048176
1593045973447.0,37.48661852867607,-122.1975995193982,-27.364049686263687
1593045974447.0,37.48666482144292,-122.1979974618282,-27.407352429880262
1593045975447.0,37.48672012237187,-122.1984101941277,-28.75319157870019
1593045976447.0,37.48677492684904,-122.19882843958116,-28.585280386636402
1593045977447.0,37.4868313710731,-122.19924503249038,-31.184976159605437
1593045978447.0,37.486881919784864,-122.19964919233259,-30.234470378820973
1593045979447.0,37.48693364307465,-122.20005210895192,-30.694508707385673
1593045980447.0,37.486980961787545,-122.20045170410144,-30.09692709266729
1593045981447.0,37.487032518737465,-122.2008414065285,-29.80125375322562
1593045982447.0,37.48707973363201,-122.20123572602647,-28.89951805469372
1593045983447.0,37.48712348946994,-122.2016181670311,-27.683889517183637
1593045984447.0,37.487170762990004,-122.20200397638084,-27.19093853373719
1593045985447.0,37.48722172084881,-122.20239311973992,-27.562253809310754
1593045986447.0,37.487270770774096,-122.20277692060999,-27.67066569499356
1593045987447.0,37.487321699193664,-122.20316541583854,-28.194788730611517
1593045988447.0,37.487370339603174,-122.20353576017177,-31.721398930395544
1593045989447.0,37.48741484872721,-122.2039193810357,-31.427141796636406
1593045990447.0,37.48745795164433,-122.20429542827927,-30.9308438287987
1593045991447.0,37.48749980087548,-122.20468020169268,-30.246847433010807
1593045992447.0,37.48754885834294,-122.2050657552297,-30.188114026936585
1593045993447.0,37.487596798947784,-122.20544941088403,-31.9967484999702
1593045994447.0,37.48764737764796,-122.20582882073575,-30.82610375008025
1593045995447.0,37.48769645264477,-122.20620875273183,-32.53887297965628
1593045996447.0,37.48774380406993,-122.20658047407164,-32.89215260813492
1593045997447.0,37.48779253925155,-122.20695120472482,-33.609556789177766
1593045998447.0,37.487838221586216,-122.20732415653208,-33.411283944400196
1593045999447.0,37.48789454041364,-122.20769947557625,-35.247166769708215
1593046000447.0,37.48795236656005,-122.2080705538038,-34.21888955986267
1593046001447.0,37.488011703973,-122.20844115355668,-33.98705441329481
1593046002447.0,37.48807372225619,-122.20881696500068,-33.48535787835069
1593046003447.0,37.48813760818263,-122.20919713315124,-34.05984193059011
1593046004447.0,37.48820038326982,-122.2095789522314,-33.39245998775387
1593046005447.0,37.48826660144064,-122.20996386568677,-32.12893734876493
1593046006447.0,37.48834959181702,-122.210345015299,-32.45765174932692
1593046007447.0,37.488443502007584,-122.21072678775666,-32.253522451497325
1593046008447.0,37.488538260019766,-122.211111382612,-32.350896357252395
1593046009447.0,37.48863000036378,-122.21150093543966,-30.924381253654218
1593046010447.0,37.48872654989966,-122.2118860035576,-29.753340391703638
1593046011447.0,37.4888261950923,-122.21226387467664,-28.252557899750965
1593046012447.0,37.48893194614575,-122.21263497404199,-26.807543444734453
1593046013447.0,37.489039887050694,-122.21300429450623,-25.430475635887863
1593046014447.0,37.48915715149745,-122.21336663754548,-25.602642247359462
1593046015447.0,37.48928199351407,-122.21372407929972,-25.73332749314836
1593046016447.0,37.48940453648103,-122.21408839877304,-25.96635911115842
1593046017447.0,37.48952708873899,-122.2144575616176,-26.072651426129898
1593046018447.0,37.48965578702374,-122.21482590437887,-25.41701830951544
1593046019447.0,37.48979284484005,-122.21519283287647,-26.284870887427964
1593046020447.0,37.489929578594364,-122.21556268797556,-26.547277967050533
1593046021447.0,37.49007630343749,-122.21592581285988,-28.047412530138665
1593046022447.0,37.49022291134795,-122.21629406029714,-28.850855987208238
1593046023447.0,37.490377809472605,-122.2166564905229,-30.40139569699126
1593046024447.0,37.49053375392666,-122.21702023512505,-31.76295784610017
1593046025447.0,37.49069432228172,-122.21737812284866,-32.31963020377929
1593046026447.0,37.49085248380194,-122.21774259847145,-32.290264887687094
1593046027447.0,37.49100997335813,-122.21810896646187,-31.978867779362645
1593046028447.0,37.49116659103509,-122.21847247867849,-31.534666470849885
1593046029447.0,37.49132486490404,-122.21883079555762,-31.48774238111308
1593046030447.0,37.49148374216721,-122.21918480947446,-31.768964747507784
1593046031447.0,37.491643427107746,-122.21953925245153,-31.763002311932883
1593046032447.0,37.49180043412989,-122.21989728239626,-31.60077607518713
1593046033447.0,37.491963399210604,-122.2202518356724,-31.02102023789212
1593046034447.0,37.49212310256739,-122.22060981136654,-31.467852701222156
1593046035447.0,37.49228110867182,-122.2209820594513,-31.10410189871994
1593046036447.0,37.492440858223254,-122.22134514877239,-31.404239671837832
1593046037447.0,37.49260090865844,-122.2217136499644,-30.57666781555519
1593046038447.0,37.49276116555616,-122.22208097483775,-30.316792821373497
1593046039447.0,37.49292400646985,-122.22243665191337,-30.66355142580698
1593046040447.0,37.49308600474436,-122.22280429521433,-31.371076961176907
1593046041447.0,37.49324874779033,-122.22317373770288,-31.063848871363636
1593046042447.0,37.493409618097715,-122.22354478857235,-30.37195502699339
1593046043447.0,37.49356825818146,-122.22391713052495,-30.322816206984808
1593046044447.0,37.493720801982974,-122.22429609975015,-29.599319453584336
1593046045447.0,37.49387092313579,-122.22468053730478,-29.065701565863222
1593046046447.0,37.49401493927472,-122.22506172384483,-28.75902655968742
1593046047447.0,37.49415445246503,-122.22544843998145,-29.31469387543027
1593046048447.0,37.4942890468585,-122.2258331054988,-29.402268445847426
1593046049447.0,37.49441798756053,-122.22622788594752,-28.840083946902304
1593046050447.0,37.49454376235123,-122.22662601813552,-29.283579508977155
1593046051447.0,37.49466387788857,-122.22702925237469,-29.228771965951672
1593046052447.0,37.494783701241225,-122.22743361115491,-29.365280035519064
1593046053447.0,37.49490208984574,-122.22783597557776,-30.76102854457155
1593046054447.0,37.49501682564834,-122.22825232601231,-30.656650937538824
1593046055447.0,37.495130346080174,-122.22867541242238,-31.04926447247729
1593046056447.0,37.49524831498976,-122.229097427265,-31.177827380560466
1593046057447.0,37.49536910049631,-122.22951516611933,-31.13082410430646
1593046058447.0,37.495485686164834,-122.22993161048137,-30.353413694256528
1593046059447.0,37.49560157216693,-122.23034472688782,-30.534901173383147
1593046060447.0,37.49571397911941,-122.2307553121279,-30.12650962190487
1593046061447.0,37.49582826288991,-122.23115998876018,-30.006806238626126
1593046062447.0,37.49593907615296,-122.23156077946852,-29.719881761316724
1593046063447.0,37.49605313593313,-122.2319585499525,-30.24940461306891
1593046064447.0,37.49616585005402,-122.23236217365938,-30.702136718315497
1593046065447.0,37.49627997564926,-122.23276355255709,-30.32670912448569
1593046066447.0,37.496394361891255,-122.23316577354845,-30.67284291650826
1593046067447.0,37.49651090211963,-122.23356044202373,-31.735063690993705
1593046068447.0,37.49662591324913,-122.23396445705912,-30.624496841689943
1593046069447.0,37.49674279227957,-122.23435769798527,-31.346058485608978
1593046070447.0,37.49685522677097,-122.23475502750651,-31.501868078406137
1593046071447.0,37.496978551303236,-122.23513968317222,-31.788283752334948
1593046072447.0,37.4971124929895,-122.23551242088992,-32.08464701856905
1593046073447.0,37.49725546047535,-122.23588444759571,-31.501335533425188
1593046074447.0,37.4974018177919,-122.2362514922494,-31.606666466455145
1593046075447.0,37.497553558185984,-122.2366031356825,-31.55515912031189
1593046076447.0,37.49770937984197,-122.23694854210176,-32.05328683022634
1593046077447.0,37.49787105936387,-122.237291367821,-31.918088836357803
1593046078447.0,37.49803904890833,-122.23761227711348,-32.54868504942582
1593046079447.0,37.498212101513126,-122.23792858953578,-32.73315879272118
1593046080447.0,37.49839159411328,-122.23822093052759,-34.10493244173231
1593046081447.0,37.498564963880966,-122.23850120806298,-33.20593765661481
1593046082447.0,37.4987359228968,-122.23876326576669,-33.01054738306559
1593046083447.0,37.4989048778028,-122.23900550475936,-32.30456652722783
1593046084447.0,37.499075179256856,-122.23923507273642,-30.960892493391043
1593046085447.0,37.49924658899013,-122.23945308676969,-30.51199051090699
1593046086447.0,37.499420105212394,-122.23966640889444,-29.39642139407119
1593046087447.0,37.49959900884884,-122.23987601584666,-30.147968506057744
1593046088447.0,37.49977319084645,-122.24008013750132,-29.904577319664288
1593046089447.0,37.49995271370178,-122.24028691607614,-29.339644282768877
1593046090447.0,37.500134389914564,-122.24048643630144,-29.835842333118393
1593046091447.0,37.500310372324535,-122.24069094922898,-29.49259548549752
1593046092447.0,37.500489565992346,-122.24088652441337,-29.895415136788493
1593046093447.0,37.500666115451686,-122.24108777228595,-30.325588566159038
1593046094447.0,37.50084678348282,-122.24130127848167,-30.663256607588668
1593046095447.0,37.501034454991434,-122.24150945461803,-29.83310201033698
1593046096447.0,37.50122392058517,-122.24173016019199,-29.712903305914143
1593046097447.0,37.50141874592607,-122.24194912027438,-29.254875183861387
1593046098447.0,37.50161172053564,-122.2421674440915,-29.398311615781726
1593046099447.0,37.501806833900446,-122.24239371704242,-29.387981110705862
1593046100447.0,37.502008992682306,-122.24262597953515,-29.15251104092126
1593046101447.0,37.502215063683494,-122.24285892811471,-29.517354860902042
1593046102447.0,37.50242395442369,-122.24310288950146,-29.612617750795422
1593046103447.0,37.502633359417274,-122.24335215465918,-29.912490955533503
1593046104447.0,37.502844169588,-122.24360828088244,-29.71398918632417
1593046105447.0,37.50306575108556,-122.2438691477144,-29.14190656014638
1593046106447.0,37.503293536924936,-122.24413588792682,-29.388042028111478
1593046107447.0,37.503528338192304,-122.2444012938417,-29.673456470012383
1593046108447.0,37.503769628577864,-122.24467288990229,-29.841646519383005
1593046109447.0,37.50401201112074,-122.24494315656291,-29.317728107966808
1593046110447.0,37.50425787362015,-122.24521635379004,-29.86030192287466
1593046111447.0,37.5045064060963,-122.24549439756784,-30.052706298704166
1593046112447.0,37.504756200535176,-122.24577085108582,-30.325037763368332
1593046113447.0,37.50500774434617,-122.24605055041602,-30.06517709564776
1593046114447.0,37.50526085067226,-122.24631804321784,-29.750418891869757
1593046115447.0,37.50551398043558,-122.24658959602912,-29.478087118533512
1593046116447.0,37.50575938043539,-122.24685810534987,-28.377482581748826
1593046117447.0,37.505999777312276,-122.24712292331952,-27.60002586365375
1593046118447.0,37.50623517396828,-122.24738891418943,-27.39114655755111
1593046119447.0,37.506464096072015,-122.24764310346664,-27.462750723927172
1593046120447.0,37.506697335823176,-122.24789098158152,-27.784628627421025
1593046121447.0,37.50692848700288,-122.24813864841683,-28.243224331466255
1593046122447.0,37.50715144253057,-122.24838567951315,-28.098369324000164
1593046123447.0,37.50736499146488,-122.24863171642114,-27.791091650376387
1593046124447.0,37.50757789540233,-122.24887480915301,-27.667596190471826
1593046125447.0,37.50779042476806,-122.24911647954988,-27.51966134136006
1593046126447.0,37.508002195089965,-122.24936024405469,-27.351108109318186
1593046127447.0,37.508216077400775,-122.24960310550061,-27.535307028185024
1593046128447.0,37.50843030881031,-122.2498449408627,-27.492194694868438
1593046129447.0,37.50864907139884,-122.25008563843659,-28.621352748171446
1593046130447.0,37.50886413867836,-122.25032992472646,-28.620373366124415
1593046131447.0,37.50907600042693,-122.25056562292033,-28.68964684795122
1593046132447.0,37.50928456393233,-122.25079537721591,-29.683641377886712
1593046133447.0,37.509491552297106,-122.25103315277845,-29.1708204324726
1593046134447.0,37.509699074243706,-122.251265019837,-28.746920939881274
1593046135447.0,37.509902167248136,-122.25150091317941,-28.07759068414899
1593046136447.0,37.510106868615686,-122.25173459649666,-28.393375490928015
1593046137447.0,37.510315459688606,-122.25196637016604,-28.47107578169828
1593046138447.0,37.5105202098029,-122.25219915361521,-28.52217219585096
1593046139447.0,37.510724230749894,-122.25243192597209,-28.50223449638036
1593046140447.0,37.51092632470594,-122.25266859103061,-28.09085759457015
1593046141447.0,37.511129011818944,-122.25290384980781,-28.167624416124784
1593046142447.0,37.51133425358912,-122.25313643191552,-28.27365920990952
1593046143447.0,37.511542031401234,-122.25336510263735,-28.45297102523219
1593046144447.0,37.511747230624906,-122.25360038498056,-28.144111813472033
1593046145447.0,37.51195151868652,-122.25383457652367,-28.243051432310057
1593046146447.0,37.51215672799102,-122.25406320280825,-28.827356419477127
1593046147447.0,37.51235656150478,-122.25429155600767,-28.652808723599417
1593046148447.0,37.51255548733285,-122.25452301260377,-28.736669747621146
1593046149447.0,37.512749137410296,-122.25474707047786,-28.179947874712987
1593046150447.0,37.51294285303125,-122.25496693360523,-28.078672671988674
1593046151447.0,37.513133106436655,-122.25518199821114,-28.010816192038025
1593046152447.0,37.51332268639367,-122.2553976305545,-28.24615951971046
1593046153447.0,37.51351168561929,-122.25561243851924,-28.430016146995793
1593046154447.0,37.51369962807811,-122.25582120736074,-28.745850602790963
1593046155447.0,37.51388276286458,-122.2560316551972,-28.460074857716656
1593046156447.0,37.514067943787666,-122.256235632595,-30.339554070150026
1593046157447.0,37.5142449237671,-122.25643199495741,-30.104960268678713
1593046158447.0,37.514425268424596,-122.2566322277127,-29.89927057853286
1593046159447.0,37.514605549393615,-122.25683578420266,-29.639075835451195
1593046160447.0,37.5147838687499,-122.25704591076672,-29.345811504536243
1593046161447.0,37.51496681918182,-122.25725791444796,-29.59756740126724
1593046162447.0,37.51515631894281,-122.25746938065036,-29.38735929736455
1593046163447.0,37.5153496057268,-122.25768851221224,-29.410484044338887
1593046164447.0,37.51554230347281,-122.25789627505058,-29.365450082384985
1593046165447.0,37.51573307691879,-122.25811998132215,-28.775314470974674
1593046166447.0,37.51592565195724,-122.25833945346395,-28.6971800682413
1593046167447.0,37.51611377364836,-122.25854890782398,-28.943496455407534
1593046168447.0,37.51629973060641,-122.2587605650472,-29.192791087250136
1593046169447.0,37.5164828309225,-122.25896821303607,-28.869003497509162
1593046170447.0,37.5166652258665,-122.25917202009867,-28.8873497089814
1593046171447.0,37.51684330458529,-122.2593761779625,-28.754501760614513
1593046172447.0,37.51702002639848,-122.25957934425615,-28.310463780978587
1593046173447.0,37.51719237447687,-122.25977339655132,-27.998167853248738
1593046174447.0,37.51736741066624,-122.2599660963671,-28.12580365086935
1593046175447.0,37.51753662116678,-122.2601619881856,-28.234044325063312
1593046176447.0,37.517708337581325,-122.26035334602331,-28.56005241615557
1593046177447.0,37.51787553432592,-122.26054255098308,-28.899617884569373
1593046178447.0,37.518040534344664,-122.26073059211197,-29.040631293830614
1593046179447.0,37.518204154622836,-122.2609143192209,-28.903225442030994
1593046180447.0,37.51836436608697,-122.26109751463315,-28.571168796726685
1593046181447.0,37.518521662183055,-122.26127784364476,-28.78100432090551
1593046182447.0,37.51867577127652,-122.26144476200929,-28.33554340687243
1593046183447.0,37.51882030617247,-122.26160521008381,-28.261662666959225
1593046184447.0,37.5189588774517,-122.26176401585425,-28.518970423431725
1593046185447.0,37.51909415751394,-122.26191797579952,-28.594494999143507
1593046186447.0,37.51922731483586,-122.26207249394083,-28.509051920555986
1593046187447.0,37.51936052833976,-122.2622219782516,-28.93169175684087
1593046188447.0,37.51949204670377,-122.26237791836961,-28.416748272178378
1593046189447.0,37.519631257061114,-122.26254665855694,-28.879913648675895
1593046190447.0,37.51977260411115,-122.2627130924519,-28.812186106439935
1593046191447.0,37.51991943691039,-122.2628761900251,-27.896639842503948
1593046192447.0,37.52006965999567,-122.26303546177483,-26.389880298894028
1593046193447.0,37.520212663294686,-122.26319622809304,-27.483081387694973
1593046194447.0,37.52035566037169,-122.26335492704936,-28.46419920795436
1593046195447.0,37.520508719408674,-122.26351711015091,-29.80309010421418
1593046196447.0,37.520669153505224,-122.26369038649193,-31.197613125853803
1593046197447.0,37.5208357033008,-122.26388013129976,-31.273679032218812
1593046198447.0,37.521007649363376,-122.26407217003252,-31.098252038939346
1593046199447.0,37.52118061228625,-122.26426757901518,-31.134709104049147
1593046200447.0,37.52135087974295,-122.26446110520855,-30.368212001665977
1593046201447.0,37.52151411545305,-122.26464892198989,-29.510599346111455
1593046202447.0,37.52168189005819,-122.2648452828965,-28.30179996119347
1593046203447.0,37.521837423817175,-122.26502663635416,-28.055437378554775
1593046204447.0,37.52198852871438,-122.26519758224781,-28.30059835089525
1593046205447.0,37.52213647928369,-122.26536297632089,-28.51622462291759
1593046206447.0,37.52228214713418,-122.26552380012232,-28.135125786607972
1593046207447.0,37.52242527538946,-122.26568731159306,-27.565535913830868
1593046208447.0,37.52256874929914,-122.26585431808253,-27.857697298529597
1593046209447.0,37.52271244173856,-122.26602244658423,-28.447639829605194
1593046210447.0,37.522859880386044,-122.2661922718921,-29.651869634884672
1593046211447.0,37.52301330281936,-122.26636649567655,-29.937184434700715
1593046212447.0,37.52317275772653,-122.26654465475683,-30.498186750754222
1593046213447.0,37.52333241271592,-122.26672582071586,-30.695149168923383
1593046214447.0,37.52349425694217,-122.26690812351174,-30.67133250672038
1593046215447.0,37.52365112512997,-122.26709053025733,-29.93172054685869
1593046216447.0,37.52381070999921,-122.26727030513302,-29.517423022591533
1593046217447.0,37.523971631859844,-122.26745374913595,-29.604617513597457
1593046218447.0,37.524133365639514,-122.26763981661094,-29.558686634715375
1593046219447.0,37.52429878673434,-122.26782631487438,-29.134996053355906
1593046220447.0,37.52446976356136,-122.26801634678554,-29.77489952691003
1593046221447.0,37.52464657830801,-122.2682083808559,-30.42593566490234
1593046222447.0,37.52482242142215,-122.26841064148007,-30.029523902070412
1593046223447.0,37.525001949016534,-122.26861188760623,-30.142505441220486
1593046224447.0,37.52517966627855,-122.26881858519818,-29.38668356968956
1593046225447.0,37.525359151224635,-122.26901998207258,-29.154659097146723
1593046226447.0,37.525537329832716,-122.26922667207731,-29.267447921309778
1593046227447.0,37.52571776820332,-122.26943004218852,-29.100692298750875
1593046228447.0,37.52590005500299,-122.26963473007946,-29.053001013945277
1593046229447.0,37.526088270826385,-122.26984456803116,-28.86607527145511
1593046230447.0,37.52627023922316,-122.27005879096421,-29.55774796986729
1593046231447.0,37.52645772156105,-122.27026143755816,-28.961614018924983
1593046232447.0,37.52664607766119,-122.27046476611378,-29.016977388646342
1593046233447.0,37.526834911371935,-122.27066495061622,-29.114387554784372
1593046234447.0,37.52702011912237,-122.27086996318427,-29.170773031826403
1593046235447.0,37.52720277252668,-122.271077910561,-28.922206995279907
1593046236447.0,37.52738561670337,-122.27128167361012,-28.59005852183201
1593046237447.0,37.52756815181116,-122.27149050880337,-27.970724376084046
1593046238447.0,37.52775137178176,-122.27169974583748,-28.587347565575744
1593046239447.0,37.527935769073395,-122.27190596943126,-28.424076012600207
1593046240447.0,37.52812122732888,-122.27212010184725,-29.05846913033681
1593046241447.0,37.52830898777313,-122.27232923975065,-28.80100187410772
1593046242447.0,37.52849716265562,-122.27254178595115,-28.604749554103165
1593046243447.0,37.52868666898516,-122.27275946327674,-28.82933419746989
1593046244447.0,37.52887844447415,-122.27297512050917,-29.379338654971804
1593046245447.0,37.52906906472618,-122.27319495421868,-29.149630547965245
1593046246447.0,37.52925985165995,-122.2734160247321,-28.94328530161065
1593046247447.0,37.52945122225167,-122.27363085459358,-28.849329892565798
1593046248447.0,37.529645729456306,-122.27384540105415,-28.89111344355966
1593046249447.0,37.52985090521134,-122.27405835557066,-29.17482332203205
1593046250447.0,37.53006110119855,-122.27428021099747,-29.166310409590352
1593046251447.0,37.530275596210345,-122.27451165757124,-29.53897627798659
1593046252447.0,37.5304987141943,-122.27474605627599,-30.154524143394067
1593046253447.0,37.53073083184697,-122.27499258029782,-31.114340074786206
1593046254447.0,37.530977688458044,-122.27523478025681,-31.890928766783496
1593046255447.0,37.53123325483058,-122.27548357171129,-32.45973251650981
1593046256447.0,37.53149675029344,-122.2757376794098,-32.272389529077955
1593046257447.0,37.53176570291779,-122.27600948376883,-31.684977993521205
1593046258447.0,37.532047687659585,-122.27626334717098,-32.07097579355933
1593046259447.0,37.532329892468574,-122.27652082048324,-31.97854014772599
1593046260447.0,37.53260353902358,-122.27677893210642,-31.982009223848102
1593046261447.0,37.532875567232956,-122.27703722624052,-31.279699066496555
1593046262447.0,37.53315094656777,-122.2772846165601,-30.96337793309718
1593046263447.0,37.533428552361585,-122.27754101809745,-30.83957274609905
1593046264447.0,37.53370589257635,-122.27779314768837,-30.55779819125603
1593046265447.0,37.533977531189514,-122.27804520612646,-29.70092211774577
1593046266447.0,37.5342424325144,-122.27828122282374,-29.2486696968022
1593046267447.0,37.53449923695563,-122.27851244955059,-28.72557775605787
1593046268447.0,37.53474693763003,-122.27874355522009,-28.05497385003371
1593046269447.0,37.53498967546767,-122.27897805728625,-27.78359552587401
1593046270447.0,37.53523623851257,-122.27920872060159,-28.94441014771544
1593046271447.0,37.535489402000664,-122.27944591584811,-29.31205795336699
1593046272447.0,37.53574854349545,-122.27968853292711,-29.50809050286159
1593046273447.0,37.53601852841421,-122.27993244630122,-29.823503449963084
1593046274447.0,37.53628336132553,-122.28018353439704,-29.926733763899744
1593046275447.0,37.53655088406812,-122.28043488918522,-30.525553652221085
1593046276447.0,37.53682500575256,-122.28068890489877,-30.943243220484447
1593046277447.0,37.537096789162625,-122.28094274067998,-30.653549229361236
1593046278447.0,37.537368299846655,-122.28119491349847,-30.419970701598086
1593046279447.0,37.53764491550289,-122.2814414792999,-31.289282387083357
1593046280447.0,37.53791686488878,-122.28169209263595,-30.721427564039793
1593046281447.0,37.538190325695595,-122.28194058951819,-30.829893428772145
1593046282447.0,37.538462652399694,-122.28220275643827,-29.98907696284896
1593046283447.0,37.538730842025466,-122.28245188836378,-30.142616186646688
1593046284447.0,37.538997593553624,-122.2827062642023,-29.83385842227466
1593046285447.0,37.539266566966425,-122.28295727437107,-29.9400806909455
1593046286447.0,37.53953518409509,-122.28320272804942,-30.082700469568273
1593046287447.0,37.53980035357704,-122.28344859224543,-30.187713556493684
1593046288447.0,37.54006311173693,-122.28369211644781,-30.144022416685377
1593046289447.0,37.54031970495293,-122.28393455449005,-30.184460135732373
1593046290447.0,37.54056938491011,-122.28417639733448,-30.141960037383626
1593046291447.0,37.540817829289196,-122.28442260525584,-29.554047163163084
1593046292447.0,37.54106493192506,-122.2846542772828,-29.260276974945384
1593046293447.0,37.54131313987212,-122.28489265159185,-29.37984571444101
1593046294447.0,37.54155648881202,-122.28512008052115,-29.332507729899774
1593046295447.0,37.54179630015871,-122.28534412917554,-28.92563891580397
1593046296447.0,37.542030873234374,-122.2855619323345,-29.005379725705097
1593046297447.0,37.542266610653606,-122.28578103061382,-29.284353603549505
1593046298447.0,37.5424964870482,-122.28599956550222,-29.176099062532565
1593046299447.0,37.54272801843643,-122.28620695001892,-29.504779643694683
1593046300447.0,37.54295600575902,-122.28641232373178,-29.4335263488606
1593046301447.0,37.54317371294729,-122.2866218267931,-29.565737702720824
1593046302447.0,37.54339133552692,-122.28682869649535,-29.093811013198632
1593046303447.0,37.54360325416684,-122.28703685070742,-29.250293992822048
1593046304447.0,37.54381619481155,-122.28723304477992,-29.433288188948374
1593046305447.0,37.54402998307336,-122.28742598566326,-29.53760362456547
1593046306447.0,37.54423652636605,-122.2876177168799,-29.421890324015372
1593046307447.0,37.54443941172143,-122.28779835028074,-29.22278919386311
1593046308447.0,37.54464087004079,-122.28795525394577,-31.402887486940376
1593046309447.0,37.544824470236975,-122.28814157984121,-30.934402525439918
1593046310447.0,37.54501097281299,-122.28832209467191,-30.76879109066966
1593046311447.0,37.545197329716416,-122.28850086458058,-30.62051651171302
1593046312447.0,37.54538018215756,-122.28867381254986,-30.50327026626945
1593046313447.0,37.545563434464846,-122.28884182278914,-30.26243452606429
1593046314447.0,37.54574068429009,-122.28900040809144,-30.061341652214107
1593046315447.0,37.545914502329936,-122.28916309879658,-30.240574238997763
1593046316447.0,37.54608394948586,-122.28932955015985,-30.03739603555356
1593046317447.0,37.54625413491554,-122.2894901358721,-29.51058194752503
1593046318447.0,37.546421841153666,-122.28966078044006,-28.785199164975392
1593046319447.0,37.546591255719925,-122.28981417502492,-29.091151729813134
1593046320447.0,37.546760753579136,-122.28996676382845,-29.239042058267856
1593046321447.0,37.546930539404556,-122.29013577613985,-29.315783673620533
1593046322447.0,37.54710009546172,-122.29028938420969,-30.055350820336884
1593046323447.0,37.54727123820983,-122.29044097173366,-30.317953896432268
1593046324447.0,37.547442813859654,-122.29060379758685,-30.027687751554343
1593046325447.0,37.54761715791267,-122.29077339484877,-30.023002063379316
1593046326447.0,37.54779870950564,-122.2909359375915,-30.672420016333877
1593046327447.0,37.54798682427266,-122.2911121867084,-30.633509162371112
1593046328447.0,37.54818738179125,-122.2912909812747,-32.036414335476564
1593046329447.0,37.54839601137927,-122.29148797304465,-32.33222068561285
1593046330447.0,37.548610994695835,-122.29168747335872,-32.75858545413939
1593046331447.0,37.54883319832874,-122.29188758552122,-32.67192210250118
1593046332447.0,37.54906210876111,-122.2920907851462,-32.48342084679797
1593046333447.0,37.5492937724372,-122.29229928692494,-32.5843172617941
1593046334447.0,37.54952754865092,-122.29251253899892,-32.29821082549051
1593046335447.0,37.54976088028743,-122.29273610702595,-31.31724309860075
1593046336447.0,37.54999376557356,-122.29295275689094,-31.21342376801002
1593046337447.0,37.5502268239803,-122.29316867956598,-31.08756838912406
1593046338447.0,37.55046372288949,-122.2933844956387,-31.302116144309334
1593046339447.0,37.55069859375121,-122.29360181552158,-30.584620064411897
1593046340447.0,37.5509302212308,-122.29380932280395,-30.42634418608339
1593046341447.0,37.55116298390115,-122.2940272384068,-29.82587656261051
1593046342447.0,37.55139440157628,-122.29424776110206,-29.76711631811749
1593046343447.0,37.55162887451416,-122.29446571257468,-30.13958272999051
1593046344447.0,37.55186046396204,-122.29468869624758,-29.967618284089465
1593046345447.0,37.55209537657289,-122.2949083348087,-29.701606142126874
1593046346447.0,37.55232459228364,-122.29513317555939,-29.428966784728186
1593046347447.0,37.55255706716033,-122.2953361085159,-29.506810803602054
1593046348447.0,37.55278523137405,-122.29554699040139,-29.24418015755352
1593046349447.0,37.55300713653057,-122.29576391716036,-30.706632029932567
1593046350447.0,37.55323293274809,-122.29598657511228,-31.82894627842416
1593046351447.0,37.55344914844284,-122.29619888872762,-32.16019167471247
1593046352447.0,37.55368120337568,-122.29641168721109,-31.29163065177337
1593046353447.0,37.55391910180492,-122.29663298168941,-30.764332683366874
1593046354447.0,37.55415270033609,-122.29684846928956,-31.04917088751947
1593046355447.0,37.554386100606564,-122.29706627780598,-30.980120051759403
1593046356447.0,37.55462145057458,-122.29728230949885,-30.926927067413157
1593046357447.0,37.554855057029805,-122.29749668465745,-30.86501444746458
1593046358447.0,37.55508844742146,-122.2977164230539,-30.799897016630787
1593046359447.0,37.555321351519275,-122.29792379191593,-30.870933083484456
1593046360447.0,37.555549719291506,-122.29814112210626,-30.6103104698318
1593046361447.0,37.555776785599406,-122.2983506784749,-30.921508436902126
1593046362447.0,37.556001517077796,-122.29856656856415,-30.87259539765979
1593046363447.0,37.55622521771998,-122.2987732281716,-30.563483657452093
1593046364447.0,37.5564510299401,-122.29897520396993,-30.44486313715623
1593046365447.0,37.5566743380023,-122.29917798277916,-31.297244583638594
1593046366447.0,37.5568956112908,-122.29938457820536,-31.572917778000452
1593046367447.0,37.557119511577255,-122.29959979635144,-31.101969243239864
1593046368447.0,37.55734455687905,-122.29981103922307,-30.641799060961397
1593046369447.0,37.557570436115824,-122.30001971599863,-30.142940991510123
1593046370447.0,37.55779920985924,-122.3002291364542,-31.066267205144896
1593046371447.0,37.558032662063894,-122.30044321461082,-31.37760855222129
1593046372447.0,37.558271863156826,-122.30064822829544,-31.970851202574067
1593046373447.0,37.55851113025328,-122.30086014452336,-32.15610613313092
1593046374447.0,37.55874129851931,-122.301078208753,-31.46799497304693
1593046375447.0,37.558971102120864,-122.3012889430564,-30.957601542520635
1593046376447.0,37.5592014450128,-122.30149771675221,-30.278987555244473
1593046377447.0,37.55942827139983,-122.30170087543463,-30.1334606055375
1593046378447.0,37.559655750529615,-122.30190155634953,-29.5463919546881
1593046379447.0,37.55987352473762,-122.3021048583223,-29.391879892379503
1593046380447.0,37.56008318747155,-122.30231396202225,-30.33443777858808
1593046381447.0,37.56029675856912,-122.3025244138732,-30.98153835907743
1593046382447.0,37.5605138426464,-122.30274664872877,-31.01479084225957
1593046383447.0,37.56072886382012,-122.30296006027773,-31.774720993046746
1593046384447.0,37.56093521868809,-122.30317723514224,-31.313898965876877
1593046385447.0,37.56114268290329,-122.30339187211631,-32.069426242821564
1593046386447.0,37.561349707304494,-122.30361433438206,-32.28264795675882
1593046387447.0,37.56155842564556,-122.30383755589875,-32.83377738350613
1593046388447.0,37.561766288548526,-122.30407042317299,-32.80318130787761
1593046389447.0,37.56197187742513,-122.30430470037271,-32.57640212817845
1593046390447.0,37.56217889448735,-122.30453455032603,-32.2664781826137
1593046391447.0,37.56238680442784,-122.30476476126121,-31.765191771198484
1593046392447.0,37.562590518597254,-122.30500416833016,-31.508721634924598
1593046393447.0,37.562798730161816,-122.30524320372864,-31.333162117778997
1593046394447.0,37.563009891599584,-122.30548830434908,-31.73934254412336
1593046395447.0,37.56323184162418,-122.30573088080102,-32.286309745887586
1593046396447.0,37.56345892290625,-122.30598418291503,-31.891325776543095
1593046397447.0,37.563692922040566,-122.30622923260249,-32.22330126299788
1593046398447.0,37.563929901772674,-122.30647208233512,-33.019263919276966
1593046399447.0,37.56417024295601,-122.30671583144591,-32.86383665593101
1593046400447.0,37.56441031473311,-122.30695954461598,-32.9025539192894
1593046401447.0,37.564645547420994,-122.30720734130512,-32.6159899910483
1593046402447.0,37.5648723836014,-122.30746057728801,-31.1781179309335
1593046403447.0,37.56509601194814,-122.30770119424558,-30.946485093088246
1593046404447.0,37.56532066150941,-122.30794644569815,-31.275920169449694
1593046405447.0,37.56554789567492,-122.30818910377366,-31.125562993526895
1593046406447.0,37.56577849934881,-122.30843338018471,-31.297879088743453
1593046407447.0,37.56601686199699,-122.30868203130737,-31.679621516962886
1593046408447.0,37.56625643407782,-122.30892541815024,-32.22348070665759
1593046409447.0,37.566493192693294,-122.30918037583965,-31.840274029687738
1593046410447.0,37.566731979256296,-122.3094358906645,-31.82100300026875
1593046411447.0,37.566971816262665,-122.30969495453478,-31.97173040428195
1593046412447.0,37.567210549002226,-122.30995538895701,-31.766768494091117
1593046413447.0,37.56745209049493,-122.31021329899606,-32.04239695686607
1593046414447.0,37.56769123768702,-122.31046762446007,-32.21989586801497
1593046415447.0,37.567931557681284,-122.31072331575179,-31.81937535921743
1593046416447.0,37.56816560621728,-122.3109765156626,-31.697483526482372
1593046417447.0,37.56839802108369,-122.31123109706563,-30.951376048324857
1593046418447.0,37.568629755868834,-122.31147314558892,-30.955198228384575
1593046419447.0,37.568852309948745,-122.31172575097753,-30.652070564354624
1593046420447.0,37.569073601150144,-122.3119776396093,-30.583576339654286
1593046421447.0,37.56928410617941,-122.31222779265374,-30.673324685921774
1593046422447.0,37.56949430492722,-122.31247236882118,-30.37508204815993
1593046423447.0,37.56970527786691,-122.31271052620453,-29.86908426323018
1593046424447.0,37.569911216069436,-122.3129383324495,-29.007586209400536
1593046425447.0,37.57011032936596,-122.31316627600106,-28.9324516704631
1593046426447.0,37.57030967847788,-122.3133962378649,-29.110215316606322
1593046427447.0,37.5705067338361,-122.31362143245991,-29.875215373457788
1593046428447.0,37.57071364677542,-122.31385992767883,-30.740359906276176
1593046429447.0,37.57092774694844,-122.31411920108879,-31.693969928474516
1593046430447.0,37.57115316039776,-122.3143584194269,-31.94767594761486
1593046431447.0,37.571387466412595,-122.31460419657427,-32.745082875692475
1593046432447.0,37.57162278320401,-122.31485360576308,-32.851009849564555
1593046433447.0,37.57186309971517,-122.31510433078459,-32.76468468289125
1593046434447.0,37.57210406689376,-122.31536081201398,-32.34472405363267
1593046435447.0,37.57234346320379,-122.31562126847102,-32.02645113980555
1593046436447.0,37.57258349415451,-122.31588665688852,-31.258604911647407
1593046437447.0,37.57281689897652,-122.31614952982734,-31.566526133307377
1593046438447.0,37.573057617296406,-122.31640856732538,-31.285544043417215
1593046439447.0,37.57329619358137,-122.31666464733732,-30.608509190845172
1593046440447.0,37.573530547867186,-122.3169171337454,-30.63062664257288
1593046441447.0,37.57376080605241,-122.31717192342806,-30.04746540616164
1593046442447.0,37.57398971160279,-122.31742284870788,-30.0301379890064
1593046443447.0,37.57421683111036,-122.31767364165717,-29.858334258295674
1593046444447.0,37.57444050241687,-122.31791983591978,-29.90475912602907
1593046445447.0,37.57466586468977,-122.31816276374501,-30.000750247472556
1593046446447.0,37.57489060217018,-122.31840883643807,-30.481648879222252
1593046447447.0,37.57511884116262,-122.31865930425118,-31.153710047710128
1593046448447.0,37.575346269174496,-122.3189133653259,-31.972192736872024
1593046449447.0,37.575575464667445,-122.31916462645856,-31.90972248550307
1593046450447.0,37.57580752559231,-122.3194128111687,-32.507807757045924
1593046451447.0,37.576039561153664,-122.31966454770418,-32.35720946830185
1593046452447.0,37.57627692633084,-122.31991241127581,-31.77220283069028
1593046453447.0,37.576505383481766,-122.3201676739595,-31.274886538635585
1593046454447.0,37.57673746652639,-122.32041953859839,-31.265205925307935
1593046455447.0,37.57696935176848,-122.32066589368242,-31.97463566037739
1593046456447.0,37.577204500949634,-122.32091729091556,-32.29569884280621
1593046457447.0,37.57744437398702,-122.32116454812723,-32.05800131921409
1593046458447.0,37.57768622049949,-122.32140725299784,-32.45502793271593
1593046459447.0,37.577926235001364,-122.32165648385612,-32.07424315306591
1593046460447.0,37.57816234228995,-122.32190680999108,-31.72671960805853
1593046461447.0,37.578396379614716,-122.32215764462913,-31.316088316681096
1593046462447.0,37.57863061875997,-122.32240994156302,-31.749673565222967
1593046463447.0,37.57886488148987,-122.32266723768473,-30.982138564489325
1593046464447.0,37.57909652830842,-122.32292515468995,-31.94023873828725
1593046465447.0,37.57932914364019,-122.32317677372487,-32.06478055628657
1593046466447.0,37.57955831740506,-122.32342004436262,-31.869238709513123
1593046467447.0,37.57978136304,-122.32365751297378,-32.34450717869593
1593046468447.0,37.58000239470452,-122.32389139716453,-31.728070178627974
1593046469447.0,37.58021618814413,-122.32412305513272,-30.843005550514945
1593046470447.0,37.5804337074571,-122.32434521156279,-30.731381485705423
1593046471447.0,37.58065474803827,-122.32457057231687,-32.135213932198496
1593046472447.0,37.580875032855886,-122.3248046401027,-32.480182438132864
1593046473447.0,37.58110208633504,-122.32504688200645,-32.94013624891428
1593046474447.0,37.58132961251806,-122.32529711053476,-33.5195922184504
1593046475447.0,37.581560540401526,-122.32554998475902,-33.48135490807933
1593046476447.0,37.58179266316521,-122.32580031219132,-33.484984974508
1593046477447.0,37.58202599713517,-122.32605285894427,-33.45776885413432
1593046478447.0,37.582254398252886,-122.32630671077848,-32.5791853234358
1593046479447.0,37.58248639189424,-122.32655768036636,-31.743506202435558
1593046480447.0,37.58271348836464,-122.32680990570938,-31.12915833134038
1593046481447.0,37.58293620447973,-122.32704915280762,-31.636661779450865
1593046482447.0,37.58315714995858,-122.32728252294554,-31.103025743623082
1593046483447.0,37.583369878575446,-122.32751515452969,-30.65605792602299
1593046484447.0,37.5835798694004,-122.32773910635768,-30.299768059471774
1593046485447.0,37.58378561734006,-122.32796170366007,-30.197528777313526
1593046486447.0,37.58398789918771,-122.32818244895617,-29.8863101707923
1593046487447.0,37.584180598231846,-122.32838987614126,-29.629408994479277
1593046488447.0,37.584355161914,-122.32858602014042,-30.287444705663148
1593046489447.0,37.58454103347395,-122.32874847760819,-29.127393167179967
1593046490447.0,37.58470718098515,-122.32890221320048,-29.256961332216335
1593046491447.0,37.58485623903594,-122.32904089880736,-29.528349461814685
1593046492447.0,37.585008700518166,-122.32916766633986,-30.652701358671372
1593046493447.0,37.58515634678058,-122.32928406852817,-32.01513938168405
1593046494447.0,37.58529410056381,-122.32940197733375,-30.998319218232634
1593046495447.0,37.58542774849513,-122.3295087786888,-30.577627693384397
1593046496447.0,37.58555147468848,-122.32959833389134,-30.221240303980192
1593046497447.0,37.58566178737297,-122.32967574239746,-29.619918085578153
1593046498447.0,37.58576030052174,-122.32973148398669,-29.676095156086753
1593046499447.0,37.58584373848119,-122.32977292924674,-29.147079228432645
1593046500447.0,37.585914472900996,-122.32979816062443,-28.826358224170097
1593046501447.0,37.58596693549445,-122.32980000335598,-29.310337181050713
1593046502447.0,37.586004386472766,-122.32980293043784,-29.670069069796178
1593046503447.0,37.58602846721282,-122.32981506316099,-29.32320452168116
1593046504447.0,37.58604942640807,-122.32982914225437,-29.306747725113258
1593046505447.0,37.586074029533286,-122.32983158838948,-30.060679117509316
1593046506447.0,37.58610256508679,-122.32983568369123,-30.89716029312322
1593046507447.0,37.58612043572384,-122.329843611224,-30.338945630412756
1593046508447.0,37.58612530109697,-122.32984299626739,-29.703136947910433
1593046509447.0,37.586126898525144,-122.32984428368995,-29.347924754639646
1593046510447.0,37.586121189995936,-122.3298505009588,-28.38837068593837
1593046511447.0,37.58612935610362,-122.32984845627111,-27.62590977602241
1593046512447.0,37.58613804814911,-122.32985408375004,-27.312373842088974
1593046513447.0,37.58616565713628,-122.32985500456337,-27.834108102672097
1593046514447.0,37.5862090048995,-122.32984381673073,-28.477633489890824
1593046515447.0,37.58625652876299,-122.32984437251157,-29.296186446694104
1593046516447.0,37.58630130558535,-122.32987834013537,-29.76058975990866
1593046517447.0,37.586350012973504,-122.32994298152256,-30.657444768072864
1593046518447.0,37.58639599897574,-122.33004447509367,-31.738130809660714
1593046519447.0,37.58643686607651,-122.33018160878376,-31.650333597566608
1593046520447.0,37.58647953506542,-122.33033533604214,-30.606895030584166
1593046521447.0,37.586515230276845,-122.33049263968724,-29.400121272371884
1593046522447.0,37.58655105588572,-122.33064168551321,-28.379262950631258
1593046523447.0,37.58658090203756,-122.33077113515495,-26.996866362143027
1593046524447.0,37.58661817854882,-122.33087208994615,-26.203132431469022
1593046525447.0,37.58666184842333,-122.33094784453951,-26.850589765251623
1593046526447.0,37.58670932486406,-122.33100960176124,-27.013687689345414
1593046527447.0,37.58677404272265,-122.33103914441509,-26.419021254014776
1593046528447.0,37.586848282812106,-122.33104155131434,-28.01883397096483
1593046529447.0,37.586925346142706,-122.33103498724513,-29.051573253915187
1593046530447.0,37.586999382397295,-122.33102093243714,-29.07921046166693
1593046531447.0,37.587057606124525,-122.33099644072294,-28.391844806758257
1593046532447.0,37.587114809397875,-122.3309524621164,-28.978254043442625
1593046533447.0,37.58716653457694,-122.33092678234645,-28.394772545193753
1593046534447.0,37.58719964629151,-122.3309056487836,-30.2764216816512
1593046535447.0,37.587253113118315,-122.33089179786337,-28.85003763971106
1593046536447.0,37.58730256288903,-122.3308888635067,-28.0417382697819
1593046537447.0,37.587342383887176,-122.33090123492472,-27.28340779069816
1593046538447.0,37.587372510057904,-122.33092680796001,-26.618314763097224
1593046539447.0,37.587384825167206,-122.33098170770353,-25.674188708459592
1593046540447.0,37.58737741820602,-122.33103044595858,-24.737317142370866
1593046541447.0,37.58735229418743,-122.33105969835603,-24.85220914507352
1593046542447.0,37.58731673733427,-122.33106861494892,-25.34464133767784
1593046543447.0,37.58729619045101,-122.33107451179893,-25.018762704672113
1593046544447.0,37.58729609930539,-122.33107025185933,-24.30352833072598
1593046545447.0,37.58730509076255,-122.33106661220648,-23.981138068218904
1593046546447.0,37.587312990900905,-122.33105616781157,-24.240649863679625
1593046547447.0,37.5873217890031,-122.33105159614689,-24.246092931073893
1593046548447.0,37.58732653166804,-122.33104018690302,-23.302374757695876
1593046549447.0,37.58732532259179,-122.33103735654237,-21.290165136096547
1593046550447.0,37.58732253215966,-122.33103627201724,-19.71762499477293
1593046551447.0,37.587317643805505,-122.33103175873906,-18.552426459291333
1593046552447.0,37.58731144279813,-122.33103199533184,-17.26683993195601
